datetime,UPRO,TQQQ,URTY,TMF,CASH,SPY
2023-12-28 05:00:00,0.0010955411835322714,-0.0014957786071091506,-0.01146236397270229,0.011481251845334878,0.0001,0.0003777465320768947
2023-12-29 05:00:00,-0.00872258796355952,-0.013020922336841496,-0.04899868645425865,-0.0003218858535610124,0.0001,-0.0028949631836203693
2024-01-02 05:00:00,-0.01682674135309526,-0.05080444973131538,-0.01782455507155934,0.021377435975301548,0.0001,-0.005596347646798949
2024-01-03 05:00:00,-0.02453785709248236,-0.031782153068800174,-0.08002967916650783,0.04508451812346302,0.0001,-0.008166719559927982
2024-01-04 05:00:00,-0.009700873821730467,-0.015477158157131361,-0.005907935281905481,-0.002280823568452813,0.0001,-0.0032210584696773514
2024-01-05 05:00:00,0.004071187052119722,0.0035203918265267406,-0.008860317337473951,-0.007100650847720649,0.0001,0.0013696284882727117
2024-01-08 05:00:00,0.04279013540504816,0.06196608230563782,0.05398558748639592,0.02286811176771213,0.0001,0.014275944605915525
2024-01-09 05:00:00,-0.004588899424076594,0.005888959199352721,-0.026876513031719347,0.01996809988539821,0.0001,-0.001517067003792727
2024-01-10 05:00:00,0.016928622174792178,0.02029501877768957,0.0016548696747000701,-0.017248851436314525,0.0001,0.005655440195830197
2024-01-11 05:00:00,-0.001359672560759424,0.006204651648501473,-0.02356650710656761,0.013440878029630537,0.0001,-0.0004406580493536705
2024-01-12 05:00:00,0.0020406053555388423,0.0015013268712884486,-0.004997657079709901,-0.011892684914636102,0.0001,0.0006927679227457517
2024-01-16 05:00:00,-0.011051376351776894,-0.0003306957757224295,-0.03714373784756853,-0.007365980775262665,0.0001,-0.003671225979692827
2024-01-17 05:00:00,-0.01671384015990319,-0.0169599488522374,-0.02141686420603351,0.011600490160852522,0.0001,-0.005558713915734925
2024-01-18 05:00:00,0.026640825375651593,0.042544752902348375,0.017695043829226702,-0.055299463165963625,0.0001,0.008892841262783335
2024-01-19 05:00:00,0.037360777945671934,0.059455267518680126,0.02876607913189754,-0.054530748673996376,0.0001,0.012466158786123449
2024-01-22 05:00:00,0.006305190711112012,0.003879866523908364,0.06403754972948317,-0.01575816586337096,0.0001,0.002114296374603475
2024-01-23 05:00:00,0.008711913749883442,0.012411024703987465,-0.008738217391023435,-0.02741356511318379,0.0001,0.002916537387527285
2024-01-24 05:00:00,0.0032415987039948677,0.01661007716111817,-0.02468432799885934,0.0063509280231899565,0.0001,0.0010930990388977602
2024-01-25 05:00:00,0.016279077787882505,0.003625735351949537,0.024813093931404843,-0.02754670345096635,0.0001,0.005438925400193639
2024-01-26 05:00:00,-0.0038489395249247174,-0.017910338262587262,0.00011538624311601561,-0.03260460841102176,0.0001,-0.0012704137040754349
2024-01-29 05:00:00,0.023720533876339094,0.030683615383578104,0.052467659276861804,0.0268169351847002,0.0001,0.007919410763012502
2024-01-30 05:00:00,-0.0023582146257789052,-0.020007335222227647,-0.025613145983030557,-0.004649704505352651,0.0001,-0.0007735054043601641
2024-01-31 05:00:00,-0.04898960209784154,-0.05879622180794886,-0.07332685930491434,0.0187105892340563,0.0001,-0.016317301228381043
2024-02-01 05:00:00,0.03922671510618802,0.03528858405366563,0.03977980469804398,-0.047979755168987184,0.0001,0.01308813783962881
2024-02-02 05:00:00,0.03154447656686043,0.05066392290141963,-0.015848177332059905,-0.02416220059970394,0.0001,0.010527391659852947
2024-02-05 05:00:00,-0.010961133226089721,-0.003953691046902914,-0.038153021698537744,0.006442090369469775,0.0001,-0.003641144937797103
2024-02-06 05:00:00,0.008672077244595615,-0.0060594045627744356,0.02700200149352238,-0.03071552130644214,0.0001,0.0029032585524313426
2024-02-07 05:00:00,0.024983557508593927,0.03083299547630757,-0.007008318539718512,0.00021605889958984097,0.0001,0.00834041864043078
2024-02-08 05:00:00,0.0012873367208090446,0.005517985746657177,0.045454486661310904,-0.014922344823032896,0.0001,0.0004416783778358191
2024-02-09 05:00:00,0.017300558129282655,0.029491634520132363,0.048751493532241945,-0.013112293752985983,0.0001,0.0057794188473270225
2024-02-12 05:00:00,-0.0013545379976943673,-0.011775485851206698,0.05444208487214163,-0.014023318807010913,0.0001,-0.0004389465283319849
2024-02-13 05:00:00,-0.0413567131438255,-0.04682871233285269,-0.12346103305991929,0.058873077615855016,0.0001,-0.013773004910375697
2024-02-14 05:00:00,0.027225093038078844,0.032653936169030555,0.06964011876010878,-0.009909164369736424,0.0001,0.009087597150259086
2024-02-15 05:00:00,0.02066150129847543,0.008895407168760798,0.07996029284929151,-0.03267303616210643,0.0001,0.006899733237057948
2024-02-16 05:00:00,-0.01497763984812784,-0.027240754729008783,-0.04083206350759173,0.024926803424622872,0.0001,-0.004979980478476476
2024-02-20 05:00:00,-0.016553884274843174,-0.022682100019870262,-0.041394437478452624,-0.023562836515807834,0.0001,-0.005505395287381587
2024-02-21 05:00:00,0.0026799117008373605,-0.012042753172597072,-0.014217103078828848,0.004018308772122641,0.0001,0.0009058700378452578
2024-02-22 05:00:00,0.06204874393560544,0.08778918535412994,0.022696463454534126,-0.06880559176327493,0.0001,0.02069548078276795
2024-02-23 05:00:00,0.002031267104543037,-0.008871902991875465,0.006731254655893741,-0.032643857072850814,0.0001,0.0006896551724138167
2024-02-26 05:00:00,-0.01102519472066344,-0.0016174410749080282,0.018872702307697768,0.008527039400392756,0.0001,-0.003662498769321676
2024-02-27 05:00:00,0.005535534259883727,0.0071779698956282376,0.042467894428465096,0.015729312516232136,0.0001,0.0018577442241940467
2024-02-28 05:00:00,-0.004002742896157659,-0.016011190186007614,-0.024743580765639768,0.00545735034951606,0.0001,-0.0013216814944864153
2024-02-29 05:00:00,0.0107472737359997,0.025670482716256375,0.02086977489690977,-0.006593552997616081,0.0001,0.0035949907162327044
2024-03-01 05:00:00,0.028127157515502425,0.045133144411903185,0.03176910470908067,-0.01712744223726719,0.0001,0.00938828530940028
2024-03-04 05:00:00,-0.0032550134170860126,-0.010742126051216723,-0.002806167012435974,-0.034401721485536566,0.0001,-0.0010724383347958666
2024-03-05 05:00:00,-0.030020130581349454,-0.0538866241367646,-0.028768860298940664,-0.006825663710699113,0.0001,-0.009994144056217014
2024-03-06 05:00:00,0.015164005124507211,0.018813350778908104,0.02234486674707225,-0.016419180709310834,0.0001,0.005067234512401875
2024-03-07 05:00:00,0.029741605167487688,0.04549661184961384,0.024956211453319048,0.014904923207934876,0.0001,0.0099264345267287
2024-03-08 05:00:00,-0.018044341640296453,-0.04334222192824445,-0.001922120523251143,0.014505910111048417,0.0001,-0.006002214409199347
2024-03-11 04:00:00,-0.002617234096275685,-0.011176143130478773,-0.0238253501073269,-0.041453380207707544,0.0001,-0.0008598452278590907
2024-03-12 04:00:00,0.032234246509848845,0.042967400012048566,-0.004131465165464261,-0.0035604194256704264,0.0001,0.01075731497418242
2024-03-13 04:00:00,-0.004739892770064709,-0.023095896131672518,0.011674760715699277,-0.007639460673167363,0.0001,-0.0015673981191220987
2024-03-14 04:00:00,-0.005968275771847116,-0.007601582569427563,-0.053705483158214114,-0.014213679899894931,0.0001,-0.0019768591197162344
2024-03-15 04:00:00,-0.029865837066937136,-0.035698307785563384,0.0056050279150747714,0.025076825492910414,0.0001,-0.009942712884746241
2024-03-18 04:00:00,0.017791774156589384,0.024575133445708712,-0.017230524854079728,0.018460419172398126,0.0001,0.005943157523095932
2024-03-19 04:00:00,0.016633517903645194,0.007436928998840513,0.012633109040717454,0.01647254317981454,0.0001,0.005557072105447869
2024-03-20 04:00:00,0.02771045461904386,0.03553245002426685,0.059338847851527536,-0.029896328086707086,0.0001,0.009249384343914091
2024-03-21 04:00:00,0.009876227194433922,0.01415884484169027,0.0267454165800236,-0.010934224951179435,0.0001,0.0033046418690441115
2024-03-22 04:00:00,-0.005725174475509805,0.003393795071949361,-0.04144387327083066,0.009897685007415552,0.0001,-0.001895825354270464
2024-03-25 04:00:00,-0.008326104237606165,-0.010925282981899438,0.006838002567454586,0.026270771121400364,0.0001,-0.0027628019416359173
2024-03-26 04:00:00,-0.005578610739304664,-0.009750802109073982,-0.005438107092274332,-0.00960411636222874,0.0001,-0.001846970775535417
2024-03-27 04:00:00,0.025173843384877152,0.01018065401895351,0.06532273439911584,-0.013323109037337025,0.0001,0.008403847265858522
2024-03-28 04:00:00,-0.0006111257881209544,-0.0055679009619870115,0.00940706403721591,-0.026394593763000757,0.0001,-0.00019114245847418054
2024-04-01 04:00:00,-0.005256885137229002,0.006313509893421047,-0.028283062178747216,-0.026925497592604358,0.0001,-0.001739728908176863
2024-04-02 04:00:00,-0.019112311558094126,-0.02592824791264204,-0.05519322836661512,0.026133480370095285,0.0001,-0.006358204381798571
2024-04-03 04:00:00,0.003258115325640569,0.006695316028143987,0.019620964602608197,0.03135297190902713,0.0001,0.0010986045794463273
2024-04-04 04:00:00,-0.03665616937013028,-0.04590967307906391,-0.03006247614189251,0.011044967948919173,0.0001,-0.012206156985810623
2024-04-05 04:00:00,0.031303054311101024,0.0353139807346352,0.009973588822909989,0.013072272127824809,0.0001,0.010446917574599812
2024-04-08 04:00:00,0.0016404452132494573,0.0008477194364173644,0.01639663761077958,0.008048660363807497,0.0001,0.00055938120864929
2024-04-09 04:00:00,0.0034323817847110513,0.011060803629970854,0.01178309255874676,-0.01674065614787026,0.0001,0.001156693399136488
2024-04-10 04:00:00,-0.03007698055087938,-0.026223167512488106,-0.07926049131898771,0.019143989312311305,0.0001,-0.010013094046060322
2024-04-11 04:00:00,0.022602930234309808,0.04786703959400795,0.02026788064468476,0.028945403600476417,0.0001,0.007546876215669407
2024-04-12 04:00:00,-0.041446964821964756,-0.04786310200970779,-0.053426397804660526,0.013590164336350413,0.0001,-0.013803088803088781
2024-04-15 04:00:00,-0.03762211653935033,-0.04939083688898017,-0.043975490953842795,0.050662740115610345,0.0001,-0.01252813937555064
2024-04-16 04:00:00,-0.005509003794797691,0.00024068510699714482,-0.01107049032198449,-0.06100217958267309,0.0001,-0.0018237684606997595
2024-04-17 04:00:00,-0.017792350568478395,-0.0366417345991984,-0.031720257625248334,0.025896534391274397,0.0001,-0.005918217385259994
2024-04-18 04:00:00,-0.006210907882281964,-0.01715680418012234,-0.002524745044822814,0.004206498983816384,0.0001,-0.002057736489861184
2024-04-19 04:00:00,-0.026222836144921054,-0.062105197999387636,0.0046293831056585175,0.001945367826843136,0.0001,-0.008728379244074214
2024-04-22 04:00:00,0.027589735144131426,0.03013232449819058,0.03351309375878397,-0.007510597076292355,0.0001,0.00920914451894328
2024-04-23 04:00:00,0.03556223755144105,0.044730937278051545,0.05019271633384536,-0.06020488550612421,0.0001,0.01186664532137982
2024-04-24 04:00:00,-0.0014616082317429125,0.010125333558506304,-0.013483838312985393,-0.00481701083968868,0.0001,-0.0004746366063481666
2024-04-25 04:00:00,-0.01143438625029581,-0.014527393847740828,-0.01824894891856666,0.012516288491187034,0.0001,-0.003798895945865799
2024-04-26 04:00:00,0.028383918699855785,0.04625750714743803,0.028667513313686215,0.025478637116148447,0.0001,0.0094738723708514
2024-04-29 04:00:00,0.010586785119352175,0.012143276065259771,0.02416072868953955,-0.01620030844303921,0.0001,0.0035414945106835294
2024-04-30 04:00:00,-0.04756151913967178,-0.05660615595169339,-0.06094988084918563,-0.002813763183249794,0.0001,-0.015841273575657788
2024-05-01 04:00:00,-0.009779122373812295,-0.021729212579306052,0.006241015216704053,-0.008675924627892986,0.0001,-0.003247141320371294
2024-05-02 04:00:00,0.028022659336876858,0.038252299689408124,0.055130148360262636,0.012105271644244466,0.0001,0.009353452583191757
2024-05-03 04:00:00,0.037148211335237706,0.06025745267655002,0.029674186341203328,-0.005168295748199181,0.0001,0.01239530324931204
2024-05-06 04:00:00,0.030942762773712433,0.0328225936787867,0.03874387662444855,-0.02360066027390669,0.0001,0.010326820395470282
2024-05-07 04:00:00,0.003272598352502369,0.0004393032908789273,0.006710137878925375,0.011116560558646306,0.0001,0.0011034322550669273
2024-05-08 04:00:00,0.00025235843844461525,-0.001809137366186715,-0.017454881415089114,0.002185087318198941,0.0001,9.668561704767598e-05
2024-05-09 04:00:00,0.017248018635194644,0.0065068636924687714,0.03058355980695015,0.017154224837772805,0.0001,0.005761905682631019
2024-05-10 04:00:00,0.00382642293224688,0.007036810679859944,-0.022625865127941854,-0.018244970692041278,0.0001,0.0012880404483150976
2024-05-13 04:00:00,0.0003654964264074788,0.006884438853736123,0.006276236294364461,-0.008048263680287467,0.0001,0.00013439827970196383
2024-05-14 04:00:00,0.013726675471465992,0.01925904258215571,0.031026089806506223,-0.014271380502883292,0.0001,0.004588124628054802
2024-05-15 04:00:00,0.037111164572205084,0.04685306919656717,0.03737891185511532,-0.04816971476814103,0.0001,0.012382954328301166
2024-05-16 04:00:00,-0.006210071850728978,-0.006131758911704706,-0.02166680460062787,0.009223963384606555,0.0001,-0.002057457812676855
2024-05-17 04:00:00,0.0042748476918237285,-0.001497940016309436,0.0021264914588927583,0.004712681427480627,0.0001,0.0014375153681740471
2024-05-20 04:00:00,0.003418718623848342,0.0208804882350797,0.006594366177843584,-0.0011302769716262711,0.0001,0.0011521390121822517
2024-05-21 04:00:00,0.007319959210966946,0.005831594414453793,-0.0029148442839939184,-0.00824852533754037,0.0001,0.0024525525412217863
2024-05-22 04:00:00,-0.008675909794811927,-0.0006300634850988708,-0.025380887430649597,-0.03098877779372418,0.0001,-0.002879403794037838
2024-05-23 04:00:00,-0.021950387388407495,-0.013533123134560572,-0.04926802080596027,-0.002469300573124408,0.0001,-0.007304229658569694
2024-05-24 04:00:00,0.019811719794009523,0.028331564912258626,0.03318244037365913,-0.015215698737244212,0.0001,0.006616472735569312
2024-05-28 04:00:00,0.002058856437709082,0.011295416556184705,-0.0041264834594272395,-0.020031702627215445,0.0001,0.0006988516168024983
2024-05-29 04:00:00,-0.021045229414377704,-0.02118284286101036,-0.044344580845921196,0.0034385248023495636,0.0001,-0.007002510333893097
2024-05-30 04:00:00,-0.019938857888083257,-0.03217773872467789,0.028458813732950443,0.01661937241167965,0.0001,-0.006633719825128281
2024-05-31 04:00:00,0.027286692624595148,-0.0056184757352543205,0.025250221214843764,0.035661670797746015,0.0001,0.00910813034576452
2024-06-03 04:00:00,0.002408402048078122,0.01607022020459436,-0.016949784722656076,0.0032904783784383795,0.0001,0.0008153668202588449
2024-06-04 04:00:00,0.0033158445960172964,0.008171866171416735,-0.03874548395592726,0.004964215356041878,0.0001,0.001117847669571903
2024-06-05 04:00:00,0.035617783333738766,0.06044164661448214,0.045860207216850794,-0.014309374557894996,0.0001,0.011885160582145726
2024-06-06 04:00:00,-9.380778857493569e-05,-0.0010732300934955875,-0.02154359912468507,-0.04607412485387419,0.0001,-1.8703125292174327e-05
2024-06-07 04:00:00,-0.003684876058304816,-0.0026921646060212925,-0.03525553818871897,0.0005969251969270677,0.0001,-0.001215725881868801
2024-06-10 04:00:00,0.009231790922707088,0.012079979140438228,0.010250571965034976,-0.0018420501970612588,0.0001,0.0030898297784685003
2024-06-11 04:00:00,0.007187033693488491,0.02055047360717998,-0.01861216965941704,0.05654590049422749,0.0001,0.0024082440353956347
2024-06-12 04:00:00,0.024601467245183743,0.03925549418590867,0.04601493316624893,-0.013283625103259665,0.0001,0.008213055219294052
2024-06-13 04:00:00,0.006002644427556041,0.01622297858825083,-0.02625014687136707,0.0050797622536636715,0.0001,0.002013447613418151
2024-06-14 04:00:00,0.0017873545875777207,0.015506016975789676,-0.04772513032316706,-0.0015151049912764548,0.0001,0.0006083510000920445
2024-06-17 04:00:00,0.023839378856177033,0.03671181639353737,0.025172385620914943,-0.03644850391522914,0.0001,0.007959025756291815
2024-06-18 04:00:00,0.007584308533015165,0.0008900218693286209,0.005201822545385142,0.02471679114910677,0.0001,0.002540668981904526
2024-06-20 04:00:00,-0.008187345625956695,-0.02316170657411277,-0.012740064539721992,0.02085551534086901,0.0001,-0.002716549071086094
2024-06-21 04:00:00,-0.01369400554249734,-0.008075582393008991,0.006715678275645447,0.023721220256208788,0.0001,-0.004552102376599643
2024-06-24 04:00:00,-0.00978958543038378,-0.03889812575244612,0.012989503983108712,-0.018455392427137823,0.0001,-0.0032506290058951226
2024-06-25 04:00:00,0.011514794493665985,0.034268994135196344,-0.009877674558210876,0.029580436976984877,0.0001,0.0038508309687881326
2024-06-26 04:00:00,0.0037065887961553676,0.006157804111395208,-0.007965500566667234,-0.03499817999836753,0.0001,0.0012480957362845935
2024-06-27 04:00:00,0.004691820752853008,0.007706332230347661,0.030407734772323718,0.01238598457500952,0.0001,0.0015765063885171404
2024-06-28 04:00:00,-0.011842885373914987,-0.015610464758912264,0.012285373942047643,0.056659496487611316,0.0001,-0.003935062320405525
2024-07-01 04:00:00,0.006136275347913271,0.01755742588026154,-0.025174472033872138,-0.025977016587604578,0.0001,0.002057991253537228
2024-07-02 04:00:00,0.02015154132764673,0.031461305571365054,0.010251083335897297,-0.020700633387841293,0.0001,0.006729746580115048
2024-07-03 04:00:00,0.013350035872652148,0.024973595685622067,-0.0007807140655613566,-0.0023373282060232753,0.0001,0.004462578095116854
2024-07-05 04:00:00,0.017261833738318792,0.031242848996881005,-0.014307133085442965,-0.01818150591989877,0.0001,0.005766510717005735
2024-07-08 04:00:00,0.003424006476959722,0.007097096814647534,0.02102069756479951,-0.038470773025221505,0.0001,0.001153901629886045
2024-07-09 04:00:00,0.0028797486410403403,0.0025561005980385618,-0.013088914548747506,0.0005811509582821242,0.0001,0.000972482351246251
2024-07-10 04:00:00,0.029648171113407333,0.031241808186734936,0.029306889472108015,-0.03592859743181749,0.0001,0.009895289842035249
2024-07-11 04:00:00,-0.02590529621787197,-0.06582821853358245,0.10779531530613906,0.020376623598801137,0.0001,-0.00862253260172452
2024-07-12 04:00:00,0.018884814525771614,0.017586760351760093,0.034991730104483525,-0.028732315118329754,0.0001,0.006307504312823342
2024-07-15 04:00:00,0.00821244891136063,0.008025839843637021,0.05696708717424003,0.034267620188746316,0.0001,0.002750049108019681
2024-07-16 04:00:00,0.017752980624931018,0.0011111477023875093,0.10231508026035296,-0.02506807064749396,0.0001,0.005930226345876477
2024-07-17 04:00:00,-0.04210121857698657,-0.0881023315270959,-0.031426834654906595,0.006949501700310673,0.0001,-0.014021173388096053
2024-07-18 04:00:00,-0.02309224647891784,-0.0142353445924105,-0.05808044306961636,0.027550251071794908,0.0001,-0.007684849355406476
2024-07-19 04:00:00,-0.019959531004164928,-0.0266284510874153,-0.015316432067206127,-0.022611356155655616,0.0001,-0.006640610863822172
2024-07-22 04:00:00,0.030891826715263353,0.04465550922975558,0.04769334751978648,-0.005409549332541479,0.0001,0.010309841709320589
2024-07-23 04:00:00,-0.004743368655193765,-0.010611591263917426,0.031829385885272725,0.03297515671939768,0.0001,-0.0015685567474984508
2024-07-24 04:00:00,-0.0680249857831342,-0.10764870086786049,-0.06444950275173622,-0.014827301018070897,0.0001,-0.0226624291234786
2024-07-25 04:00:00,-0.015668760992378468,-0.03312069724734824,0.03741926738945888,0.009858830539409351,0.0001,-0.005210354193226685
2024-07-26 04:00:00,0.03356123177061931,0.03073018951363337,0.049606405499891475,-0.005565692470453004,0.0001,0.01119964339443924
2024-07-29 04:00:00,0.001725581287543847,0.0059886099874133444,-0.03335319212423183,0.018103347059316693,0.0001,0.0005877599000807532
2024-07-30 04:00:00,-0.015237052256592783,-0.0412319213055632,0.011327475447401751,-0.024410297183964907,0.0001,-0.005066451281298123
2024-07-31 04:00:00,0.04872613922567769,0.08874336512411896,0.01735008969890716,-0.04880155585570824,0.0001,0.01625461254612537
2024-08-01 04:00:00,-0.04252058724913899,-0.07270205827428988,-0.09759867402245437,0.027352354699305782,0.0001,-0.014160962945480193
2024-08-02 04:00:00,-0.05589302336067382,-0.07124250196314896,-0.10614167846625877,0.02663374192113389,0.0001,-0.018618441649325135
2024-08-05 04:00:00,-0.08740868734120266,-0.08948616637927209,-0.09653396492619648,0.036548420565023554,0.0001,-0.029123662976168085
2024-08-06 04:00:00,0.0276208890858518,0.028627574803186777,0.0326032511421983,-0.0014090025648191258,0.0001,0.009219529166183404
2024-08-07 04:00:00,-0.020089407691641255,-0.03252694829325254,-0.035556289410741855,-0.009345749038507755,0.0001,-0.006683903092980947
2024-08-08 04:00:00,0.0693140927414293,0.09173496299448258,0.07289031426182357,-0.018742292140334574,0.0001,0.02311726371804257
2024-08-09 04:00:00,0.013191360288894442,0.015629496445248352,-0.006272895860617307,0.0023603148453568827,0.0001,0.004409686233864285
2024-08-12 04:00:00,0.0015383161466737615,0.006423081765361431,-0.027064725439725497,-0.017739293096667056,0.0001,0.0005253381864573914
2024-08-13 04:00:00,0.049299410368969,0.07440069052788378,0.049375791323372324,0.0274673462256366,0.0001,0.016445702927222472
2024-08-14 04:00:00,0.00942654776839568,0.0009351062913529538,-0.018646151554978514,0.008016249970246,0.0001,0.0031547487270313646
2024-08-15 04:00:00,0.051382991242474356,0.07575163878177804,0.07776373375296841,-0.04663177928042801,0.0001,0.01714022988505759
2024-08-16 04:00:00,0.006688394125316403,0.003819643183355252,0.007885334977228091,0.01335990025065276,0.0001,0.0022420308460049387
2024-08-19 04:00:00,0.028646611810823057,0.03937033897441377,0.03665091870865588,-0.0334751226319422,0.0001,0.009561436741173823
2024-08-20 04:00:00,-0.004916095868069077,-0.00633354066340986,-0.03502840473240088,0.020554215630944613,0.0001,-0.0016261324851235548
2024-08-21 04:00:00,0.010271948983041394,0.013954722359383435,0.039033249915854766,0.024154663339414798,0.0001,0.003436549131913269
2024-08-22 04:00:00,-0.02358305890643731,-0.04760246525207646,-0.026492724867725033,-0.011498753435886406,0.0001,-0.007848453497912966
2024-08-23 04:00:00,0.03183817803906507,0.03249889208956546,0.09576675935092793,0.011921216375492535,0.0001,0.010625292150587828
2024-08-26 04:00:00,-0.007189069092078955,-0.029162698412698702,0.0009152011244648526,0.012366468016005182,0.0001,-0.0023837902264601807
2024-08-27 04:00:00,0.004081490588531793,0.008924307730272744,-0.02330828131131469,0.01824447372118322,0.0001,0.0013730630004100686
2024-08-28 04:00:00,-0.017453468766712173,-0.03407998383932787,-0.020335769181648262,0.05157529723934558,0.0001,-0.005805256784671253
2024-08-29 04:00:00,0.000230974343884187,-0.004429339443779219,0.021365228955431796,-0.006026604217126769,0.0001,8.955758552753323e-05
2024-08-30 04:00:00,0.028600252693238286,0.0357205984470299,0.017374668480953474,-0.02815620479991156,0.0001,0.0095459837019789
2024-09-03 04:00:00,-0.06177485424579488,-0.09112048758690616,-0.091777065915425,0.00021640426231723392,0.0001,-0.02057905194436549
2024-09-04 04:00:00,-0.006178112845389168,-0.007833112110972491,-0.00509980293578239,-0.017473555755982723,0.0001,-0.0020468048108969183
2024-09-05 04:00:00,-0.007334186297261465,0.0027629355292482158,-0.01496797682952556,0.0006600757654045992,0.0001,-0.002432162628187684
2024-09-06 04:00:00,-0.050528046113795695,-0.08039948914669137,-0.05708483661871001,0.025816015122729533,0.0001,-0.01683011590036576
2024-09-09 04:00:00,0.03355102021932476,0.038541275934846235,0.008331709956709947,-0.00515872630554162,0.0001,0.011196239544007724
2024-09-10 04:00:00,0.013029412364922603,0.02768751392722168,-0.0024839762331125906,0.015235655236443246,0.0001,0.004355703592540339
2024-09-11 04:00:00,0.030739101456104027,0.06510859731834384,0.008747285505499962,-0.010503088517265053,0.0001,0.010258933289600813
2024-09-12 04:00:00,0.02523195275428746,0.02941046854560491,0.03858952731963993,0.02599718597507658,0.0001,0.008423217055661958
2024-09-13 04:00:00,0.0156306197471685,0.013402139294921504,0.07396636566744919,-0.011878929321918332,0.0001,0.005222772719955637
2024-09-16 04:00:00,0.00439282773452309,-0.013291369469205068,0.010754166181684559,0.06369012187836935,0.0001,0.0014768420490738343
2024-09-17 04:00:00,0.0011882272500121015,0.0015471211291828645,0.02477733766101097,0.014543688396157503,0.0001,0.0004086418875701714
2024-09-18 04:00:00,-0.00893534879364611,-0.01302635709609213,0.0005092228762124605,-0.017500857688913057,0.0001,-0.002965883460315899
2024-09-19 04:00:00,0.051155746546332585,0.07581500818835352,0.061753142325511094,-0.04366237965738151,0.0001,0.017064481653010333
2024-09-20 04:00:00,-0.01438145826418192,-0.005747728204158149,-0.03218486097911378,0.016556399945601704,0.0001,-0.004781253283827835
2024-09-23 04:00:00,0.007459001983254103,0.0036933354982542285,-0.011004887111529478,-0.00803020595465777,0.0001,0.002498900131984172
2024-09-24 04:00:00,0.008546218591883196,0.014433152862558078,0.004990386385272265,0.014088386938352678,0.0001,0.0028613056681938698
2024-09-25 04:00:00,-0.006654187122658091,0.0027436848619166662,-0.04670707841541156,0.013630220069996996,0.0001,-0.002205496236653226
2024-09-26 04:00:00,0.011856203769604827,0.022501513641149044,0.01594833677495399,-0.005954013635825048,0.0001,0.003964634060767747
2024-09-27 04:00:00,-0.004388563343678438,-0.016708791635980942,0.020250169990317694,-0.01884350047605268,0.0001,-0.001450288310326675
2024-09-30 04:00:00,0.011983930019240356,0.008097894807640442,0.007587227834294545,-0.040607157311893294,0.0001,0.004007209477312923
2024-10-01 04:00:00,-0.026913046990500906,-0.04183498158929189,-0.04078196026248793,-0.0013532408156316025,0.0001,-0.008958449525934165
2024-10-02 04:00:00,0.0012285250757471044,0.004201086468968766,-0.004168222989319299,0.02006713887455344,0.0001,0.0004220744961485057
2024-10-03 04:00:00,-0.005522351930259635,-0.0022785947712418222,-0.02016729995688705,0.007014624622017355,0.0001,-0.001828217839187074
2024-10-04 04:00:00,0.02722446213113549,0.03565656434192687,0.04188151687439778,-0.03948274084768355,0.0001,0.009087386847944634
2024-10-07 04:00:00,-0.027159063905386145,-0.032172640545177995,-0.02358321518203444,0.013605566174615105,0.0001,-0.009040455164229244
2024-10-08 04:00:00,0.028334968019143585,0.04476628416353078,0.002031933192876194,-0.0007260701059065838,0.0001,0.009457555477280666
2024-10-09 04:00:00,0.020741477050078665,0.023567451801893784,0.006580556941653708,-0.028528543849053133,0.0001,0.0069263918209256925
2024-10-10 04:00:00,-0.0052877244029261375,-0.003444369810853283,-0.016684492872938946,0.005483657671018405,0.0001,-0.0017500086634092415
2024-10-11 04:00:00,0.017926997055338394,0.00465179995308284,0.06097221627487381,-0.004933888139362853,0.0001,0.0059882318226789355
2024-10-14 04:00:00,0.02449730969662233,0.025136616489198398,0.022062997601041127,-0.03606179395445118,0.0001,0.008178336036440248
2024-10-15 04:00:00,-0.023346844086302283,-0.04013820092526122,0.0023850213145215557,0.016701843665866186,0.0001,-0.0077697152245346235
2024-10-16 04:00:00,0.013001730336137378,0.0003290123950840872,0.049319005760879435,0.008851774602491131,0.0001,0.00434647624961193
2024-10-17 04:00:00,0.00021990076298460822,0.0020400755173495197,-0.008240926779991338,0.025859816156463624,0.0001,8.586639189434031e-05
2024-10-18 04:00:00,0.011501753806756991,0.01962642372470657,-0.00627332551335303,0.021209187003774315,0.0001,0.0038464840731518013
2024-10-21 04:00:00,-0.0049642281172780425,0.005726048629589135,-0.047234684896190544,-0.03138303340262129,0.0001,-0.00164217656819321
2024-10-22 04:00:00,-0.0016311737309650032,0.0032322543546505697,-0.011383938844936055,-0.02199333856482361,0.0001,-0.0005311584394221969
2024-10-23 04:00:00,-0.027449753545387486,-0.04600914772312648,-0.027426291018682,0.021911811741195043,0.0001,-0.009137351710896358
2024-10-24 04:00:00,0.006450303109819304,0.024288618238952113,0.006530446086480339,0.01001680832075784,0.0001,0.0021626671741725723
2024-10-25 04:00:00,-0.001073538478992393,0.018243094567476963,-0.011370303546505374,0.012680434526294073,0.0001,-0.00034528002209799347
2024-10-28 04:00:00,0.009236272297443053,0.000446836837240998,0.04889098722849127,0.08917641205890983,0.0001,0.0030913235700471553
2024-10-29 04:00:00,0.0048174227070782935,0.02878749335153307,-0.009747309129231614,0.011958825896460192,0.0001,0.0016183737065922355
2024-10-30 04:00:00,-0.009113449998376606,-0.022710443134387644,-0.0040965060252176125,0.030386834451067775,0.0001,-0.003025250528559398
2024-10-31 04:00:00,-0.05884702928630404,-0.07576597110700511,-0.049893189742178386,0.043436054161344856,0.0001,-0.019603110291201875
2024-11-01 04:00:00,0.01262409112022244,0.022159263455648885,0.016769796076647518,0.011158509726562885,0.0001,0.004220596510973618
2024-11-04 05:00:00,-0.0064995925006782265,-0.008777414884807218,0.015169169794444264,-0.0053480529088293285,0.0001,-0.0021539646959932712
2024-11-05 05:00:00,0.0362375512319204,0.038233119060193214,0.05639376144463259,0.005475669947967868,0.0001,0.012091749881539604
2024-11-06 05:00:00,0.07455914570035826,0.08145190968140748,0.1737570658918106,-0.04469995455672553,0.0001,0.024865614704352224
2024-11-07 05:00:00,0.023158701154166732,0.04719518263481114,-0.010660748745722544,-0.013845640378416983,0.0001,0.007732133188955048
2024-11-08 05:00:00,0.012957382260897259,0.003467383956737173,0.02204538814284817,-0.016240257351910935,0.0001,0.004331693557865224
2024-11-11 05:00:00,0.002820925101569609,-0.0017881943865575357,0.04506561084313864,0.0009212071470239657,0.0001,0.0009528745047560072
2024-11-12 05:00:00,-0.009356958216292684,-0.005467404157677665,-0.05266492224389397,0.058770292563168236,0.0001,-0.0031064199345314236
2024-11-13 05:00:00,0.001419832161937633,-0.003898024785745975,-0.029726909227151162,-0.045367754291578535,0.0001,0.0004858435248786819
2024-11-14 05:00:00,-0.019328041519582458,-0.020886893141834457,-0.040486849873716875,0.023178610688143773,0.0001,-0.006430114368961348
2024-11-15 05:00:00,-0.03846358532598749,-0.07151541568648001,-0.0447906517627027,-0.025299374457154432,0.0001,-0.012808628971096359
2024-11-18 05:00:00,0.01225423500599531,0.02080528444973794,0.005870915032679884,-0.015671795443743173,0.0001,0.0040973111395645745
2024-11-19 05:00:00,0.01092889174287403,0.020601476020324132,0.022239853677460168,0.022253253804512468,0.0001,0.0036555300518574807
2024-11-20 05:00:00,0.0009787339098494762,-0.001765740362406183,0.0038646560078023848,0.0011437151771453774,0.0001,0.0003388107741826296
2024-11-21 05:00:00,0.016067297353601122,0.010753882961390009,0.045560534818150915,-0.03154587715676215,0.0001,0.005368331922099845
2024-11-22 05:00:00,0.009260396488509175,0.004774373352519838,0.055370934926322495,-0.02046487620591586,0.0001,0.003099364967069196
2024-11-25 05:00:00,0.01013845312128047,0.004707353881731484,0.045571046404489605,0.012705438969285643,0.0001,0.0033920505113262944
2024-11-26 05:00:00,0.015626787052466222,0.016070002094615614,-0.02206740138299535,-0.02305462304227287,0.0001,0.005221495155054878
2024-11-27 05:00:00,-0.009127850747668649,-0.02365789043720224,0.004076672795014995,0.008333305498953012,0.0001,-0.003030050778323412
2024-11-29 05:00:00,0.01859864245198705,0.02632287946183131,0.01141696023017346,-0.005472249113202349,0.0001,0.006212113621561821
2024-12-02 05:00:00,0.005339448712021515,0.03262601249874652,-0.0015261012737394287,-0.017563663804445552,0.0001,0.0017923823749066425
2024-12-03 05:00:00,0.0013538825226426731,0.009161005229911139,-0.02138206242510777,0.050924350848184474,0.0001,0.0004638603117803619
2024-12-04 05:00:00,0.018590905187175537,0.03705093122338043,0.01071095800524912,0.008650791307422417,0.0001,0.0062095345332913165
2024-12-05 05:00:00,-0.004974669745351552,-0.00835096523989732,-0.03503292444947848,-0.046918736081607945,0.0001,-0.0016456571108843798
2024-12-06 05:00:00,0.005649177267254217,0.02681115461809868,0.010672987071172806,0.002441243098228875,0.0001,0.0018956252266508766
2024-12-09 05:00:00,-0.01548660514342027,-0.023400409246918337,-0.015104872898949913,-0.010519011766942631,0.0001,-0.0051496355769072855
2024-12-10 05:00:00,-0.009364945882434535,-0.010260141844682498,-0.013035637250876093,0.02367968268126305,0.0001,-0.0031090824899120406
2024-12-11 05:00:00,0.023154073319219474,0.05366956244016329,0.013523771802764532,-0.027180871796810044,0.0001,0.0077305905773059624
2024-12-12 05:00:00,-0.015495506334207716,-0.019399111456176572,-0.03902495500520387,0.0026133042090687114,0.0001,-0.005152602640503101
2024-12-13 05:00:00,-0.0006333994369732767,0.02292526455026444,-0.020618915389006738,0.012284936085773206,0.0001,-0.0001985670080916213
2024-12-16 05:00:00,0.012772417275555219,0.043164382525231464,0.01759648874137531,0.01625133020094018,0.0001,0.0042700385627512105
2024-12-17 05:00:00,-0.01239782300275439,-0.013249137177401067,-0.043161738678864754,-0.024524324131073007,0.0001,-0.004120041530018659
2024-12-18 05:00:00,-0.089448411811894,-0.10826838150340334,-0.132854593725807,0.02322246606128173,0.0001,-0.0298035711330652
2024-12-19 05:00:00,-0.0009587600214856564,-0.013397622512840275,-0.013350504063848419,-0.01111956987304138,0.0001,-0.00030702053626241455
2024-12-20 05:00:00,0.025811132844765654,0.026159862705219743,0.028071098094169404,-0.024770246490135473,0.0001,0.008616277085821356
2024-12-23 05:00:00,0.017927285094025962,0.02431351432782524,-0.00693207476453684,0.03603990357113883,0.0001,0.0059883278355747915
2024-12-24 05:00:00,0.033307405759222634,0.040641629144820605,0.02679035813397989,-0.0019944793653634014,0.0001,0.011115034723973682
2024-12-26 05:00:00,0.00016186919082760584,-0.0020755880647477312,0.03071569251796146,-0.03037431753352916,0.0001,6.652253450867285e-05
2024-12-27 05:00:00,-0.031617170924090006,-0.03991685249124866,-0.04377218972783526,0.033038248140047716,0.0001,-0.010526490837130531
2024-12-30 05:00:00,-0.03427241715692087,-0.03993742284625602,-0.02310528238679766,0.06287064632052708,0.0001,-0.01141157291474082
2024-12-31 05:00:00,-0.010951982184076232,-0.025522076140050427,0.0037687181180245874,0.028555911604955794,0.0001,-0.003638094590459273
2025-01-02 05:00:00,-0.007408705783706011,-0.005905898635690139,0.002406182832775265,-0.03392828057129763,0.0001,-0.002457002457002533
2025-01-03 05:00:00,0.037472564313081984,0.0490578075355994,0.04459466117851129,-0.024793463671067134,0.0001,0.012503420908593466
2025-01-06 05:00:00,0.017244166609684745,0.03444107053326894,0.0011653493081944454,0.024313960854390877,0.0001,0.005760621674127719
2025-01-07 05:00:00,-0.033949953182921606,-0.053570317469395896,-0.02408900787288038,-0.005158031973526591,0.0001,-0.011304084923407731
2025-01-08 05:00:00,0.004345360554734327,0.0004863902553398013,-0.013642224274767363,0.009074341668654055,0.0001,0.0014610196558109134
2025-01-10 05:00:00,-0.0458400020989358,-0.04708099610128869,-0.06606990264345025,0.034578769604233194,0.0001,-0.01526743456207913
2025-01-13 05:00:00,0.004613544502769289,-0.009679055694979184,0.0057733055996615976,-0.02391752030654165,0.0001,0.0015504143051559005
2025-01-14 05:00:00,0.004090339565251171,-0.00288602502081637,0.03407047189800382,-0.002916675806019524,0.0001,0.0013760126593165278
2025-01-15 05:00:00,0.054532115565555365,0.06898107089117445,0.05894646324759666,-0.09693310502230053,0.0001,0.01818993799275126
2025-01-16 05:00:00,-0.005807123831909629,-0.02105569725148316,0.005988011281999432,-0.022609258463552995,0.0001,-0.0019231418064037387
2025-01-17 05:00:00,0.03008196895259129,0.050597680085781464,0.012925017075742,-0.01664677317954121,0.0001,0.010039889121763235
2025-01-21 05:00:00,0.027423059979482682,0.01755727226235048,0.05757784314677993,-0.03960131577267374,0.0001,0.009153586130727032
2025-01-22 05:00:00,0.01682657486480798,0.03831977109949713,-0.0196207960235606,0.033232121678978044,0.0001,0.005621424425835464
2025-01-23 05:00:00,0.01633655130697708,0.0063403565627486655,0.01362912886839162,-0.04009763444119557,0.0001,0.005458083239891831
2025-01-24 05:00:00,-0.008795385989574196,-0.016990987688757404,-0.008409913125121744,-0.007539130997075054,0.0001,-0.002919229192291928
2025-01-27 05:00:00,-0.042474002835613985,-0.08738169327703738,-0.02876654532336343,0.017947226434632674,0.0001,-0.014145434807638524
2025-01-28 05:00:00,0.025739367506516946,0.044302162733525156,0.0032735598654469664,0.025525331897607428,0.0001,0.00859235530640512
2025-01-29 05:00:00,-0.013486384973937178,-0.005671933095820154,-0.0069175220069655,-0.029796905300126946,0.0001,-0.004482895520412922
2025-01-30 05:00:00,0.016063728948096705,0.012749583425904813,0.030462235283098098,0.022237176507186773,0.0001,0.0053671424535983725
2025-01-31 05:00:00,-0.016003584965653135,-0.004396746304869421,-0.026948826054583715,0.005790399789750274,0.0001,-0.005321962184318241
2025-02-03 05:00:00,-0.020226459171729612,-0.02404734822410571,-0.03514013571400499,-0.01653339532774387,0.0001,-0.006729586919677066
2025-02-04 05:00:00,0.020087098750089842,0.036788458194972,0.041511691749478434,0.00400355040708864,0.0001,0.006708265720929418
2025-02-05 05:00:00,0.01212621530992463,0.013576044985398987,0.032615542674861324,0.0004768089225912481,0.0001,0.004054637907541014
2025-02-06 05:00:00,0.010388967371287354,0.01562140759470431,-0.009845893704764637,-0.01809779204446006,0.0001,0.003475555261328589
2025-02-07 05:00:00,-0.02749844521306833,-0.03787757756677724,-0.03480699646649255,0.011243257451635956,0.0001,-0.009153582266789972
2025-02-10 05:00:00,0.020336155141906558,0.03627760794391443,0.013502124596151292,-0.01642162903704795,0.0001,0.006791284518201657
2025-02-11 05:00:00,0.002243858998229424,-0.007179880746189145,-0.0174810954702267,0.0018826172239512422,0.0001,0.0007605191369759456
2025-02-12 05:00:00,-0.009702167858106188,0.0017236985834565499,-0.027685017863296253,0.019230446526143873,0.0001,-0.003221489815135925
2025-02-13 05:00:00,0.03163493484108026,0.04311959857764779,0.03376965334474668,0.02693572798041195,0.0001,0.010557544417926223
2025-02-14 05:00:00,-0.00018530473024880992,0.012557935101016986,-0.002292938529440021,-0.029699163728955705,0.0001,-4.9202105850132405e-05
2025-02-18 05:00:00,0.008769911887449348,0.006763379353723613,0.016424663847778735,0.048066883418444714,0.0001,0.0029358701000492538
2025-02-19 05:00:00,0.0070270123757032385,0.0007966082784414062,-0.010336540893223008,-0.0493660099327346,0.0001,0.0023549035961338838
2025-02-20 05:00:00,-0.012518732135961892,-0.012771239337965208,-0.028788305664387843,0.0006822655540342492,0.0001,-0.00416034457442116
2025-02-21 05:00:00,-0.05134999567014443,-0.06230153326927724,-0.08645524946950711,0.03203566302748197,0.0001,-0.01710409908581534
2025-02-24 05:00:00,-0.013689063549212073,-0.035450563376202344,-0.02166304276531595,0.011478528655166598,0.0001,-0.004550455045504553
2025-02-25 05:00:00,-0.014957073506886472,-0.037835609428913626,-0.01141447314330913,-0.0097662611609824,0.0001,-0.00497312503139602
2025-02-26 05:00:00,0.0014768411672687542,0.0072092430663006565,0.0037225726982066318,-0.005568276829817082,0.0001,0.0005048465266557223
2025-02-27 05:00:00,-0.04792345883251881,-0.08335159766642952,-0.04579993876878175,0.004884739746871184,0.0001,-0.015961920139940133
2025-02-28 05:00:00,0.04677881299658292,0.04733671940168182,0.03188470848028179,-0.030573787128163513,0.0001,0.015605503803093779
2025-03-03 05:00:00,-0.05259752876713642,-0.06568502115902342,-0.08207822950983323,0.03874313698430393,0.0001,-0.017519943451479336
2025-03-04 05:00:00,-0.03554825907871385,-0.009091113562079707,-0.03394899259796536,0.020953813928012568,0.0001,-0.011836853555338478
2025-03-05 05:00:00,0.03220582687939987,0.03907036333687252,0.02975592623607603,-0.027958318106744064,0.0001,0.010747841764032762
2025-03-06 05:00:00,-0.05329122292132483,-0.08256593490201136,-0.04594358415165357,0.04018587662016329,0.0001,-0.017751174836208805
2025-03-07 05:00:00,0.016777094414386344,0.022022932476281946,0.009753805874128878,0.0014467570433049914,0.0001,0.005604930942361586
2025-03-10 04:00:00,-0.0799446299309643,-0.11630683767945871,-0.07549290598735225,0.04743286291527413,0.0001,-0.026635643839421963
2025-03-11 04:00:00,-0.02497615501122164,-0.007208810887049395,-0.0003365478423943481,0.02379629804739586,0.0001,-0.00831281886617441
2025-03-12 04:00:00,0.01588185835805999,0.033804540773052276,0.005192687639605335,-0.025510979100149142,0.0001,0.005306518923586134
2025-03-13 04:00:00,-0.0400291096532377,-0.05400901435667239,-0.044791552216776005,0.0005093950012075118,0.0001,-0.013330470413513096
2025-03-14 04:00:00,0.06192958605286324,0.07247372491223691,0.07250142324303122,-0.0037967570082422615,0.0001,0.020655761488520552
2025-03-17 04:00:00,0.023096218895096714,0.019413579575876742,0.03781532539330467,0.006508761344420895,0.0001,0.007711305769265042
2025-03-18 04:00:00,-0.03246298272901683,-0.051180064342644,-0.032746386658013334,0.01080395728731792,0.0001,-0.010808428105439472
2025-03-19 04:00:00,0.032634933579031015,0.04010644117511263,0.046613549065279695,-0.0086628179659485,0.0001,0.010890877330576476
2025-03-20 04:00:00,-0.008712958053345272,-0.010206344048914635,-0.01908116403270122,0.03365704440489463,0.0001,-0.002891753213548953
2025-03-21 04:00:00,-0.008048450150129567,0.009852549052143049,-0.018617626238700787,-0.011437204192212983,0.0001,-0.002670250579143718
2025-03-24 04:00:00,0.053687610995436945,0.06123008296988219,0.0745979559373684,-0.005716775113020433,0.0001,0.017908436469378453
2025-03-25 04:00:00,0.007173840048840356,0.017082099410641087,-0.016699577183167176,-0.007419916088205995,0.0001,0.0024038461538462563
2025-03-26 04:00:00,-0.03585252481244806,-0.0552397411314598,-0.030514347425697703,0.0072675863942051186,0.0001,-0.011938275466583215
2025-03-27 04:00:00,-0.00800477486497509,-0.017131715506715557,-0.014338004847836101,0.029115867237735436,0.0001,-0.0026556921507588926
2025-03-28 04:00:00,-0.06045245470810701,-0.07902112933334116,-0.061031784723240896,0.04091190311085175,0.0001,-0.020138252098469533
2025-03-31 04:00:00,0.020100515603066464,-0.0001656465510530071,-0.014405371149041175,0.01243260239024365,0.0001,0.006712738005254959
2025-04-01 04:00:00,0.008435817381291726,0.024145531136051883,0.0002630685430384737,0.028322506875553388,0.0001,0.0028245052646633795
2025-04-02 04:00:00,0.01894727404572171,0.0218577955581074,0.047328348401997726,-0.0061839021295147945,0.0001,0.006328324152806708
2025-04-03 04:00:00,-0.1478801132075681,-0.16063834946803768,-0.19262627040519786,0.06806846252102955,0.0001,-0.049280804931623234
2025-04-04 04:00:00,-0.17566654134170956,-0.18636441922217795,-0.13386316638000673,0.05398043889865699,0.0001,-0.05854294764300372
2025-04-07 04:00:00,-0.00538127029363545,0.007201992126019789,-0.027191514848483818,0.009606988649796604,0.0001,-0.0017811906269790123
2025-04-08 04:00:00,-0.04702608018834365,-0.05406304713464128,-0.07906860902255675,0.013279246348397434,0.0001,-0.01566279392521508
2025-04-09 04:00:00,0.3150203099662898,0.36005459596792,0.2549674497396872,-0.10798565374107459,0.0001,0.10501933612632941
2025-04-10 04:00:00,-0.13149480898103338,-0.12763426493630348,-0.12609210583572672,0.060250503341149196,0.0001,-0.04381903685611166
2025-04-11 04:00:00,0.053490838702708425,0.05523147546331541,0.04371333345126071,-0.0384155383562497,0.0001,0.017842845705135613
2025-04-14 04:00:00,0.029066695339408526,0.020296808629555622,0.035273648951154916,0.03998750283495965,0.0001,0.009701464584035646
2025-04-15 04:00:00,-0.00844028039815626,0.0033067100860335527,0.0036614384553652554,-0.021246767429336566,0.0001,-0.002800860661819282
2025-04-16 04:00:00,-0.06672172586754521,-0.09049818881641913,-0.028791178815353986,-0.0058443710659631595,0.0001,-0.022228009151615602
2025-04-17 04:00:00,0.0042426348825876856,-0.0005780199039855451,0.024452759499395064,0.02625329034239753,0.0001,0.0014267777650953661
2025-04-21 04:00:00,-0.07144591634168884,-0.07427773444062014,-0.06020500858000833,0.043949526962003146,0.0001,-0.02380273930966348
2025-04-22 04:00:00,0.0780155435893255,0.07871827582017565,0.07761360945640505,-0.01238301305971061,0.0001,0.026017747334007968
2025-04-23 04:00:00,0.0464487880737876,0.06799685882272266,0.044449419526171534,-0.001233232016181353,0.0001,0.015495495495495337
2025-04-24 04:00:00,0.06310899016822935,0.08437360042573916,0.0600411452141083,-0.02243851751990463,0.0001,0.021048896193642586
2025-04-25 04:00:00,0.021638205664566083,0.03340618732604094,0.0008898497682765448,-0.029163925310956497,0.0001,0.007225301359088165
2025-04-28 04:00:00,0.0011064247893941492,-0.000989958443170742,0.012634875253075155,0.0013756123076630673,0.0001,0.0003813744006975206
2025-04-29 04:00:00,0.018860368211609295,0.019775599358305078,0.017660054742118396,-0.022909458363052346,0.0001,0.006299355541435903
2025-04-30 04:00:00,0.0011529495884554585,-0.0004162234268927435,-0.018855588157203458,0.022942892833368207,0.0001,0.0003968826670512904
2025-05-01 04:00:00,0.02122316644826782,0.039144584381168405,0.01859106069640503,-0.011013933825643477,0.0001,0.007086954953655411
2025-05-02 04:00:00,0.04449468470546369,0.044493940849882556,0.0674382030510643,-0.035441520782630985,0.0001,0.014844127706054033
2025-05-05 04:00:00,-0.017240747322289647,-0.01783529675977192,-0.023082391150128452,-0.0017354470495688796,0.0001,-0.005734349636530411
2025-05-06 04:00:00,-0.025112674899362537,-0.02794295225584454,-0.03276113261396497,0.01864334270469346,0.0001,-0.008358325495554708
2025-05-07 04:00:00,0.012578622274488575,0.011740203998967129,0.009872348850603833,-0.017988355476064807,0.0001,0.004205440229062329
2025-05-08 04:00:00,0.02086580332480458,0.030936851556264904,0.057099369766817835,-0.027092769069974366,0.0001,0.006967833912500998
2025-05-09 04:00:00,-0.0038603013221234564,-0.002003743181176028,-0.005555145475030672,0.007143150125850692,0.0001,-0.0012742009698083478
2025-05-12 04:00:00,0.099104662575358,0.12218292990461643,0.10543513660547799,-0.02886388260746436,0.0001,0.033047453662685466
2025-05-13 04:00:00,0.019773962164670415,0.04568446364302647,0.010930695294907082,-0.019143971379240173,0.0001,0.006603886859122943
2025-05-14 04:00:00,0.0037963960593894105,0.017941703825513404,-0.02663981699583607,-0.012690106368324454,0.0001,0.0012780314906959411
2025-05-15 04:00:00,0.014615376009943441,0.0032591320029722246,0.01954833505282049,0.00039736848040465426,0.0001,0.004884358140880618
2025-05-16 04:00:00,0.018964435516780613,0.013019595761591056,0.024754498771753834,-0.04144802503950741,0.0001,0.006334044643159675
2025-05-19 04:00:00,0.003244024912781411,0.002838564746205245,-0.012618112994542414,-0.03497098771720923,0.0001,0.0010939077751599413
2025-05-20 04:00:00,-0.010124274860542466,-0.010037506845487217,0.0015414756314229216,-0.013755613521567015,0.0001,-0.003362192149281351
2025-05-21 04:00:00,-0.05059011470687059,-0.041727590199655225,-0.08426383195010057,0.012527360093621957,0.0001,-0.016850805431390725
2025-05-22 04:00:00,0.0011461193136856828,0.005575898967623331,-0.0001853289426921935,0.007004191401863709,0.0001,0.0003946059087946985
2025-05-23 04:00:00,-0.02051481172282222,-0.02781979958001369,-0.009486517310336125,0.04253228489707861,0.0001,-0.006825704436707936
2025-05-27 04:00:00,0.06233387175531812,0.07053806154331443,0.07608789400436278,-0.0012894725702112886,0.0001,0.020790523389338844
2025-05-28 04:00:00,-0.017393699427669114,-0.01333342766330315,-0.031669860184484706,0.002192821667863526,0.0001,-0.0057853336716569
2025-05-29 04:00:00,0.011804474013415549,0.005859277941582468,0.00886697775877731,-0.004644403307058387,0.0001,0.003947390808704654
2025-05-30 04:00:00,-0.0033933462391535565,-0.004769104563526201,-0.015320058203112004,-0.02292948198030208,0.0001,-0.001118549275485048
2025-06-02 04:00:00,0.016861129188720174,0.023656701618123936,0.009324958241127217,-0.006402158892567832,0.0001,0.005632942533806196
2025-06-03 04:00:00,0.01707016209243916,0.023413688219819477,0.04837997695553863,-0.012958812479135438,0.0001,0.005702620168379191
2025-06-04 04:00:00,-0.000842945942434399,0.008325662103137337,-0.008505382477186914,0.007983828115267775,0.0001,-0.00026841584324532874
2025-06-05 04:00:00,-0.014536045534004567,-0.02261840457984122,0.0012576383748665809,-0.014822375121052564,0.0001,-0.004832782373768718
2025-06-06 04:00:00,0.0307691475530718,0.02928831770803541,0.04844453435956452,0.001638666285514592,0.0001,0.010268948655256738
2025-06-09 04:00:00,0.0026661771422635747,0.00437806245686722,0.02063242900589545,0.035796123499571196,0.0001,0.0009012918516539958
2025-06-10 04:00:00,0.016971373092104385,0.019804020072321286,0.016132155355580206,-0.00860667255789953,0.0001,0.0056696905016009325
2025-06-11 04:00:00,-0.008593777208214755,-0.010146082755934656,-0.012344816961950118,0.012592454940551348,0.0001,-0.002852026265172114
2025-06-12 04:00:00,0.011885276178228647,0.007005745549661706,-0.011974224181550926,0.01234716072598826,0.0001,0.003974324863642353
2025-06-13 04:00:00,-0.03357807108350586,-0.0377021289489945,-0.054883078617605226,0.002066585141268568,0.0001,-0.011180124223602483
2025-06-16 04:00:00,0.02850501515514047,0.04169222416206963,0.02696215797104439,-0.004654984153547575,0.0001,0.009514237855946295
2025-06-17 04:00:00,-0.02567319320263651,-0.029291474451927486,-0.03163612323596555,0.009231386826987441,0.0001,-0.008545164929979365
2025-06-18 04:00:00,-0.0004895585703469442,-0.0005480182131069113,0.015785845102046274,0.002459123452094979,0.0001,-0.0001506200525495105
2025-06-20 04:00:00,-0.01590540060873536,-0.012287457387348051,-0.006333906378355521,-0.013041793012172231,0.0001,-0.005289234065345649
2025-06-23 04:00:00,0.02959479805361353,0.027409485688434147,0.0366718279005751,-0.009826383549248521,0.0001,0.00987749882210398
2025-06-24 04:00:00,0.03310401615865843,0.045838347858344834,0.0382113453612074,0.00030910492166193366,0.0001,0.01104723819045228
2025-06-25 04:00:00,0.00164330623478514,0.0076320929837967386,-0.03500762427645555,0.034195840992207786,0.0001,0.0005603348824945176
2025-06-26 04:00:00,0.023433773454477606,0.02801315530893688,0.04864843641770177,0.01476423070427939,0.0001,0.00782382395572534
2025-06-27 04:00:00,0.014867428493343653,0.010232888530291799,0.0009371866901288704,0.046416330594908656,0.0001,0.004968375635347355
2025-06-30 04:00:00,0.014305864059858557,0.019393416915075783,0.004278247382735183,-0.023479842342962094,0.0001,0.004781187490852323
2025-07-01 04:00:00,-0.0010088079052939026,-0.025325929867995207,0.030825640945010273,0.02123232963545073,0.0001,-0.00032370316419849665
2025-07-02 04:00:00,0.013562236825705336,0.02085847884831126,0.041520028297086,-0.00040302316397483834,0.0001,0.004533311746134583
2025-07-03 04:00:00,0.023606430848321695,0.02948299875505799,0.027786578834734225,0.04423657118761312,0.0001,0.007881376420340036
2025-07-07 04:00:00,-0.02239353683659629,-0.022636670042629155,-0.04508880115610903,-0.011617869368413346,0.0001,-0.007451946141299293
2025-07-08 04:00:00,-0.001681057309391949,0.001646992636701532,0.020715043588848785,-0.019621402566749855,0.0001,-0.0005477862988978455
2025-07-09 04:00:00,0.017952436029703416,0.021199220876145335,0.03250467446865767,-0.020725224513751136,0.0001,0.0059967114808006095
2025-07-10 04:00:00,0.008423026517597514,-0.004352305154271215,0.015388190252626714,-0.053978005077292904,0.0001,0.0028202416434319755
2025-07-11 04:00:00,-0.010583861846273697,-0.006788981156419578,-0.041407805174264574,-0.008970217286840885,0.0001,-0.0035153878111917614
2025-07-14 04:00:00,0.0056869415924325414,0.010842850125735597,0.02012468318405424,-0.020266061847338552,0.0001,0.0019082133350436514
2025-07-15 04:00:00,-0.012857595661461947,0.00271306119248637,-0.05877688923666003,0.008053160944242252,0.0001,-0.004273299082921178
2025-07-16 04:00:00,0.009992198395094569,0.003033863593336898,0.030124078390153512,0.004648425567670315,0.0001,0.003343298935930994
2025-07-17 04:00:00,0.0183212135093802,0.02424050503613428,0.039325255166163135,0.038559227000199786,0.0001,0.006119637307359538
2025-07-18 04:00:00,-0.002235010685801793,-0.0029212868783442605,-0.021339949216556693,0.023535977443797422,0.0001,-0.0007324374243677934
2025-07-21 04:00:00,0.005650819385828669,0.015516590152315983,-0.01218180851929674,-0.015879922933636118,0.0001,0.0018961725995090273
2025-07-22 04:00:00,0.00039171138738746547,-0.01556493311145924,0.02489117301393761,-0.021755499510644614,0.0001,0.00014313660002862605
2025-07-23 04:00:00,0.02548467540659404,0.01364604323540796,0.045781265173990164,0.002829975311149812,0.0001,0.008507457939764151
2025-07-24 04:00:00,0.0009556634075182855,0.006347431329591029,-0.04146173229305839,-0.03207652757382523,0.0001,0.0003311206067388994
2025-07-25 04:00:00,0.012635294242010035,0.007183412718078312,0.011100749361848454,0.03947620898310256,0.0001,0.004224330884902816
2025-07-28 04:00:00,-0.0007911123194632787,0.009337798170806703,-0.0035139440673912573,0.028527003796424626,0.0001,-0.000251137968921622
2025-07-29 04:00:00,-0.007950531646598431,-0.004684440412909614,-0.01917922973520437,-0.008533977986901878,0.0001,-0.002637611077966673
2025-07-30 04:00:00,-0.0038156790820305167,0.0039816225336046715,-0.015260654090995647,-0.039836189432168795,0.0001,-0.001259326889777368
2025-07-31 04:00:00,-0.011291362946317392,-0.015935025971587254,-0.029420258441584586,0.03638846559848258,0.0001,-0.0037512215112063263
2025-08-01 04:00:00,-0.04920868942649415,-0.05913399759324401,-0.06116172412034238,0.01441763660051171,0.0001,-0.016390330337931913
2025-08-04 04:00:00,0.04556160674074627,0.05531725211810245,0.06710356345218171,0.013704580715403475,0.0001,0.01519976838448156
2025-08-05 04:00:00,-0.015247546789522122,-0.0204064273614667,0.0152537956937051,-0.032986070847430486,0.0001,-0.005069949458941236
2025-08-06 04:00:00,0.022941106307271968,0.03771195800295878,-0.003977023746635229,-0.02247083617113415,0.0001,0.00765960157332346
2025-08-07 04:00:00,-0.0025504200537110958,0.010115301657808155,-0.009830951949151186,0.0009620473993368666,0.0001,-0.000837573880337561
2025-08-08 04:00:00,0.023354946901655176,0.027946982916793088,0.00651251992791279,-0.007103145577923915,0.0001,0.007797548438117863
2025-08-11 04:00:00,-0.005970088004336523,-0.008914210465609147,-0.0007185262994083909,-0.008768488926682477,0.0001,-0.0019774631972127032
2025-08-12 04:00:00,0.0319002812073803,0.03766850740034155,0.08903480351675186,0.0037268515410584517,0.0001,0.010645993206692905
2025-08-13 04:00:00,0.01023163828150863,0.001462172288103407,0.058293063017573525,-0.029260412116408698,0.0001,0.0034231122314023477
2025-08-14 04:00:00,0.00024141895615525252,-0.0023639209718882073,-0.038702173804100355,-0.0035580526878637954,0.0001,9.303912295122174e-05
2025-08-15 04:00:00,-0.007061498707294785,-0.013229855545947584,-0.01462760377547468,0.005302171295940334,0.0001,-0.0023412667648654573
2025-08-18 04:00:00,-0.0006904399270592012,-0.0012328347275216767,0.010925186278888381,0.012531737579182283,0.0001,-0.00021758050478692947
2025-08-19 04:00:00,-0.016313153099469686,-0.04074051070151708,-0.023068054615540963,0.022731912246249337,0.0001,-0.005425151562257091
2025-08-20 04:00:00,-0.008008814837886964,-0.017849671431248056,-0.01064730895157829,-0.024244773423546834,0.0001,-0.0026570388083961838
2025-08-21 04:00:00,-0.01207324087402984,-0.013927078161770863,0.007415387075966999,-0.032649554204442904,0.0001,-0.004011847487110476
2025-08-22 04:00:00,0.046032634369931096,0.04624478987021607,0.11758853515812961,0.01449637328338992,0.0001,0.015356777594209836
2025-08-25 04:00:00,-0.013240655131174346,-0.008691998463400304,-0.031592440140757135,0.012553317170722807,0.0001,-0.004400985572825311
2025-08-26 04:00:00,0.01252319937241219,0.012008170573133851,0.024751421917822862,-0.022403245070399962,0.0001,0.004186965928370201
2025-08-27 04:00:00,0.006797815258328781,0.004572769445005724,0.021218917602326075,0.034791963659427064,0.0001,0.0022785045570090645
2025-08-28 04:00:00,0.010586615337049958,0.018742053631801252,0.003522528763702619,-0.00098557255763729,0.0001,0.0035414379165827903
2025-08-29 04:00:00,-0.01792896389996968,-0.03476425278990803,-0.013372725082752009,0.034521821369822805,0.0001,-0.005963755162423756
2025-09-02 04:00:00,-0.02226853323170442,-0.02517795086711628,-0.01623874446449048,0.009357981772240748,0.0001,-0.007410278273002002
2025-09-03 04:00:00,0.016221067420466133,0.023564720172217328,-0.002987677036041976,0.04372412818730614,0.0001,0.005419588611054849
2025-09-04 04:00:00,0.02503453571909419,0.027116861553621467,0.03745106779605755,0.03330964430425552,0.0001,0.008357411377264201
2025-09-05 04:00:00,-0.008726384634044189,0.004291004888589571,0.014924895103511464,-0.002977353354280711,0.0001,-0.002896228740448592
2025-09-08 04:00:00,0.007332056237817845,0.014596193890186841,0.006018574456040364,0.020695034726969874,0.0001,0.0024565848835054194
2025-09-09 04:00:00,0.0068978625200573004,0.008461619223385279,-0.01766623986075711,0.013018322495325073,0.0001,0.0023118536442519044
2025-09-10 04:00:00,0.00863482169247897,0.0009441968173582381,-0.005357521085275881,0.02976852137571032,0.0001,0.002890840035059128
2025-09-11 04:00:00,0.024892922092966556,0.017423985761574105,0.055412117600498016,-0.03192713419915921,0.0001,0.008310206835221656
2025-09-12 04:00:00,-0.0010413022628879066,0.013213910955880863,-0.030685538944259967,0.0167732424192749,0.0001,-0.0003345346167298313
2025-09-15 04:00:00,0.0159340695859631,0.02563304784578157,0.01267523269412351,0.01976881491660461,0.0001,0.005323922666220504
2025-09-16 04:00:00,-0.004168366733649738,-0.0025728525500699,-0.013449020744012448,-0.04080726773007575,0.0001,-0.0013768894403171084
2025-09-17 04:00:00,-0.003764971139971214,-0.006025722364794046,0.007642341876037621,-0.027136912817687087,0.0001,-0.001242424242424267
2025-09-18 04:00:00,0.013979717164230625,0.027013149044929012,0.07468288428226577,-0.05389092168642155,0.0001,0.004672471858976346
2025-09-19 04:00:00,0.006485419396017537,0.020270707150696003,-0.02282809213921389,-0.008792109227973938,0.0001,0.0021743726029053168
2025-09-22 04:00:00,0.014155461147343555,0.014227755829397053,0.017371141821065354,0.01221015432483444,0.0001,0.004731053186680656
2025-09-23 04:00:00,-0.016368452416657416,-0.019964632985929993,-0.006789202156713976,0.04172907918343635,0.0001,-0.005443584667986334
2025-09-24 04:00:00,-0.00958218658386601,-0.010569293197051695,-0.02759675353080871,0.005075591621729296,0.0001,-0.003181496057055866
2025-09-25 04:00:00,-0.01387826716175334,-0.01297176987721805,-0.028721473247135483,0.043887718187626254,0.0001,-0.004613522916351642
2025-09-26 04:00:00,0.017149445421357205,0.012295292337558543,0.025663333807619974,-0.03918118930733083,0.0001,0.005729047944685206
2025-09-29 04:00:00,0.008393597105720067,0.013855618364991822,0.0034428684224718717,-0.04387538594422415,0.0001,0.0028104318394728267
2025-09-30 04:00:00,0.011262928395401765,0.008179695070173347,0.004183806429616015,-0.005331618124607881,0.0001,0.0037668756027000594
2025-10-01 04:00:00,0.010184763984852456,0.01435342705992703,0.00653363569211262,0.005596454967146602,0.0001,0.0034074874658502896
2025-10-02 04:00:00,0.003418057440394355,0.012295496780008179,0.018890917200316652,-0.0020374424710946715,0.0001,0.0011519186176975893
2025-10-03 04:00:00,-8.252672028042488e-05,-0.012667087744579149,0.022214575991038814,-0.0496461744615573,0.0001,-1.4942769194004057e-05
2025-10-06 04:00:00,0.010721256175547637,0.022492889471515946,0.011921785783697507,-0.005947769022447008,0.0001,0.0035863181960820167
2025-10-07 04:00:00,-0.011160224878951193,-0.015834706854225063,-0.03224871093245064,-0.02745763771718197,0.0001,-0.00370750882208426
2025-10-08 04:00:00,0.017851469449568162,0.03435379221607548,0.031417085335663224,0.009767678451873653,0.0001,0.005963055954088858
2025-10-09 04:00:00,-0.008728699883483355,-0.003668471669272984,-0.019371356000246982,0.01179695445284512,0.0001,-0.0028970004902616475
2025-10-10 04:00:00,-0.08112119564137699,-0.10418048537847568,-0.08986758459554034,0.005778855189927006,0.0001,-0.027027832409559527
2025-10-13 04:00:00,0.045994582375026065,0.0636264237247064,0.08348137303689995,-0.02848735826003818,0.0001,0.01534409359590816
2025-10-14 04:00:00,-0.0037026356713852973,-0.02002075517255298,0.04280015601224351,-0.024181650453048393,0.0001,-0.0012216457528956282
2025-10-15 04:00:00,0.013280937106683093,0.021132870149174636,0.02936932054655949,-0.0062090747345936205,0.0001,0.0044395451731271685
2025-10-16 04:00:00,-0.02046856570978018,-0.011146595493499618,-0.06319433165681643,0.03003096527775437,0.0001,-0.006810289099027256
2025-10-17 04:00:00,0.016991243219658385,0.019662629926106893,-0.02023683331843596,-0.029660808651631895,0.0001,0.005676313877452266
2025-10-20 04:00:00,0.031163854891836477,0.03776469590452391,0.05850550030551371,0.0011333187475870868,0.0001,0.010400517768178297
2025-10-21 04:00:00,-8.238782130843406e-05,-0.0008226020984752959,-0.014181798992969126,-0.01275379551617904,0.0001,-1.4896469536673784e-05
2025-10-22 04:00:00,-0.0156345343554355,-0.0289395270626377,-0.04437147710819223,-0.01361330936259225,0.0001,-0.005198945314245695
2025-10-23 04:00:00,0.017752058999700886,0.02518154550545048,0.03793386401024889,-0.00883839770150311,0.0001,0.005929919137466433
2025-10-24 04:00:00,0.024479986474761344,0.03199741574105674,0.03660705444827061,-0.03347025941692987,0.0001,0.008172561629153252
2025-10-27 04:00:00,0.03535543558508691,0.053389622929061346,0.010426159182618681,-0.025718434195811195,0.0001,0.011797711332595107
2025-10-28 04:00:00,0.007930312795053622,0.023032243793036138,-0.01609842554014563,-0.03158112731309955,0.0001,0.002656003735917345
2025-10-29 04:00:00,0.0014032237775032307,0.013471117867400066,-0.025583970906271743,0.0466058264551688,0.0001,0.0004803073967338811
2025-10-30 04:00:00,-0.033032068420990275,-0.04590334164845978,-0.024223405753485923,0.012351100781969668,0.0001,-0.010998123336097287
2025-10-31 04:00:00,0.009802997055285971,0.014433989152192954,0.01687061279824719,-0.020280909573870555,0.0001,0.0032802318226614613
2025-11-03 05:00:00,0.005592304812824349,0.014316824931285714,-0.00966284563277698,0.0031217627604343936,0.0001,0.0018766677418409206
2025-11-04 05:00:00,-0.03559832708949185,-0.060931889021482284,-0.051862991763415585,0.00970709287604382,0.0001,-0.01185354289226448
2025-11-05 05:00:00,0.0103586051238218,0.01948591886626793,0.04324588367685433,-0.008985230594833395,0.0001,0.0034654345121734043
2025-11-06 05:00:00,-0.03222577952489215,-0.05591948508963352,-0.053127448290089536,0.025962575222056042,0.0001,-0.010729360370731245
2025-11-07 05:00:00,0.002916158757864544,-0.009503586881970956,0.01568936628461847,0.01710308106318432,0.0001,0.000984619056854319
2025-11-10 05:00:00,0.046775124813377415,0.06633485382268045,0.03001072673526716,-0.029159769640033164,0.0001,0.015604274408691943
2025-11-11 05:00:00,0.006830110932217963,-0.008028327875336479,0.0025439513844580583,-0.016266625014447016,0.0001,0.002289269781638792
2025-11-12 05:00:00,0.0016314084687074559,-0.002402677417476691,-0.007407498609226633,-0.007228682108385479,0.0001,0.0005563689604686228
2025-11-13 05:00:00,-0.04981966452233023,-0.06128584679937999,-0.08438345444619022,-0.03786567378353686,0.0001,-0.016593988703210605
2025-11-14 05:00:00,-0.0005287406125673645,0.0022305461632383602,0.008704224810410326,-0.03623597469106509,0.0001,-0.0001636807332896506
2025-11-17 05:00:00,-0.027987038373706204,-0.025659351994802966,-0.059663772187332216,0.042543997436767345,0.0001,-0.009316446653669264
2025-11-18 05:00:00,-0.025230361443929768,-0.036564882589221866,0.009113358469927661,0.04825340321670782,0.0001,-0.008397554343743785
2025-11-19 05:00:00,0.011551805889809856,0.01787244899385198,-0.0005516830788224804,-0.010076445423484941,0.0001,0.0038631681008360896
2025-11-20 05:00:00,-0.045764574648305086,-0.07105308507980967,-0.0555575544723308,0.029798519827546763,0.0001,-0.015242292078535558
2025-11-21 05:00:00,0.02984598509610547,0.022500591067726054,0.08494331507427244,-0.003032539487290459,0.0001,0.00996122783626796
2025-11-24 05:00:00,0.04411810633063639,0.07668201280800413,0.05471612162125771,0.05839535377450455,0.0001,0.014718601581111601
2025-11-25 05:00:00,0.028179967910032515,0.01845327918000427,0.06536455252519247,0.016950360693220052,0.0001,0.009405888774243643
2025-11-26 05:00:00,0.02067279905404317,0.02646955248647908,0.02651963851056726,-0.01036195027715192,0.0001,0.006903499155580528
2025-11-28 05:00:00,0.016337654694646313,0.02428385399910748,0.0175522732815998,-0.028707598130234838,0.0001,0.005458451035781575
2025-12-01 05:00:00,-0.013734123587196286,-0.010114404105068482,-0.03778644213129135,-0.033804216843361455,0.0001,-0.0045654750581659576
2025-12-02 05:00:00,0.005518918812814848,0.023440435650850182,-0.0055339935026750345,0.0028950572636297447,0.0001,0.0018522057418377535
2025-12-03 05:00:00,0.010350692413824573,0.00729349129791234,0.054536678550225474,-0.021831608644360293,0.0001,0.0034627969421743288
2025-12-04 05:00:00,0.0021556367727844014,-0.0028283065728213,0.02628125363633415,-0.034945010313517134,0.0001,0.0007311117284942714
2025-12-05 05:00:00,0.005660806825543256,0.012194619306503666,-0.01254663336623641,-0.01755548002345919,0.0001,0.0018995017460805563
2025-12-08 05:00:00,-0.009050517616712057,-0.005793278127477659,0.0011586169360273612,-0.02284591933359467,0.0001,-0.003004273068004548
2025-12-09 05:00:00,-0.002626818258229087,0.0036625642899348262,0.0061806616941297784,0.04135433721942332,0.0001,-0.0008630399485102247
2025-12-10 05:00:00,0.01985864733572073,0.012249318625938914,0.04077538086650944,0.014152379186586144,0.0001,0.006632115249473047
2025-12-11 05:00:00,0.00694340896545919,-0.009741176687422921,0.03516500163831981,-0.0026779849422079462,0.0001,0.002327035792719201
2025-12-12 05:00:00,-0.03229389064393296,-0.05739247318171293,-0.04600356342433543,0.04676507264603874,0.0001,-0.010752064077078183
2025-12-15 05:00:00,-0.004570085176368817,-0.015095877741925008,-0.022728263707163417,0.003399920782573512,0.0001,-0.0015107955878901347
2025-12-16 05:00:00,-0.008234780956438266,0.005907857980003144,-0.024211079907558004,-0.017845095909823347,0.0001,-0.0027323608479132844
2025-12-17 05:00:00,-0.0330484368456826,-0.05564865059904912,-0.031970471521942,0.04806548233776227,0.0001,-0.011003579477661396
2025-12-18 05:00:00,0.022616457083280077,0.04343259688551448,0.017799221179600304,0.004961632656585371,0.0001,0.007551385165326163
2025-12-19 05:00:00,0.018233621823231953,0.03906853855599345,0.0250517632092706,-0.031332123754664556,0.0001,0.006090440078643455
2025-12-22 05:00:00,0.018651967906230686,0.01046388168615952,0.033336838052072874,-0.011152765453885749,0.0001,0.006229888772976366
2025-12-23 05:00:00,0.013673733621529342,0.014012462275920783,-0.017783577425238846,-0.025857093261467855,0.0001,0.004570477344742585
2025-12-24 05:00:00,0.010515240711669309,0.00873888450672066,0.0074599213905384085,-0.03692397620492674,0.0001,0.0035176463747892406
2025-12-26 05:00:00,-0.00034187871919633806,-0.00023002768040470537,-0.01535169469302012,0.0222914702797797,0.0001,-0.00010139343549930846
2025-12-29 05:00:00,-0.010728547451535737,-0.014559489112982,-0.01841332485450898,0.049524542566622226,0.0001,-0.003563616346279108
2025-12-30 05:00:00,-0.0037012878580716738,-0.0069956767334420425,-0.022248359530034574,-0.03232661943403272,0.0001,-0.001221196481791087
2025-12-31 05:00:00,-0.022264449115017244,-0.02483468919454635,-0.02265593007822287,0.021247370458131326,0.0001,-0.007408916900772944
2026-01-02 05:00:00,0.0054614803766022055,-0.005849096566724728,0.03189275332600804,-0.01758338820343303,0.0001,0.0018330595964335394
2026-01-05 05:00:00,0.019942687142873387,0.02379124208834526,0.04759474792543127,-0.0187273981230568,0.0001,0.006660128518523933
2026-01-06 05:00:00,0.017803865014277102,0.026321951419822735,0.03972805951077695,-0.02050525534942826,0.0001,0.005947187808991838
2026-01-07 05:00:00,-0.009707983606609634,0.0028496006794065318,-0.007066751833504477,-0.017394432622700625,0.0001,-0.003223428397970407
2026-01-08 05:00:00,-0.00034223160681679643,-0.017104459093445497,0.03272416161548385,0.001227851720363314,0.0001,-0.00010151106470612792
2026-01-09 05:00:00,0.01980247794442524,0.029842875990576438,0.022729173465569234,-0.02693011848711215,0.0001,0.006613392119041217
2026-01-12 05:00:00,0.00467364194202035,0.0024517294976182866,0.014603196180545723,0.004798740726310596,0.0001,0.0015704467849062542
2026-01-13 05:00:00,-0.006036317435657031,-0.00448625303106321,-0.0017585397128892022,0.0008505480630022611,0.0001,-0.0019995396743195393
2026-01-14 05:00:00,-0.014783219262547671,-0.03208611435546816,0.02108340355783888,-0.0006170747956005628,0.0001,-0.0049151736166164195
2026-01-15 05:00:00,0.008131952204371233,0.010760461542107518,0.026407075324905487,-0.02468415957322669,0.0001,0.0027232168723565486
2026-01-16 05:00:00,-0.002551277518211166,-0.0025466243993815876,0.002787053950677569,-0.01300601321496449,0.0001,-0.0008378597018375844
2026-01-20 05:00:00,-0.06110816656178864,-0.06377912712209577,-0.035934748382596256,0.039460799303745756,0.0001,-0.02035682271636341
2026-01-21 05:00:00,0.01067690355312089,0.012000587282792179,0.019556330073858368,0.008228647846694416,0.0001,0.0035715339886064346
