date,return,exposure,n_holdings
2020-01-02,0.0,0.0,0
2020-01-03,5.572717776670084e-05,0.6,15
2020-01-06,0.006428128355483983,0.6,15
2020-01-07,-0.0005726378981520355,0.6,15
2020-01-08,0.0025430286054406105,0.6,15
2020-01-09,0.003672951880611668,0.6,15
2020-01-10,-0.005253449076020566,0.6,15
2020-01-13,0.004730037368581076,0.6,15
2020-01-14,-3.664510279209068e-05,0.6,15
2020-01-15,-0.0017631661161193893,0.6,15
2020-01-16,0.0030369008862202412,0.6,15
2020-01-17,0.0003065031059846869,0.6,15
2020-01-21,-4.462242014205528e-06,0.6,15
2020-01-22,0.0030540495669675537,0.6,15
2020-01-23,0.0003983565256188733,0.6,15
2020-01-24,-0.005926550467278762,0.6,15
2020-01-27,-0.007518409990380013,0.6,15
2020-01-28,0.0059909644563257754,0.6,15
2020-01-29,-0.0017175718332966606,0.6,15
2020-01-30,0.009173979067231759,0.6,15
2020-01-31,-0.022834985277442193,1.0,15
2020-02-03,0.02932927119577759,1.0,15
2020-02-04,0.029842648863646664,0.8191364060715162,15
2020-02-05,-0.002108963160922622,0.6800564203226123,15
2020-02-06,0.005735555539844313,0.6785289915275559,15
2020-02-07,-0.002570246685586498,0.6769517072538485,15
2020-02-10,0.0031882705275438727,0.6740924926138774,15
2020-02-11,0.0018074307649665732,0.6817714569681959,15
2020-02-12,-0.0006618440255533354,0.6824422523821658,15
2020-02-13,0.004039263376569814,0.6819728088566338,15
2020-02-14,0.004373434075724278,0.6841489321508644,15
2020-02-18,0.0004701322755053176,0.6837583947304083,15
2020-02-19,0.0048088912826898065,0.683864174783932,15
2020-02-20,-0.0009174723790147471,0.6844321481256433,15
2020-02-21,-0.0062331893953221276,0.6824617824262357,15
2020-02-24,-0.010446475473322754,0.33627199976521394,15
2020-02-25,-0.009195990548394758,0.3301356693274316,15
2020-02-26,-0.00010538105776045245,0.3279389124373938,15
2020-02-27,-0.00887816957825103,0.19721257416074972,15
2020-02-28,5.472658598610839e-05,0.19361936193316576,15
2020-03-02,0.010165606959032207,0.1958461935588999,15
2020-03-03,-0.005600015866191006,0.21902485008892467,15
2020-03-04,0.01406603961198296,0.2674160820320722,15
2020-03-05,-0.012888651896507168,0.3675959710377557,15
2020-03-06,-0.004833609893480144,0.3345130830570941,15
2020-03-09,-0.024253384230299786,0.33904451075230424,15
2020-03-10,0.013738634952426582,0.27000047737325716,15
2020-03-11,-0.008997065270125462,0.25141449061956117,15
2020-03-12,-0.026256655164968685,0.2484621936080806,15
2020-03-13,0.020862013828389914,0.2154101474167059,15
2020-03-16,-0.024277682535764813,0.1939640231902985,15
2020-03-17,0.013351168401313968,0.1815755971261516,15
2020-03-18,-0.006902518560898922,0.17416502738980702,15
2020-03-19,0.0031573949912006576,0.17571196249957188,15
2020-03-20,-0.0074871426254020995,0.17466916517034434,15
2020-03-23,0.0007949959997287499,0.1744645428946099,15
2020-03-24,0.01195391691651665,0.17526538300036504,15
2020-03-25,-0.0014556940718656432,0.1709730990439617,15
2020-03-26,0.011004139926976174,0.17106305905220812,15
2020-03-27,-0.0027010644645018315,0.16846243293522634,12
2020-03-30,0.007761210974967472,0.16845422476928298,12
2020-03-31,-0.0009382635326747158,0.169622975788666,12
2020-04-01,-0.007386406276429076,0.17005316235090065,12
2020-04-02,0.005201883066767999,0.17552848574397384,12
2020-04-03,-0.0015134963809814441,0.17747010855920112,15
2020-04-06,0.008846201755539008,0.17780907430532214,15
2020-04-07,-0.0029701846861778223,0.1927277747691785,15
2020-04-08,0.0045339396049631645,0.1992859704922705,15
2020-04-09,0.0005082409471132899,0.20158683855012163,15
2020-04-13,0.004288523787867162,0.23963192182275145,15
2020-04-14,0.011538403784033879,0.26968419706799607,15
2020-04-15,-0.0034598336762599736,0.3504800833186236,15
2020-04-16,0.01085222068340009,0.37190386937061437,15
2020-04-17,0.00559523901792092,0.37376217158931874,15
2020-04-20,-0.004695063380221364,0.3716894421455114,15
2020-04-21,-0.01030252387147057,0.38476730973589923,15
2020-04-22,0.0071716446285876685,0.34619359231888075,15
2020-04-23,-0.00213813882770676,0.3613060917115971,15
2020-04-24,0.0035177634374999106,0.3600998945350418,15
2020-04-27,0.0035923630016481416,0.37993970623166345,15
2020-04-28,-0.005647716252033695,0.3847170605887068,15
2020-04-29,0.0038493987330435538,0.3802801816497477,15
2020-04-30,-0.0002778822620716951,0.38026447538666347,15
2020-05-01,-0.012628149006895255,0.4034211830105174,15
2020-05-04,0.005824253259133903,0.3547870643759418,15
2020-05-05,0.005176935973842682,0.3518331706209477,15
2020-05-06,-0.0020027594270863596,0.36104369785314266,15
2020-05-07,0.001400910781025871,0.3627049138666357,15
2020-05-08,0.0017708773387627918,0.608868928773824,15
2020-05-11,0.012625613981631503,0.6088691266137312,15
2020-05-12,-0.0046982252218072465,0.3402029959022402,15
2020-05-13,-0.0007062958732385561,0.3550278350619958,15
2020-05-14,0.0016976959240981868,0.35858863580420386,15
2020-05-15,0.005748416642325695,0.3839939461513722,15
2020-05-18,0.013235277470666575,0.6392587416670115,15
2020-05-19,-0.0020441693806531962,0.3542596279596859,15
2020-05-20,0.007546998533992439,0.6426816443988442,15
2020-05-21,-0.004599788239201476,0.640745685045972,15
2020-05-22,0.00438626502646634,0.6294912234246435,15
2020-05-26,0.008466076788130461,0.627783640949857,15
2020-05-27,0.0056618709050475806,0.6107947784798375,15
2020-05-28,0.0005949173517838693,0.6319790489638439,15
2020-05-29,-0.0010660284743007128,0.6313527823695507,15
2020-06-01,0.0011292525329758092,0.6292727052592901,15
2020-06-02,0.009204454715354375,0.75,15
2020-06-03,0.01421497202427917,0.7412868481275036,15
2020-06-04,-0.003481143712088317,0.6714604815184577,15
2020-06-05,0.008244168718312562,0.9926313857138158,15
2020-06-08,0.0060154017428024585,0.6542685331600303,15
2020-06-09,0.005090063009131979,0.6547247463900934,15
2020-06-10,0.008057398217333103,0.6946484194969352,15
2020-06-11,-0.020320568226796232,0.4398645688909465,15
2020-06-12,0.0030658672709808384,0.30631433657726287,15
2020-06-15,0.00045431525421570567,0.3067132831818271,15
2020-06-16,0.005626041196299072,0.3063815065318518,15
2020-06-17,0.0008845899918786703,0.32104777245861194,15
2020-06-18,-0.0008545699696223231,0.3243635879296741,15
2020-06-19,-0.002992718258180572,0.32604207892137377,15
2020-06-22,0.002249410150676767,0.3295501993711322,15
2020-06-23,0.0012603181889260706,0.33011093990987656,15
2020-06-24,-0.009629573588636904,0.33668085967961425,15
2020-06-25,0.006190449909631152,0.31721341567057726,15
2020-06-26,-0.007853863235009915,0.31402291888299527,15
2020-06-29,0.00264779976703228,0.30251399211964075,15
2020-06-30,0.008186637352514918,0.3023005172376115,15
2020-07-01,-3.443517328184306e-05,0.5072015721822539,15
2020-07-02,0.00526712023218044,0.5522089280330429,15
2020-07-06,0.009928685655219224,0.5520337011017301,15
2020-07-07,-0.0022161254796009503,0.544297814773232,15
2020-07-08,0.004237287226647873,0.5487348109174514,15
2020-07-09,0.0043984172363567475,0.5506855892635059,15
2020-07-10,0.008999564229484112,0.5630941422329064,15
2020-07-13,-0.004350464818052391,0.44999999999999996,15
2020-07-14,0.012209719999192351,0.7330413084206122,15
2020-07-15,0.0020765299198524183,0.670469459457766,15
2020-07-16,0.0015837545847916367,0.6770514575764434,15
2020-07-17,0.0015743292555795067,0.6776701709452477,15
2020-07-20,0.015152861611092269,1.0,15
2020-07-21,-0.003192190297595607,0.9330607147683372,15
2020-07-22,0.0028825820107742303,0.91033852132962,15
2020-07-23,-0.008636240721842643,0.6078987030468681,15
2020-07-24,-0.005816930697192811,0.6175429723330518,15
2020-07-27,0.020733868292514744,0.8917451844261777,15
2020-07-28,-0.006310145986652554,0.5341838004860212,15
2020-07-29,0.014317259989950471,0.7652312738353533,15
2020-07-30,-0.009021951729271359,0.7340622734477386,15
2020-07-31,-0.008157962750935477,0.6937204948909219,15
2020-08-03,0.009155160554053866,0.6655499529905877,15
2020-08-04,0.0014725292072823974,0.6680620003406343,15
2020-08-05,0.004884172396350142,0.673158048841956,15
2020-08-06,0.0006871323823892003,0.6725819863734374,15
2020-08-07,0.0028668913046071415,0.6724727836086029,15
2020-08-10,5.59558553852062e-05,0.6830884804678763,15
2020-08-11,-0.006138019842262983,0.6930528092281825,15
2020-08-12,0.02242013898114302,0.7034349788680061,15
2020-08-13,0.0019022182146999538,0.6121639809142897,15
2020-08-14,0.0016508710328322913,0.6122538520647506,15
2020-08-17,0.0071949746734946635,0.6122792914738214,15
2020-08-18,0.0012628672802391118,0.6390162409262783,15
2020-08-19,-0.0023253246649551536,0.6449264420533599,15
2020-08-20,0.0012687414814241819,0.6407058324631807,15
2020-08-21,0.006363055770297423,0.6666865176559076,15
2020-08-24,0.005693572046981895,0.6820009854110591,15
2020-08-25,0.006329529981970452,0.7751094022488727,15
2020-08-26,0.03080138296017998,0.8017724938458742,15
2020-08-27,-0.0003072048630855988,0.6283571092162442,15
2020-08-28,0.0031932533764083768,0.6602266801737834,15
2020-08-31,0.008500578047266262,0.46645601904349154,15
2020-09-01,0.007535970046038954,0.4673708039469211,15
2020-09-02,0.0016136741401830404,0.46853687080255607,15
2020-09-03,-0.013781388163891439,0.2798163754510922,15
2020-09-04,-0.0015468790766963384,0.25057471995291697,15
2020-09-08,-0.013040845553073648,0.24822187423796413,15
2020-09-09,0.013326521922802804,0.3839779996705576,15
2020-09-10,-0.008137412785135453,0.38522565032856576,15
2020-09-11,-0.0008447515109285446,0.4086093684777302,15
2020-09-14,0.010688518646967266,0.40712366676396194,15
2020-09-15,0.00831935021234834,0.4004478122425526,15
2020-09-16,-0.005818299511729897,0.39930552708073075,15
2020-09-17,-0.005117571916539838,0.39112761382622474,15
2020-09-18,-0.004784114465754639,0.3873566343561059,15
2020-09-21,0.0012379372885805572,0.3820992277062287,15
2020-09-22,0.0063980468388945754,0.3835881871501951,15
2020-09-23,-0.011650575704262036,0.3830555868986438,15
2020-09-24,0.002389235877665552,0.3682572277422444,15
2020-09-25,0.004454755262547752,0.4881560505353412,15
2020-09-28,0.007643292969672772,0.48423695440901904,15
2020-09-29,0.0009640574669293034,0.47536122100117245,15
2020-09-30,0.004689271984947803,0.4888070070783573,15
2020-10-01,0.003328050542946813,0.4961748137714793,15
2020-10-02,-0.01547709296236299,0.4942960772307311,15
2020-10-05,0.013882773726633338,0.48420432586022805,15
2020-10-06,-0.009398232098075453,0.45148502125524104,15
2020-10-07,0.011699028983178693,0.466173165858892,15
2020-10-08,0.0011383021144147616,0.47310462395780484,15
2020-10-09,0.006064200590810317,0.7338083897792009,15
2020-10-12,0.00826829970747651,0.4857049396189354,15
2020-10-13,0.00018980221325364018,0.49366753255326,15
2020-10-14,-0.0036989990855315525,0.5044382006334377,15
2020-10-15,-0.005017259276700151,0.5100691992194095,15
2020-10-16,-0.0019184526556091039,0.5103574257830135,15
2020-10-19,-0.008246270331570674,0.5165188749836334,15
2020-10-20,0.0013123329111977406,0.4969809414034171,15
2020-10-21,-0.0034886701215702445,0.504117500133449,15
2020-10-22,-0.0015120084293748963,0.5375674955458596,15
2020-10-23,0.004949543063255869,0.5367151797012527,15
2020-10-26,-0.005497724874921415,0.3213970770785946,15
2020-10-27,0.00046018282739624386,0.3241148129012673,15
2020-10-28,-0.012517821780249159,0.3242171353053482,15
2020-10-29,0.005783297128083375,0.3055969581051877,15
2020-10-30,-0.008408261421046268,0.30206993669463816,15
2020-11-02,0.002954600195486773,0.3264582929070679,15
2020-11-03,0.008983349126573992,0.36581175346073513,15
2020-11-04,0.01887350755895022,0.6071185599245097,15
2020-11-05,0.01596018112568814,0.5369868566908296,15
2020-11-06,-0.007042969207303244,0.7257711055179912,15
2020-11-09,0.0073974821202219656,0.4770489757284063,15
2020-11-10,-0.006485566108749711,0.7192422717869775,15
2020-11-11,0.0074892384481089706,0.7062476391916863,15
2020-11-12,-0.0068751128616485,0.4649228307862639,15
2020-11-13,0.005174174054278023,0.6910024741280894,15
2020-11-16,0.011315946657932913,0.6879576183629155,15
2020-11-17,0.006460162718699315,0.6871405854738929,15
2020-11-18,0.0016432700163464275,0.6824699008938382,15
2020-11-19,0.005572028364395498,0.6908687051401841,15
2020-11-20,-0.00732279905649968,0.6930679935183093,15
2020-11-23,0.016235676294404387,0.670747659810424,15
2020-11-24,0.017762674250987025,0.645427710880925,15
2020-11-25,1.674913048850088e-05,0.6095972682312868,15
2020-11-27,0.0015321033608683707,0.6632429646538971,15
2020-11-30,-0.00535698372026538,0.6613020846374904,15
2020-12-01,0.007951999715259356,0.6777071302384466,15
2020-12-02,0.00210461504500567,0.6762263713948917,15
2020-12-03,0.001802423671354476,0.6787273851996588,15
2020-12-04,0.005204402826060144,0.736326590208772,15
2020-12-07,0.006158354754946086,0.7887586461355471,15
2020-12-08,-0.0002486490911998583,0.8324615724586617,15
2020-12-09,-0.0027715547404228965,0.8316156576178617,15
2020-12-10,0.0033871844816969663,0.8603822991637068,15
2020-12-11,-0.009862472131571591,0.8679938583570105,15
2020-12-14,-0.0031760294690750413,0.8342638634137669,15
2020-12-15,0.011590913137204412,0.8186477941630728,15
2020-12-16,0.00017067702877351972,0.8166542841604076,15
2020-12-17,0.005413402740949654,0.8195387127843268,15
2020-12-18,-0.0012184093288496287,0.8169224567935482,15
2020-12-21,-0.009274619135229041,0.5428511763113816,15
2020-12-22,-0.009766495449640778,0.7972553940113158,15
2020-12-23,0.012862559694711298,0.8302145800442122,15
2020-12-24,-0.002015551701009165,0.9009881832007762,15
2020-12-28,0.0034648611069707357,0.8969127161886942,15
2020-12-29,-0.001923728267890361,0.8931923335918768,15
2020-12-30,0.014211512463962402,0.9110170886685025,15
2020-12-31,0.004605473555880706,0.8456629831947653,15
2021-01-04,-0.004735255869399716,0.5606846118237528,15
2021-01-05,0.01149109670683081,0.5499740678934069,15
2021-01-06,0.016045482490388965,0.525736296728152,15
2021-01-07,0.01933102660136142,0.7258101895597773,15
2021-01-08,0.00670270911852135,0.6546819470653641,15
2021-01-11,-0.004388400650129143,0.6595442068051749,15
2021-01-12,0.010978513576218677,0.6471613815134745,15
2021-01-13,-0.0022759452760268786,0.6746471997946608,15
2021-01-14,0.00338398114626895,0.6775754886723188,15
2021-01-15,-0.0175412439606266,0.6924648576675663,15
2021-01-19,0.012796849015887414,0.6040155577614175,15
2021-01-20,0.002033706119432956,0.5890199581349006,15
2021-01-21,-0.009214090111313446,0.591947032465993,15
2021-01-22,-0.0034586448181029555,0.5921921897876588,15
2021-01-25,-0.0011345868924606058,0.6138506408421991,15
2021-01-26,-0.0075737010223896435,0.627358936771605,15
2021-01-27,-0.007059584957902444,0.24471599567521707,15
2021-01-28,0.003854767229761701,0.23868700993436986,15
2021-01-29,-0.006378614733347658,0.2396807447002338,15
2021-02-01,0.004023227082998643,0.24547549281840278,15
2021-02-02,0.008822976013660349,0.4095389332458522,15
2021-02-03,0.006548390734823469,0.6125517051156762,15
2021-02-04,0.008156572921649214,0.6255379153439691,15
2021-02-05,0.00013286031687104148,0.6597649483919357,15
2021-02-08,0.019717869898823934,0.75168096570311,15
2021-02-09,-0.0028364978936285326,0.6630605740352209,15
2021-02-10,-0.00022538668342440518,0.6664091574298214,15
2021-02-11,0.0010853726515150314,0.6909525240998784,15
2021-02-12,0.009647052200247285,0.9241999368632426,15
2021-02-16,0.009055811882388194,0.6756583437753361,15
2021-02-17,0.0026668414679579095,0.7678926194487892,15
2021-02-18,-0.009772375790002667,0.8111421169806452,15
2021-02-19,0.013829363680075169,0.762340717293611,15
2021-02-22,-0.004786357729491399,0.7556233254588628,15
2021-02-23,0.0012728818803419532,0.7498585417907999,15
2021-02-24,0.030372316714808327,0.7536446509442518,15
2021-02-25,-0.014991910377511722,0.40585853941394184,15
2021-02-26,-0.004669117457709375,0.3802324615370226,15
2021-03-01,0.017225927636567193,0.5602800693340122,15
2021-03-02,-0.008554431919285618,0.5523781001323961,15
2021-03-03,-0.0017126810176990792,0.35432224775273596,15
2021-03-04,-0.002815168082027597,0.35380444286415785,15
2021-03-05,0.00749141632143955,0.5274548937541972,15
2021-03-08,-0.005156566044429456,0.3521133747943837,15
2021-03-09,0.01900363287196249,0.5216419853430012,15
2021-03-10,0.0020387282601273416,0.5242695777459052,15
2021-03-11,0.007490063430494116,0.527943919805592,15
2021-03-12,0.0011924850186353121,0.5272579283390004,15
2021-03-15,0.006711199250574633,0.5273141044791857,15
2021-03-16,-0.008147385817682618,0.707420740511786,15
2021-03-17,0.010505604323762336,0.6949156260474735,15
2021-03-18,-0.02064191477932948,0.5144892016774472,15
2021-03-19,0.0010215633107388924,0.47789962597473473,15
2021-03-22,0.004322776636370855,0.6536543679307244,15
2021-03-23,-0.006938718754202854,0.49378829482589015,15
2021-03-24,-0.004352213244641091,0.48667727937496175,15
2021-03-25,0.00660441275055825,0.7822856252492975,15
2021-03-26,0.01852715961046189,0.8284549817954503,15
2021-03-29,-0.0034583540820951786,0.5798658379600937,15
2021-03-30,-0.0008943320751756261,0.8208040180800398,15
2021-03-31,0.010833569817369253,0.8442816650989532,15
2021-04-01,0.015253199720480741,0.8269450059629896,15
2021-04-05,0.008956329372189134,0.7965212057520605,15
2021-04-06,-0.004326448502351327,0.7932272240033066,15
2021-04-07,-0.002337363852964307,0.7961089264141347,15
2021-04-08,0.005152856295624804,0.8557259850096415,15
2021-04-09,0.00133024794801139,0.8533456548764321,15
2021-04-12,-0.004955150452819245,0.8611219391996419,15
2021-04-13,0.005639976563159455,0.8487093148542324,15
2021-04-14,0.006286867711799035,0.8513251408514871,15
2021-04-15,0.003881273832636452,0.874830994192954,15
2021-04-16,-0.00318480841245536,0.8950406870078643,15
2021-04-19,-0.011253817895997473,1.0,15
2021-04-20,-0.018940610812656983,1.0,15
2021-04-21,0.01934653322203675,0.8636672451914239,15
2021-04-22,-0.013810287544314345,0.8043677845519217,15
2021-04-23,0.0148925712623359,0.7598934954577684,15
2021-04-26,0.00821971067780627,0.7338966515140973,15
2021-04-27,-0.002095726632749179,0.7777670775891423,15
2021-04-28,-0.0011371089109869694,0.7803846154288666,15
2021-04-29,0.004865274069690959,0.7800910554657275,15
2021-04-30,-0.010219172272529652,0.7956970588869272,15
2021-05-03,0.004790131918450209,0.8138697895963226,15
2021-05-04,-0.007077071932925456,0.8272864074361472,15
2021-05-05,0.004331836557442202,0.8195732862023116,15
2021-05-06,0.004664643295182497,0.8168219020898321,15
2021-05-07,0.014584562298260408,0.8178990890269026,15
2021-05-10,-0.020266004403240754,0.774918946902205,15
2021-05-11,-0.0052566473005140335,0.5279414750646161,15
2021-05-12,-0.009143348015811851,0.3524410897275049,15
2021-05-13,0.0008473303876376145,0.5262888602893669,15
2021-05-14,0.021184525265052073,0.7050261089888431,15
2021-05-17,0.0009706186551502029,0.6421937453793979,15
2021-05-18,-0.006657032417580554,0.4934852088083786,15
2021-05-19,-0.0005122126706379753,0.5281539438213905,15
2021-05-20,0.008903949066213895,0.5732015824366171,15
2021-05-21,0.0012843492013505967,0.5956102175639707,15
2021-05-24,0.010759603239366174,0.8404483050751037,15
2021-05-25,-0.0035783088501786203,0.8290580578723704,15
2021-05-26,0.00438546779253244,0.8264527068721245,15
2021-05-27,0.008113959996268252,0.8242273786986902,15
2021-05-28,0.0008421240696415985,0.8156637235698853,15
2021-06-01,0.0068622415153176694,0.8495486027034201,15
2021-06-02,0.004587132843526163,0.8450097695631584,15
2021-06-03,-0.007577358521213795,0.8660874066917942,15
2021-06-04,0.009124605007322423,0.8422597347479294,15
2021-06-07,-0.0020995606965821317,0.8307635532211594,15
2021-06-08,0.0004322698594849143,0.8730092639005689,15
2021-06-09,-0.005104265050799987,1.0,15
2021-06-10,0.004474112765028067,1.0,15
2021-06-11,0.0022366722633816822,1.0,15
2021-06-14,2.9727289372463608e-05,1.0,15
2021-06-15,-0.00022878987953047094,1.0,15
2021-06-16,-0.005339916138358444,1.0,15
2021-06-17,-0.008176360447118461,1.0,15
2021-06-18,-0.016599074138168364,1.0,15
2021-06-21,0.02248418469485699,1.0,15
2021-06-22,0.002510134711441716,0.9296131907288334,15
2021-06-23,0.004130672817756013,0.9636332407577315,15
2021-06-24,0.013673025294849137,0.9684096564249919,15
2021-06-25,0.008457296633886717,0.9171231131402854,15
2021-06-28,-0.005171119163187891,0.9156070323311363,15
2021-06-29,0.0033704826722950423,0.9008271041116063,15
2021-06-30,0.010269847985452702,0.9093634086315926,15
2021-07-01,0.008038004944638069,0.887636365624096,15
2021-07-02,0.0014109552248000707,0.9043905882832495,15
2021-07-06,-0.016307488612260456,0.9204612699886451,15
2021-07-07,-0.012192136913395329,0.8308766153402831,15
2021-07-08,-0.005039826648125211,0.7909099489921956,15
2021-07-09,0.013928066856480346,0.7910682184334503,15
2021-07-12,0.0062417383888154826,0.7588949685412125,15
2021-07-13,-0.008485338637755316,0.7542437523641767,15
2021-07-14,-0.009720688186157494,0.7378821992881359,15
2021-07-15,-0.008830308009151105,0.7199204426680845,15
2021-07-16,-0.01417260182895585,0.7116639032503886,15
2021-07-19,-0.007381730790154265,0.5185070509303316,15
2021-07-20,0.009883024345447388,0.7260997823292488,15
2021-07-21,0.020243541770445028,0.8055972545800846,15
2021-07-22,-0.0016959693423367716,0.7276764087439043,15
2021-07-23,0.0024590829994752955,0.729145831175616,15
2021-07-26,0.008566336530324351,0.7617122677021652,15
2021-07-27,-0.005308773000667596,0.761343838711574,15
2021-07-28,0.011121100512954802,0.76107782377155,15
2021-07-29,0.008860853255785036,0.7401812905163903,15
2021-07-30,-0.007160978466266632,0.7449512057774919,15
2021-08-02,-0.00019519079979923133,0.7490399367357572,15
2021-08-03,0.012892722967733423,0.7498249765039744,15
2021-08-04,-0.003196608808183795,0.7685806674137013,15
2021-08-05,0.007055868037378768,0.8013695014934753,15
2021-08-06,0.004595184869096011,0.8038032261545142,15
2021-08-09,-0.0025767125004353604,0.8387859010421943,15
2021-08-10,0.006840973310284939,0.8422885314275236,15
2021-08-11,0.004216856941472985,0.8592385870558167,15
2021-08-12,0.0015054991838641155,0.898209718216229,15
2021-08-13,-0.0030732602651022695,0.9420646746687679,15
2021-08-16,-0.013149368466472217,1.0,15
2021-08-17,-0.009900837659365275,0.9828157217775303,15
2021-08-18,-0.008117600386486623,0.7069224644006391,15
2021-08-19,-0.005894840435143762,0.7932378526377792,15
2021-08-20,0.01109919986409659,1.0,15
2021-08-23,0.017401997927316372,0.99104979554816,15
2021-08-24,0.0031054530186207406,0.9123241015014905,15
2021-08-25,0.006564516859382249,0.9275858387960454,15
2021-08-26,-0.009729923672862692,0.95133131564611,15
2021-08-27,0.01776688364776755,0.9308176573597714,15
2021-08-30,-0.0053023804260286566,0.8666117266111859,15
2021-08-31,-0.007543342657127585,0.8538639174959609,15
2021-09-01,-0.007967035385737887,0.8720200757313871,15
2021-09-02,0.009985593851198186,0.8557525379676736,15
2021-09-03,-0.0027659096040878383,0.8430253585634442,15
2021-09-07,-0.002976367110274291,0.8453788201801371,15
2021-09-08,-0.009149367687463713,0.8447689321876463,15
2021-09-09,0.0019971587319253256,0.8376255908265475,15
2021-09-10,-0.004635767245624109,0.6315488348469429,15
2021-09-13,0.006776066042427982,0.8401325460326629,15
2021-09-14,-0.008101014617928748,0.8265706715555617,15
2021-09-15,0.01202109425924534,0.85306094794416,15
2021-09-16,-0.0032296177004583434,0.8427546836631724,15
2021-09-17,-0.00437759249329318,0.644974229260555,15
2021-09-20,-0.007412214131719028,0.4326008281198717,15
2021-09-21,0.0010554225743792266,0.6590421674014026,15
2021-09-22,0.011716840975285197,0.7415716872433116,15
2021-09-23,0.017835456924551615,0.9358519172431229,15
2021-09-24,0.003129435893243962,0.8506098803489697,15
2021-09-27,0.008679344960539277,0.8791279493497716,15
2021-09-28,-0.012744981940520633,0.7167440080659855,15
2021-09-29,0.001034633758744035,0.6800231356114987,15
2021-09-30,-0.007623356824371556,0.695577396677436,15
2021-10-01,0.0023911681554556266,0.6970841152997083,15
2021-10-04,-0.009652158559123021,0.7215986265054295,15
2021-10-05,0.007399166996162875,0.6978031793674199,15
2021-10-06,0.0013689862717076835,0.6864844060781792,15
2021-10-07,0.011229812832839164,0.9488949466889154,15
2021-10-08,0.002546282149741479,0.9130610737078213,15
2021-10-11,-0.0023693134967688804,0.9255956529687215,15
2021-10-12,-0.00017273027542345453,0.9302621943890336,15
2021-10-13,0.0034133890773892566,0.9630835304199591,15
2021-10-14,0.013797548366608424,1.0,15
2021-10-15,0.011902882092244525,0.9569273237760864,15
2021-10-18,0.008273252696793737,0.9411798007360486,15
2021-10-19,0.007262310514064474,0.9754360684013083,15
2021-10-20,0.007047298274873778,0.9737110379697611,15
2021-10-21,0.0035772185921712487,0.9952569717299341,15
2021-10-22,0.005819311471879106,1.0,15
2021-10-25,0.015701557590097552,1.0,15
2021-10-26,0.008918314176694062,1.0,15
2021-10-27,-0.018346661805706252,1.0,15
2021-10-28,0.010298317175954735,0.9329445697803835,15
2021-10-29,-0.0008113222500340983,0.9698479247743031,15
2021-11-01,0.004297747767414545,0.9606492820935019,15
2021-11-02,0.0023830859187432486,1.0,15
2021-11-03,0.002479988892150924,1.0,15
2021-11-04,0.004688349158285742,1.0,15
2021-11-05,-0.007513334623850875,1.0,15
2021-11-08,0.010739174951592363,1.0,15
2021-11-09,-0.008459276076978576,1.0,15
2021-11-10,-0.0074727243543028085,0.9520125078560091,15
2021-11-11,0.0025073208330416087,0.9060083220438827,15
2021-11-12,0.006003802189448095,0.9426933171547782,15
2021-11-15,-0.00044417225391462804,0.9694608143050504,15
2021-11-16,0.004032370804191747,0.9783582505830459,15
2021-11-17,-0.008885898486824625,0.9871953408434395,15
2021-11-18,0.0035774952144312093,0.9517357787568053,15
2021-11-19,-0.006657671631015582,0.951735340212945,15
2021-11-22,0.004202241480502784,0.9371782868203451,15
2021-11-23,0.008197927820103295,1.0,15
2021-11-24,0.009162857985146097,1.0,15
2021-11-26,-0.019395180431172516,0.6092950417851782,15
2021-11-29,0.010211337704694328,0.7673920527800766,15
2021-11-30,-0.008465802177791405,0.49076419294536566,15
2021-12-01,-0.0062356017524319496,0.2869972234324538,15
2021-12-02,0.006380836657389253,0.4726368366691171,15
2021-12-03,-0.0075941588812632405,0.2795865434121536,15
2021-12-06,0.002553361853085966,0.4618803555311272,15
2021-12-07,0.024234996358010755,0.7030747511276861,15
2021-12-08,-0.0014352056268639563,0.8031905551174013,15
2021-12-09,-0.009981100265075279,0.6159638876082187,15
2021-12-10,0.011494565825974376,0.8101031677240184,15
2021-12-13,-0.01498266467019819,0.5890862638722428,15
2021-12-14,-0.003930475026069218,0.5582380467708312,15
2021-12-15,0.013523659426435077,0.7416914032026103,15
2021-12-16,-0.011130265649363503,0.5353579131509155,15
2021-12-17,-0.009234289675614734,0.5299497742138317,15
2021-12-20,-0.00692521560822315,0.5221332918873631,15
2021-12-21,0.011804909164739539,0.5217586549515586,15
2021-12-22,0.006909355858821364,0.6778412610125156,15
2021-12-23,0.007366495815200985,0.6805519044168287,15
2021-12-27,0.015591344134024385,0.6847830486048407,15
2021-12-28,-0.004100771762094634,0.7111519846768845,15
2021-12-29,-0.0017085815426093822,0.7198919021771307,15
2021-12-30,-0.00493565077541716,0.7336163884979088,15
2021-12-31,-0.003915088422434098,0.7366659012057168,15
2022-01-03,0.023363776301784836,0.7377314294377966,15
2022-01-04,0.0019641353853579336,0.6763885332779819,15
2022-01-05,-0.018527503585119197,0.6763957641421384,15
2022-01-06,0.00669670524678268,0.6972890662070081,15
2022-01-07,-0.0032867039128873362,0.6916485235083996,15
2022-01-10,0.0037603473738445125,0.7061809706841851,15
2022-01-11,0.010770436469702263,0.723527794994486,15
2022-01-12,0.0005373803372584225,0.7521557403714617,15
2022-01-13,-0.01039506899254501,0.5685490820843306,15
2022-01-14,0.011826519399394345,0.7602266951078791,15
2022-01-18,-0.009239724426840255,0.5766059204705618,15
2022-01-19,-0.01173366052445658,0.5765879072438622,15
2022-01-20,-0.005695358839272347,0.3742132684476383,15
2022-01-21,-0.006920448064942012,0.38031281273395723,15
2022-01-24,-0.0006827850826444768,0.3791935669657844,15
2022-01-25,-0.001338416824269981,0.23078534219466082,15
2022-01-26,0.002064042547796448,0.24859988650365644,15
2022-01-27,-0.004703198115840398,0.24859478686445727,15
2022-01-28,0.0063421512572350135,0.4126491694474675,15
2022-01-31,0.011887955563654004,0.6130651815436586,15
2022-02-01,0.008209652437220098,0.5913523586073184,15
2022-02-02,0.00326040526032431,0.6879003208904786,15
2022-02-03,-0.013052787465181084,0.6859376073530685,15
2022-02-04,0.003313565277328769,0.7332002412059868,15
2022-02-07,0.004635303289200113,0.7441750034334145,15
2022-02-08,0.002545790500347178,0.7404949134185397,15
2022-02-09,0.02213916559446565,0.9904519098308197,15
2022-02-10,-0.012357794812032549,0.6480299223759094,15
2022-02-11,-0.014135543717446734,0.410964836736449,15
2022-02-14,0.0003671817729485162,0.40032756824740867,15
2022-02-15,0.013550670235933673,0.4183714158727422,15
2022-02-16,-0.001355314077556077,0.6080038466257015,15
2022-02-17,-0.014106460882608399,0.4239313021377648,15
2022-02-18,-0.003966370011535032,0.401997212606743,15
2022-02-22,-0.005313889897171279,0.40608918433420277,15
2022-02-23,-0.003985071329852601,0.24139702551330303,15
2022-02-24,0.0001887223586022098,0.24032025039643948,15
2022-02-25,0.007616489948577199,0.40091653271788513,15
2022-02-28,0.0014379604573471127,0.23893998742949238,15
2022-03-01,-0.007889142764464434,0.24106462919329447,15
2022-03-02,0.005831252012420836,0.24649481670390766,15
2022-03-03,-0.0028116734427141776,0.24914284590118896,15
2022-03-04,0.0019586582203330472,0.25000544517539036,15
2022-03-07,-0.0035865284893487883,0.2623974568601284,15
2022-03-08,-0.002666552288012621,0.26258290100183035,15
2022-03-09,0.0020014424303530353,0.26470167601438443,15
2022-03-10,0.0018071718909791782,0.2650078755816048,15
2022-03-11,-0.001907002495646703,0.33394725540538445,15
2022-03-14,-0.00015899212325054115,0.357037536913311,15
2022-03-15,0.002690711812590916,0.6707749447668493,15
2022-03-16,0.0010318240619833076,0.6656308178930647,15
2022-03-17,0.0162233407030927,0.75,15
2022-03-18,-0.001418465226590057,0.9398476374471154,15
2022-03-21,0.006554448870667964,1.0,15
2022-03-22,0.006994197138340743,1.0,15
2022-03-23,-0.007640331353619533,1.0,15
2022-03-24,0.013312679588783537,1.0,15
2022-03-25,0.003253740766942418,0.9433272844853491,15
2022-03-28,0.006763105303572911,1.0,15
2022-03-29,0.006074561894520631,1.0,15
2022-03-30,-0.010934599713255961,1.0,15
2022-03-31,-0.01692281245946187,0.9043884182621262,15
2022-04-01,0.005382849682851543,1.0,15
2022-04-04,0.004138123535860771,1.0,15
2022-04-05,-0.010274626901602569,0.7629031695560639,15
2022-04-06,-0.012051042530892333,0.724005269450618,15
2022-04-07,0.0001027483928426468,0.6786869756789047,15
2022-04-08,0.0028115711343509532,0.6789786063299929,15
2022-04-11,-0.014200067599660462,0.6794993764734998,15
2022-04-12,0.0016149291492704098,0.6325934716887619,15
2022-04-13,0.008897079388855266,0.6334786391720425,15
2022-04-14,-0.0035628848094204544,0.6192692844742951,15
2022-04-18,-0.00019595642664086842,0.6720345827446926,15
2022-04-19,0.0015748588793835076,0.6721977153779755,15
2022-04-20,-0.00042719147065259795,0.6834946426872005,15
2022-04-21,-0.01616317823332886,0.6995712295429919,15
2022-04-22,-0.011237083929076977,0.43733878436505536,15
2022-04-25,-0.005651973561654062,0.4622586292581174,15
2022-04-26,-0.0058425387369954816,0.28072475235915084,15
2022-04-27,0.004506625359158918,0.29220653507058747,15
2022-04-28,0.008785549090850995,0.4929319000495285,15
2022-04-29,-0.010697994037656927,0.2847309217071572,15
2022-05-02,-0.0003487608053102794,0.30151576911036354,15
2022-05-03,0.005199119004121609,0.5165459410279418,15
2022-05-04,0.01417782223374895,0.5127230100074014,15
2022-05-05,-0.006542548249996884,0.28213631053986943,15
2022-05-06,0.0029212957054973758,0.2920120043230232,15
2022-05-09,-0.003767086623223405,0.29011899570838623,15
2022-05-10,-0.0009586483268488746,0.29154408642964724,15
2022-05-11,0.00027574349224171815,0.3142409669875837,15
2022-05-12,0.0016584354619302263,0.3149970670473525,15
2022-05-13,0.008730745177831373,0.5502063575447848,15
2022-05-16,0.008643774871885885,0.5261433941523266,15
2022-05-17,0.005978649388972805,0.5061502545036822,15
2022-05-18,-0.008780605647462083,0.2990902591944558,15
2022-05-19,-0.004606244526903355,0.4834164057171157,15
2022-05-20,0.004014647482956505,0.5381849272105133,15
2022-05-23,0.009087963102879739,0.5760814970890512,15
2022-05-24,0.008600289398136559,0.5715521158814608,15
2022-05-25,0.0006840349223469834,0.5773394284248963,15
2022-05-26,0.0018776161186950372,0.5782348007289587,15
2022-05-27,0.011134487868315002,0.5945678821013236,15
2022-05-31,-0.0046235931513740605,0.6321416190006863,15
2022-06-01,-0.00418902067814709,0.6130895845333683,15
2022-06-02,0.00917387928248517,0.8983023353661844,15
2022-06-03,0.0011964215800792596,0.9578174568142936,15
2022-06-06,0.0004217432339100828,0.6756186271742393,15
2022-06-07,0.015546249055172792,1.0,15
2022-06-08,-0.002433221591391252,0.9246961159755636,15
2022-06-09,-0.01603408481962794,0.6106795508821449,15
2022-06-10,-0.0045217798545413,0.5069786557878166,15
2022-06-13,-0.0115634194246219,0.2983056705265998,15
2022-06-14,-0.0007044678381390546,0.28416816400212025,15
2022-06-15,-0.004184233755491383,0.4852302458011565,15
2022-06-16,-0.00798018889388358,0.29270708668900686,15
2022-06-17,-0.005859611612098299,0.29436133671969955,15
2022-06-21,0.011560582610732131,0.292744146838191,15
2022-06-22,-0.005643526692967083,0.4660967615759403,15
2022-06-23,-0.003459302140627666,0.47540585265674745,15
2022-06-24,0.011805533976269045,0.49086347707962386,15
2022-06-27,0.0024242202195533203,0.461702739500988,15
2022-06-28,0.0002498940929068999,0.4612212348966595,15
2022-06-29,-0.004411054451703701,0.48700892514401456,15
2022-06-30,-0.0022502569686420094,0.4873169763446536,15
2022-07-01,0.007070399440042968,0.4891632869112524,15
2022-07-05,-0.011788792313040359,0.4971155405961462,15
2022-07-06,-0.00014598043669849682,0.47602082754031255,15
2022-07-07,0.004620032059107473,0.4763941662333751,15
2022-07-08,-0.0005080673466108127,0.802870088505192,15
2022-07-11,-0.0002499655946674922,0.5345828854130373,15
2022-07-12,-0.006024503572856117,0.5992968775670324,15
2022-07-13,-0.004142179821766371,0.5948651423187548,15
2022-07-14,-0.004280465314122608,0.6351797985778115,15
2022-07-15,0.014360078975946908,0.9460011286814447,15
2022-07-18,-0.011593905275336238,0.5534208882849126,15
2022-07-19,0.005798060669574484,0.8012750017028024,15
2022-07-20,-0.010516220961172879,0.8004262218483054,15
2022-07-21,0.0009665446295973528,0.8168484192008387,15
2022-07-22,-0.001706306517522147,0.8257885989065339,15
2022-07-25,0.00959804312004082,0.828912461185974,15
2022-07-26,-0.0038215723593329333,0.8518802366299747,15
2022-07-27,0.003981183976008059,0.8523851563634779,15
2022-07-28,0.0008719883107610573,0.8419365715468425,15
2022-07-29,0.006553278153496019,0.8476310459190401,15
2022-08-01,-0.0020241581787975053,0.8281455205878623,15
2022-08-02,-0.004598218242587014,0.8515900076615819,15
2022-08-03,0.014265631517922426,0.9117894898060825,15
2022-08-04,0.001968858530472546,0.8138838011962857,15
2022-08-05,0.005589889813436899,0.820143490175361,15
2022-08-08,-8.360295453225215e-05,0.8101584738667715,15
2022-08-09,-0.0007144078524079496,0.8102852078860866,15
2022-08-10,0.010893618850483693,1.0,15
2022-08-11,-0.0029062664294520115,0.8044799981764916,15
2022-08-12,0.013872869163110126,1.0,15
2022-08-15,0.0020896085874018565,1.0,15
2022-08-16,0.0032820275328727597,1.0,15
2022-08-17,-0.008056951981813507,1.0,15
2022-08-18,0.0016222950908957793,1.0,15
2022-08-19,-0.010243832532667528,0.9532690855384642,15
2022-08-22,-0.018070520946096343,0.8701293988941055,15
2022-08-23,-0.002774341079001089,0.7438553501998278,15
2022-08-24,0.0022943675289539686,0.7465842602022194,15
2022-08-25,0.009148646574506723,0.7492231541401592,15
2022-08-26,-0.009391403732231867,0.4852698137547905,15
2022-08-29,-0.001029746181880586,0.47225541961801415,15
2022-08-30,-0.005054514396877444,0.47293873969362066,15
2022-08-31,-0.0037946996397639375,0.4720672532476524,15
2022-09-01,0.005704260985206731,0.5122631598289674,15
2022-09-02,-0.001398702457851795,0.5048506704355726,15
2022-09-06,-0.0017952811287245004,0.5134085034058982,15
2022-09-07,0.005414281890279755,0.7699108576022428,15
2022-09-08,0.006538950114950748,0.7571278623347759,15
2022-09-09,0.006757928302981068,0.7861609263442118,15
2022-09-12,0.002973619563398855,0.7691158674794486,15
2022-09-13,-0.013756852834026691,0.5659966752044194,15
2022-09-14,0.004650128422960923,0.5243460521935362,15
2022-09-15,-0.00352105479228594,0.5205810751238515,15
2022-09-16,-0.003931677807417427,0.5306994357954115,15
2022-09-19,0.0023676669798135186,0.5314870640311519,15
2022-09-20,-0.005863374774244039,0.5502588678624508,15
2022-09-21,-0.010069797619437494,0.6545903115370459,15
2022-09-22,-0.0035704335987150736,0.6159318605670568,15
2022-09-23,-0.011533804471518536,0.6168762884332424,15
2022-09-26,-0.004809798869889196,0.3732813169936555,15
2022-09-27,0.0005520514195344663,0.3859450479663335,15
2022-09-28,0.00898164429148474,0.3846189361102649,15
2022-09-29,-0.004712663482987957,0.3611753892857751,15
2022-09-30,-0.0036106192466763567,0.35982672839866464,13
2022-10-03,0.013518282822054896,0.37008328133985635,13
2022-10-04,0.012015869430024384,0.5438734702312218,13
2022-10-05,0.0016248401656347841,0.5053408376011322,13
2022-10-06,-0.001714177733170063,0.3070715859133198,13
2022-10-07,-0.0029313403104386094,0.3140111446343281,15
2022-10-10,-0.0014021075686771838,0.3226315545582429,15
2022-10-11,-0.00010169482215053718,0.3256188036241571,15
2022-10-12,-0.0013259337280598334,0.35648428764936646,15
2022-10-13,0.010988105175454396,0.36329318739178235,15
2022-10-14,-0.006873631684381468,0.33690029683348804,15
2022-10-17,0.005225829867601006,0.3315064670311455,15
2022-10-18,0.003476916236783822,0.32738458014107985,15
2022-10-19,-0.0013638706225699926,0.331098775953296,15
2022-10-20,-0.0024784931941839467,0.5861231471441989,15
2022-10-21,0.016024656091609264,0.5889706347717875,15
2022-10-24,0.004933332805700682,0.5723557789298466,15
2022-10-25,0.004448306287191592,0.5872115303109986,15
2022-10-26,0.004098581243133729,0.5875945455149615,15
2022-10-27,0.0018942229869781519,0.6016994162351696,15
2022-10-28,0.014808434925492718,0.6232925137846207,15
2022-10-31,-0.004626438858476571,0.5900074684592463,15
2022-11-01,0.0018102960457685108,0.6056927154525523,15
2022-11-02,-0.014549873905502105,0.6433131863359478,15
2022-11-03,0.0013326177973000074,0.5450924144152043,15
2022-11-04,0.012856963485859555,0.8222999623534659,15
2022-11-07,0.009381114280548114,0.7853629416439147,15
2022-11-08,0.0014564754644751062,0.5168747833196814,15
2022-11-09,-0.006562249646935133,0.5186609098038387,15
2022-11-10,0.024214966614567682,0.7528417851499951,15
2022-11-11,0.0034037102534371366,0.6510435284438711,15
2022-11-14,-0.0009252555929273503,0.6765919612185403,15
2022-11-15,0.004705250257646814,0.6716523179016507,15
2022-11-16,-0.0005980940997834011,0.671433206059294,15
2022-11-17,-0.000991067372955859,0.6731500728348359,15
2022-11-18,0.006056131627732455,0.6771039960315184,15
2022-11-21,0.00010656567958616744,0.7160005947078615,15
2022-11-22,0.010911868378064122,0.7140333486509081,15
2022-11-23,0.00259627530210897,0.6984448990844913,15
2022-11-25,0.0013708159208322833,0.6984017272890618,15
2022-11-28,-0.008119964151549227,0.6979255770727996,15
2022-11-29,0.003626898654554062,0.7050602674680696,15
2022-11-30,0.007541434317203459,0.7184721548700828,15
2022-12-01,-0.0010914979222671993,0.9495728993451276,15
2022-12-02,0.004733790270517963,1.0,15
2022-12-05,-0.011441256231657227,0.8158125046942901,15
2022-12-06,-0.008791512464007384,0.770294859198732,15
2022-12-07,0.003760553912001406,0.7484001637586064,15
2022-12-08,0.0040566710355302415,0.7469907783066931,15
2022-12-09,-0.01153715865227585,0.7703777588050622,15
2022-12-12,0.012886845714607064,0.9401166433043447,15
2022-12-13,0.004630887445202527,0.8603631734511858,15
2022-12-14,0.0017680057590522338,0.856150221397095,15
2022-12-15,-0.011144678318152279,0.8622047797135796,15
2022-12-16,-0.007757253924253437,0.7995120457794753,15
2022-12-19,-5.012168931900957e-05,0.7751173413902017,15
2022-12-20,0.005046506821591071,0.7884939350114055,15
2022-12-21,0.0125944898122123,0.7790593351591125,15
2022-12-22,-0.008850277737596486,0.7651335075934034,15
2022-12-23,0.011409567897299362,0.7417288800797017,15
2022-12-27,0.0024420102372729,0.7036058189804841,15
2022-12-28,-0.009856030399376317,0.7230801692896702,15
2022-12-29,0.0056079131864703625,0.697048682934571,15
2022-12-30,0.0020676477374925225,0.7038763411466274,15
2023-01-03,-0.011919279774306634,0.703041143101432,15
2023-01-04,5.1493867393775414e-05,0.6754519067202198,15
2023-01-05,0.0008578941237356091,0.7062404408476464,15
2023-01-06,0.013571689924709925,0.728557675002085,15
2023-01-09,-0.003805194301927162,0.684909250769482,15
2023-01-10,0.005883744682069096,0.683063871366882,15
2023-01-11,0.004339333894250391,0.7170817478399134,15
2023-01-12,0.010250870131908493,1.0,15
2023-01-13,0.0067870349768913716,0.9785107319534405,15
2023-01-17,0.0006355713626584295,0.9662902581131836,15
2023-01-18,-0.013491805650313536,0.7784600456891787,15
2023-01-19,-0.014439487749276912,0.7308384289039807,15
2023-01-20,0.01623339253202746,0.8877861368877119,15
2023-01-23,0.01313186132568517,0.8296493490031831,15
2023-01-24,-0.0018106869071872573,0.8266233989603134,15
2023-01-25,0.006370755097479871,0.8523075344654948,15
2023-01-26,0.005260858059680566,0.8724309566603936,15
2023-01-27,0.001173176349743646,0.8689541886466655,15
2023-01-30,-0.009044716523805809,0.9125800171948724,15
2023-01-31,0.007184828922172088,0.8786197588761298,15
2023-02-01,9.143704089631932e-05,0.8699631091383292,15
2023-02-02,-0.01209580495909141,0.9318734873446981,15
2023-02-03,0.004993998246617734,0.8685973574057069,15
2023-02-06,0.00277199210361013,0.8663099188756385,15
2023-02-07,0.0021264512748661963,0.9083914479038042,15
2023-02-08,-0.0054839943253903265,0.9183117268994908,15
2023-02-09,-0.0028555932316377403,0.6811564563528654,15
2023-02-10,-0.002611359229383253,0.6800009546136768,15
2023-02-13,0.009614134897174591,0.7014306142046668,15
2023-02-14,0.0015761392593660025,0.9196848383473212,15
2023-02-15,0.001939983201429247,0.91924048403524,15
2023-02-16,-0.012601237708488758,0.7480257876057793,15
2023-02-17,-0.004562566150119468,0.7663591079468965,15
2023-02-21,-0.0163064027689936,0.8526458215840742,15
2023-02-22,-0.0020215092445797977,0.8227880595694879,15
2023-02-23,0.0009248766410308469,0.8226606959446325,15
2023-02-24,-0.008269794884969985,0.8473488799429634,15
2023-02-27,0.0011807590471273291,0.8516073408260703,15
2023-02-28,-0.0002025408256958473,0.8515829403312162,15
2023-03-01,-0.0025778833728784234,0.8752316966344262,15
2023-03-02,0.00698638096707439,1.0,15
2023-03-03,0.01200050127283543,1.0,15
2023-03-06,0.0008433376551030286,1.0,15
2023-03-07,-0.018054891422283354,1.0,15
2023-03-08,0.0007503008297228193,1.0,15
2023-03-09,-0.01984028358138897,0.7604058782377394,15
2023-03-10,-0.001242012861790641,0.6757006943732968,15
2023-03-13,-4.379090815402796e-05,0.4501498563531845,15
2023-03-14,0.006585636404230472,0.6737151093712282,15
2023-03-15,-0.006031859785426567,0.45975637713798606,15
2023-03-16,0.006544534104114311,0.6920110481845236,15
2023-03-17,-0.005256925902904686,0.45042000676173893,15
2023-03-20,0.006766385860186269,0.6990465247172546,15
2023-03-21,0.003407714378850916,0.6802754183650893,15
2023-03-22,-0.011422459072294415,0.7353391550218049,15
2023-03-23,0.004470328195407282,0.7047438579736611,15
2023-03-24,0.002307750308970966,0.6972280005324755,15
2023-03-27,0.003948948716980559,0.7090972079513094,15
2023-03-28,0.0031145989317328472,0.9391057086143805,15
2023-03-29,0.007341575876839771,0.9346278938993785,15
2023-03-30,0.0044048067777542445,0.91759483094732,15
2023-03-31,0.011744301654651967,0.9275293442341105,15
2023-04-03,0.011191329710076577,0.9296562417329824,15
2023-04-04,-0.004382708601212358,0.890505058320341,15
2023-04-05,0.0039489116730616345,1.0,15
2023-04-06,-0.0011223435483420964,1.0,15
2023-04-10,0.001294598770669839,1.0,15
2023-04-11,0.002096856578158766,1.0,15
2023-04-12,0.0006282104231661287,1.0,15
2023-04-13,0.008070899169920775,1.0,15
2023-04-14,-0.0019884738626811927,1.0,15
2023-04-17,0.008125099733027726,1.0,15
2023-04-18,0.0019113124060512123,1.0,15
2023-04-19,-0.0003170020617094078,1.0,15
2023-04-20,-0.005500696760245476,1.0,15
2023-04-21,0.0002667688906456847,1.0,15
2023-04-24,-0.0028108042708943474,1.0,15
2023-04-25,-0.016353130752674732,1.0,15
2023-04-26,-0.00818912588914507,1.0,15
2023-04-27,0.012471029845668937,1.0,15
2023-04-28,0.014449903363485284,1.0,15
2023-05-01,-0.005171119718729271,1.0,15
2023-05-02,-0.010457624918926963,1.0,15
2023-05-03,-0.0025905437523420518,1.0,15
2023-05-04,-0.005690945021156302,0.7854721301978449,15
2023-05-05,0.010658805223714663,1.0,15
2023-05-08,0.000401116431923025,0.987849767256742,15
2023-05-09,-0.002164365157840987,0.9884721071834156,15
2023-05-10,-0.0016450638132212616,0.988732387785131,15
2023-05-11,-0.0011102693394124347,0.9882730826561616,15
2023-05-12,-8.680257874919142e-05,1.0,15
2023-05-15,0.005611558684877188,1.0,15
2023-05-16,-0.009062376948952634,1.0,15
2023-05-17,0.013141212979538406,1.0,15
2023-05-18,0.010617965102660169,0.9335354115723326,15
2023-05-19,0.00012869936906094372,0.9024852959230629,15
2023-05-22,-0.0076695955124056,0.9024930108872009,15
2023-05-23,-0.015008083660337655,0.8865910516736211,15
2023-05-24,-0.0022866694270146466,0.6747387064843262,15
2023-05-25,-0.0003135231597924679,0.9203400607737414,15
2023-05-26,0.027122477987670368,0.9793919064500857,15
2023-05-30,0.0008730604875831928,0.8149709807849211,15
2023-05-31,0.0012527434254017925,0.822286187069139,15
2023-06-01,0.006442367401700594,0.8550111626988754,15
2023-06-02,0.012937785638984985,0.8521057489533106,15
2023-06-05,-0.002594143598528881,0.83644202374748,15
2023-06-06,0.004008112421728437,0.8494399492367697,15
2023-06-07,-0.011052931682637206,0.8488891072223926,15
2023-06-08,0.013017884605049051,0.811558232975491,15
2023-06-09,0.005868751704869932,0.7869742831650158,15
2023-06-12,0.013804348445920182,0.787253339306065,15
2023-06-13,0.005143649392757199,0.7652919289195441,15
2023-06-14,0.003287109156580787,0.7656679019616309,15
2023-06-15,0.007541237737077073,0.7993694466460166,15
2023-06-16,-0.0026893686021234,0.8162724921973529,15
2023-06-20,-0.006818763109443606,0.8203619155542777,15
2023-06-21,-0.005761062421567837,0.8004313167678149,15
2023-06-22,-0.0031344456647856545,0.8086106757045919,15
2023-06-23,-0.0026117626097124725,0.8846325574470966,15
2023-06-26,-0.010605763238368768,0.8834977842872989,15
2023-06-27,0.014332119745717,0.834915273723938,15
2023-06-28,0.0004897215910706069,0.9871725325756989,15
2023-06-29,0.005070755983384975,0.9866981912796309,15
2023-06-30,0.009298333284323381,0.9837480253420638,15
2023-07-03,0.005581618992923582,0.9709980617760227,15
2023-07-05,-0.0022843018068360184,1.0,15
2023-07-06,-0.009690052056628038,1.0,15
2023-07-07,-0.0004262040574982347,0.9625687308090417,15
2023-07-10,0.005631761856108128,1.0,15
2023-07-11,0.00782570401080139,1.0,15
2023-07-12,0.005432469707157966,1.0,15
2023-07-13,0.008895574017103024,1.0,15
2023-07-14,0.0016166140624277719,1.0,15
2023-07-17,0.0037098609838911757,1.0,15
2023-07-18,0.0067292705306240715,1.0,15
2023-07-19,0.0017923376554185484,1.0,15
2023-07-20,-0.016665214819918093,1.0,15
2023-07-21,-0.0049969777997273335,1.0,15
2023-07-24,-0.001291554395963149,1.0,15
2023-07-25,-0.00519987745693877,1.0,15
2023-07-26,-0.007878103853316719,1.0,15
2023-07-27,-0.0036609028398105277,1.0,15
2023-07-28,0.010508100574042206,1.0,15
2023-07-31,0.002604410260816074,1.0,15
2023-08-01,-0.0030206683271503426,1.0,15
2023-08-02,-0.013060795141858015,1.0,15
2023-08-03,0.0003686712053049719,1.0,15
2023-08-04,0.006872054328916917,1.0,15
2023-08-07,0.012680241650642571,1.0,15
2023-08-08,-0.007516811412588897,1.0,15
2023-08-09,-0.013263794758201186,1.0,15
2023-08-10,0.00013279709553903996,0.9498278010482542,15
2023-08-11,-0.0017794492116638076,0.9901862843584404,15
2023-08-14,0.006965805283012206,0.9944852545363561,15
2023-08-15,-0.011170292721392494,0.9756884752334654,15
2023-08-16,-0.011884704202063735,0.9715112847616806,15
2023-08-17,-0.011315241477567165,0.9469583438812637,15
2023-08-18,0.0020803283560253925,0.9942482669616776,15
2023-08-21,0.005214016649318991,0.9872617856593747,15
2023-08-22,-0.005389528341960716,0.9648250181643041,15
2023-08-23,0.01122270011788292,0.9643523436510121,15
2023-08-24,-0.012059437960398229,0.9181313449838819,15
2023-08-25,0.010544445478740446,0.8833586309430302,15
2023-08-28,0.009565641026649193,0.8830931555856802,15
2023-08-29,0.015142279668288008,0.8532201804911846,15
2023-08-30,0.003244362204030946,0.7927270735340601,15
2023-08-31,0.003001900290279235,0.8307101620808477,15
2023-09-01,0.0009027571984123475,0.8292127715782981,15
2023-09-05,0.000370010235467857,0.8395962326128302,15
2023-09-06,-0.0016654644128466863,0.8845048175550823,15
2023-09-07,-0.0017446569928249627,0.900659795559794,15
2023-09-08,0.0009935976017016533,0.96411681438809,15
2023-09-11,0.007885928878981749,0.9641351990874495,15
2023-09-12,-0.010892551108867225,0.9478832899107663,15
2023-09-13,-0.004385357167765644,0.9149233251239776,15
2023-09-14,0.00737517859563886,0.9543935575322867,15
2023-09-15,-0.016351963534291004,1.0,15
2023-09-18,-0.0021126795192212325,0.9442951904407568,15
2023-09-19,-0.0026487610647606408,0.9407194984798893,15
2023-09-20,-0.013050242072799145,0.9432274709357412,15
2023-09-21,-0.017022827358404966,0.8930879843118978,15
2023-09-22,0.0012986479319583926,0.8526823683777989,15
2023-09-25,0.00488501198012092,0.8878523850305027,15
2023-09-26,-0.016406839871196784,0.9182257510034391,15
2023-09-27,-0.0015578654287843263,0.8847684958844231,15
2023-09-28,0.010657379207041994,0.9967371928641598,15
2023-09-29,-0.0072048886818805976,0.9399434401966567,15
2023-10-02,0.0031077255005559595,0.9450059124743752,15
2023-10-03,-0.015669655018256082,0.9369940676961914,15
2023-10-04,0.007010313310362085,0.8907239777742364,15
2023-10-05,-0.004624283000678071,0.8593082919632468,15
2023-10-06,0.017755094266989364,0.8595950117627575,15
2023-10-09,0.0023822175582217933,0.7631992558662153,15
2023-10-10,0.002726186623328867,0.7806250525382901,15
2023-10-11,0.0033107594806934377,0.7895673793754829,15
2023-10-12,-0.004225928264572342,0.7847648370116124,15
2023-10-13,-0.014994341147516941,0.8034232113388459,15
2023-10-16,0.008266235636714697,0.8117569497940957,15
2023-10-17,0.0020724695897072973,0.7878992475205057,15
2023-10-18,-0.01628433927223244,0.7850973254932446,15
2023-10-19,-0.007531062717191308,0.5758875962772472,15
2023-10-20,-0.006639815935005543,0.6089550249894,15
2023-10-23,-0.001829241673461302,0.6055791501530542,15
2023-10-24,0.011398962197795156,0.8179838888392809,15
2023-10-25,-0.014477870816510164,0.6259954905174141,15
2023-10-26,-0.01109047635222041,0.5936731272315879,15
2023-10-27,-0.000796808960814727,0.6050849729898049,15
2023-10-30,0.011343632396189351,0.8122347397322818,15
2023-10-31,0.0029192294338024447,0.7794728146186789,15
2023-11-01,0.006079878327101407,0.8233156285303513,15
2023-11-02,0.009179911775252217,0.8266221428292738,15
2023-11-03,0.004935237565212344,0.8091489795430944,15
2023-11-06,0.002402871168086657,0.8890518264930674,15
2023-11-07,-0.0007533892079170637,0.8890130348959882,15
2023-11-08,-0.001488213687355998,0.8927482622747376,15
2023-11-09,-0.009037270950943525,0.8983790639822077,15
2023-11-10,0.01742576247386477,0.8822327565821952,15
2023-11-13,-0.0009233411437062737,0.8504988261939634,15
2023-11-14,0.013213418873439966,0.8688679397053986,15
2023-11-15,-0.0013311094029802325,0.8244437390765866,15
2023-11-16,-0.004822230968936299,0.9051987163573142,15
2023-11-17,0.0036938260794813138,0.918485030165116,15
2023-11-20,0.005356810152536424,0.9403797732390944,15
2023-11-21,-0.007693147747190748,0.9415217757593082,15
2023-11-22,0.0016438342078580123,0.9438837568651212,15
2023-11-24,0.001985359892173868,1.0,15
2023-11-27,-0.0027113052385239083,1.0,15
2023-11-28,0.001017865880744653,1.0,15
2023-11-29,-0.005838451613770114,1.0,15
2023-11-30,0.011057387743551713,1.0,15
2023-12-01,-0.002437513632061883,1.0,15
2023-12-04,-0.0025043623186844725,1.0,15
2023-12-05,-0.005292453496852956,1.0,15
2023-12-06,-0.0008032365035066177,1.0,15
2023-12-07,0.002111774240467373,1.0,15
2023-12-08,-0.0006294357245895258,1.0,15
2023-12-11,0.013314626758621871,1.0,15
2023-12-12,0.0103028098692926,1.0,15
2023-12-13,0.0048452233237172284,1.0,15
2023-12-14,-0.019439598818769614,1.0,15
2023-12-15,-0.007547359418471032,1.0,15
2023-12-18,0.006568685119306396,1.0,15
2023-12-19,0.0024400736869825634,1.0,15
2023-12-20,-0.013659614978281866,1.0,15
2023-12-21,0.008652761850882198,0.9787569109211591,15
2023-12-22,0.004565744816479935,0.9498870767739065,15
2023-12-26,0.0071869157736304074,0.9438696561033971,15
2023-12-27,0.0022109624624950287,0.9310996806009819,15
2023-12-28,-0.0005185866624727926,0.9303514291516382,15
2023-12-29,-0.002963999339617524,0.9459806139281565,15
2024-01-02,0.003539531923759349,0.9831216261220304,15
2024-01-03,-0.008410101388633535,0.9827172945617082,15
2024-01-04,-0.0006543932785422639,0.9548720449106349,15
2024-01-05,0.005200241905353042,0.9671649511058907,15
2024-01-08,0.007818694966619274,0.9601477989458403,15
2024-01-09,-0.004643551326222526,0.9430807837946628,15
2024-01-10,0.0006065058177929546,0.9324303353011137,15
2024-01-11,-0.005389656568074955,0.9954139037471516,15
2024-01-12,-0.010684932124968858,1.0,15
2024-01-16,-0.01248217304182952,1.0,15
2024-01-17,-0.008387691441526797,1.0,15
2024-01-18,0.0042661007154286236,1.0,15
2024-01-19,0.018006570819818518,1.0,15
2024-01-22,0.0011254225163051838,0.9554762463742728,15
2024-01-23,0.002661881714019022,1.0,15
2024-01-24,0.0018879625868542431,1.0,15
2024-01-25,-0.004328915030491732,1.0,15
2024-01-26,-0.0038845268669668765,1.0,15
2024-01-29,0.01295916115665565,1.0,15
2024-01-30,-0.0030991686801186864,1.0,15
2024-01-31,-0.014250641576181658,1.0,15
2024-02-01,0.012723691560909614,0.9390833212909913,15
2024-02-02,0.009304526132938471,0.9001093599053038,15
2024-02-05,-0.003654413706062424,0.8751129557300626,15
2024-02-06,-0.003528381104532612,0.8778455329097111,15
2024-02-07,0.008570786163138276,0.8944310556079236,15
2024-02-08,-0.0001719122980541182,0.8769780752279316,15
2024-02-09,0.005208797807952674,0.8770312100110916,15
2024-02-12,0.0006476338586154308,0.879781558303487,15
2024-02-13,-0.014885938463131425,0.9226584848276991,15
2024-02-14,0.009433821031435037,0.8991348984082924,15
2024-02-15,0.007390582161565623,0.9104655438786449,15
2024-02-16,-0.00996078746277519,0.9027233818071188,15
2024-02-20,-0.011400962554004086,0.9538596655854219,15
2024-02-21,-0.002935005985912674,0.9052260410411435,15
2024-02-22,0.03335195309856154,0.9049435525754053,15
2024-02-23,0.0012048346642970671,0.6805817268732253,15
2024-02-26,0.0004756116753040889,0.6853243703225292,15
2024-02-27,-0.0007436319939070483,0.6896189965610389,15
2024-02-28,-0.0023164190538989544,0.7083713388488498,15
2024-02-29,0.010546022408905792,0.7093255104453662,15
2024-03-01,0.01879978370226961,0.7397980604139971,15
2024-03-04,0.003211645512752445,0.7130245661069025,15
2024-03-05,-0.014357684156509357,0.7201722092484926,15
2024-03-06,0.0057590385354964364,0.6839237326595514,15
2024-03-07,0.01104436496595839,0.6866538230797818,15
2024-03-08,-0.012994369362980311,0.6815577630706304,15
2024-03-11,-0.008451718372118574,0.6523669423811089,15
2024-03-12,0.01540588120985912,0.6421457969532115,15
2024-03-13,-0.004200860622969448,0.6211136618070137,15
2024-03-14,-0.003551572907953829,0.6492106407447156,15
2024-03-15,-0.007209925795964716,0.6517205689686624,15
2024-03-18,0.006955165946993406,0.6469688780043145,15
2024-03-19,0.0004081923363000004,0.6593799936721725,15
2024-03-20,0.007259791206816211,0.6835162342787693,15
2024-03-21,0.0038959620270021793,0.6852678400583396,15
2024-03-22,0.0011270921846000452,0.8812364920092067,15
2024-03-25,-0.0020251423046623264,0.8812183790190908,15
2024-03-26,-0.0042220899387164865,0.8778457464387444,15
2024-03-27,0.006016818402151825,0.8700766634648767,15
2024-03-28,-0.0014224730818195195,0.8682205228133134,15
2024-04-01,-0.0016128716252146876,0.8909478477682544,15
2024-04-02,-0.006699139816348391,1.0,15
2024-04-03,0.007972081929064132,1.0,15
2024-04-04,-0.013293722259380948,1.0,15
2024-04-05,0.020674698632396137,0.9986778384390104,15
2024-04-08,-0.003255472470536925,0.8871498673056767,15
2024-04-09,-0.005620063105479751,0.9430048356179768,15
2024-04-10,-0.005611070685779237,0.9596308139166627,15
2024-04-11,0.003956817939753538,1.0,15
2024-04-12,-0.015486398784625011,1.0,15
2024-04-15,-0.017027172069614384,0.9483151626432458,15
2024-04-16,0.004408521239160718,0.8740646094859532,15
2024-04-17,-0.007778646154936634,0.8841249520127721,15
2024-04-18,-0.0034806244570693276,0.8722266139387246,15
2024-04-19,-0.014477610809160654,0.8955502062293998,15
2024-04-22,0.01209074096490012,0.8642744741836862,15
2024-04-23,0.015638972056942597,0.8122336809056268,15
2024-04-24,-0.0029413717710957896,0.7484748515297203,15
2024-04-25,-0.0030918541179685895,0.7494882497485273,15
2024-04-26,0.004286553735020083,0.7600685911677609,15
2024-04-29,0.0039036649442419466,0.7532687860277536,15
2024-04-30,-0.008726894378108736,0.7480120738799118,15
2024-05-01,-0.005574609898438119,0.7433256164116232,15
2024-05-02,0.009786717267142307,0.7580157372477891,15
2024-05-03,0.01909804750246416,0.7603152061461093,15
2024-05-06,0.006558991441546585,0.7732768931118699,15
2024-05-07,0.002322694381908222,0.7639138784228962,15
2024-05-08,0.003413908429642433,0.7681087479749067,15
2024-05-09,0.003718528062381421,0.7725013159880683,15
2024-05-10,9.00267939949516e-05,0.7728379162850897,15
2024-05-13,-0.001929459624546581,0.8319621840515196,15
2024-05-14,0.006444469542350549,0.930484375720524,15
2024-05-15,0.01523353729313337,0.9254877936408303,15
2024-05-16,-0.0031263060872779116,0.9071410903314898,15
2024-05-17,0.0014005025567425536,0.9086330062649971,15
2024-05-20,0.0019899557848332854,1.0,15
2024-05-21,0.0020644963130443594,1.0,15
2024-05-22,0.0030018039604207186,1.0,15
2024-05-23,-0.014283986037620204,1.0,15
2024-05-24,0.010978140967690892,1.0,15
2024-05-28,-0.001691690802024172,1.0,15
2024-05-29,-0.008136238404947019,0.9984194982500516,15
2024-05-30,-0.007287087627287369,1.0,15
2024-05-31,0.010023410849754286,0.9908015786781721,15
2024-06-03,-0.0005800604232862942,0.9893108800544761,15
2024-06-04,-0.000494431414781382,1.0,15
2024-06-05,0.016147519379300597,1.0,15
2024-06-06,-0.0015735584177897356,1.0,15
2024-06-07,0.0032858783158954854,1.0,15
2024-06-10,0.0017023835902698144,1.0,15
2024-06-11,-0.006583040567959069,1.0,15
2024-06-12,0.01400066421182861,1.0,15
2024-06-13,0.0053261355788197925,0.952380330381334,15
2024-06-14,-0.004722700104492722,1.0,15
2024-06-17,0.010545681884287821,1.0,15
2024-06-18,0.007885322334908101,0.9815112847119098,15
2024-06-20,-0.010096570743312211,0.9667100472345136,15
2024-06-21,-0.005074615187541419,0.9162349740914422,15
2024-06-24,-0.006572941045062264,0.9044698421971564,15
2024-06-25,0.004841285889628019,0.9685489295234618,15
2024-06-26,0.012570848625357981,1.0,15
2024-06-27,0.0005126547075613206,0.9557776548100028,15
2024-06-28,-0.0018801363296061184,0.9964851998836851,15
2024-07-01,0.0007240557860151132,1.0,15
2024-07-02,0.007504740777414428,1.0,15
2024-07-03,0.008655437488354347,1.0,15
2024-07-05,0.00365047151433404,1.0,15
2024-07-08,0.002173517416998965,1.0,15
2024-07-09,3.9684310195451636e-05,1.0,15
2024-07-10,0.007468188393239294,1.0,15
2024-07-11,-0.009724803758284708,1.0,15
2024-07-12,-0.0017488102007136752,1.0,15
2024-07-15,0.007737254206042948,1.0,15
2024-07-16,0.006241887600771105,1.0,15
2024-07-17,-0.01988389942708784,1.0,15
2024-07-18,-0.004921979264076147,0.9740898120779021,15
2024-07-19,-0.003132871335777411,0.9851582114593382,15
2024-07-22,0.012975670006839036,1.0,15
2024-07-23,-0.005948059825667814,0.9794926709273364,15
2024-07-24,-0.017905576245811367,0.9834407664948098,15
2024-07-25,-0.0009530868437952262,0.8681585393485474,15
2024-07-26,0.012431472157272149,0.9177192943694668,15
2024-07-29,0.00019359662417924698,0.8687741168981945,15
2024-07-30,0.00403690953138642,0.8700503541439455,15
2024-07-31,0.007116416260689892,0.866221522962079,15
2024-08-01,-0.01241312907545513,0.8677440212021033,15
2024-08-02,-0.021419433498229126,0.6353234981361285,15
2024-08-05,-0.0062887925063890605,0.22819785514900495,15
2024-08-06,0.0064005919272002235,0.3803880616366726,15
2024-08-07,-0.005728252279057759,0.3739783441808519,15
2024-08-08,0.015987394336651216,0.572884903248895,15
2024-08-09,0.0034078443663988598,0.5377793908488218,15
2024-08-12,-0.0008834593537649506,0.535225532675863,15
2024-08-13,0.018128709316477882,0.7270110608374708,15
2024-08-14,0.003525902406479759,0.6786566909923314,15
2024-08-15,0.01414817926474011,0.7350830383595724,15
2024-08-16,0.001199497776903552,0.710487592672465,15
2024-08-19,0.007025820867396277,0.7135789268685634,15
2024-08-20,-0.0009901941922509042,0.7307276499812642,15
2024-08-21,0.0017459540623636226,0.7388088215471408,15
2024-08-22,-0.005906107429292631,0.8190064932864426,15
2024-08-23,0.007395625313714695,0.8059011550806858,15
2024-08-26,-0.0028870405369174922,0.8248957753654516,15
2024-08-27,0.0016767595921637975,0.8202392881218152,15
2024-08-28,-0.003818536533878283,0.8216512026933942,15
2024-08-29,0.0028575416574456902,0.8235696476341084,15
2024-08-30,0.011932631309409364,0.873927908803243,15
2024-09-03,-0.022806120071360767,0.7995109323354748,15
2024-09-04,-0.0007438107463929585,0.6365615304303596,15
2024-09-05,-0.003168867274646202,0.8502293244325627,15
2024-09-06,-0.011821284152745706,0.6447841769520088,15
2024-09-09,0.013675121555445568,0.8657571815553019,15
2024-09-10,0.004409832040288704,0.8261828281324999,15
2024-09-11,0.01287800245638755,0.8258786067962169,15
2024-09-12,0.0034934374938612026,0.8642562815034678,15
2024-09-13,0.008171936806451287,0.8642928502882209,15
2024-09-16,0.0016820197243403508,0.8993883211014561,15
2024-09-17,-0.00038393544247419635,0.8993229993476938,15
2024-09-18,-0.004750193112948004,0.9102036565921668,15
2024-09-19,0.024134869147503114,0.9012912710101912,15
2024-09-20,-0.004249432350073969,0.769365450145692,15
2024-09-23,-0.0002093083953807928,0.7739749794160723,15
2024-09-24,0.0037291209900415017,0.7799022792758468,15
2024-09-25,0.0006151587234772735,0.7833524406978923,15
2024-09-26,0.006959213669611337,0.7830570160988178,15
2024-09-27,-0.0052440674040927894,0.7852419456891002,15
2024-09-30,0.003401730869945639,0.7741183227139209,15
2024-10-01,-0.009094863671997876,0.7956399820749684,15
2024-10-02,0.0022928157509655013,0.9312912075695056,15
2024-10-03,0.0001900674510397828,0.7008557879078549,15
2024-10-04,0.01871521705922281,0.9439693651579144,15
2024-10-07,-0.0032356488219650995,0.7048035159937075,15
2024-10-08,0.004472591426463677,0.7202310088060201,15
2024-10-09,0.002375713802397167,0.7201848979443548,15
2024-10-10,-0.0003957148288966126,0.7507777358554177,15
2024-10-11,0.00547484046057632,0.7482122261829833,15
2024-10-14,0.003498020209338139,1.0,15
2024-10-15,-0.012967746206692244,0.7558551795207225,15
2024-10-16,0.00472346409655937,0.9214220401516225,15
2024-10-17,0.0010585277772945819,0.9349147963155058,15
2024-10-18,0.015472464799847626,1.0,15
2024-10-21,-0.0059587457181559216,1.0,15
2024-10-22,-0.0018696518989040419,1.0,15
2024-10-23,-0.003857017630121878,1.0,15
2024-10-24,0.011301146612556892,1.0,15
2024-10-25,-0.0005563104899623167,0.7568223721213376,15
2024-10-28,-0.0016939097374152438,1.0,15
2024-10-29,-0.00456522830439736,1.0,15
2024-10-30,-0.0038543026705651112,0.7973244979430443,15
2024-10-31,-0.006711460049697337,0.7861689626388831,15
2024-11-01,-0.0012297103497611278,0.7636746599979387,15
2024-11-04,-0.005654280760168946,0.9099482759006163,15
2024-11-05,0.009731469130031324,0.8975669941852201,15
2024-11-06,0.02042398554249929,1.0,15
2024-11-07,0.0037762530500279716,0.9526927837066806,15
2024-11-08,0.008240513791354752,0.9512206028611838,15
2024-11-11,0.002309508914639571,0.9400454351565165,15
2024-11-12,-0.003538918098324873,0.9413162857719505,15
2024-11-13,-0.0024203896292108932,1.0,15
2024-11-14,-0.007687971404879274,1.0,15
2024-11-15,0.0017384829190589977,0.979263906247678,15
2024-11-18,0.004750628461339949,1.0,15
2024-11-19,-0.0012077872279955182,1.0,15
2024-11-20,0.0006328001362021332,1.0,15
2024-11-21,0.016451490450349226,1.0,15
2024-11-22,0.007622172394910499,1.0,15
2024-11-25,-0.004720506532014224,1.0,15
2024-11-26,0.005923692222161859,1.0,15
2024-11-27,-0.0057151785830338985,1.0,15
2024-11-29,0.007557449710934207,1.0,15
2024-12-02,0.004669892388132392,1.0,15
2024-12-03,-0.0067501128259634426,1.0,15
2024-12-04,0.00520634161797361,1.0,15
2024-12-05,-0.0008766407133766509,1.0,15
2024-12-06,0.010390123630115515,1.0,15
2024-12-09,-0.013716493083452002,1.0,15
2024-12-10,-0.0073597941023860755,1.0,15
2024-12-11,0.013497718861553515,1.0,15
2024-12-12,-0.016328160883275166,0.99393312619786,15
2024-12-13,-0.002171619961532268,0.8887585250522158,15
2024-12-16,0.0031607380795732596,0.9089859707330494,15
2024-12-17,-0.005014926103135784,0.9076483085148703,15
2024-12-18,-0.014927204934890862,0.45085424352549053,15
2024-12-19,-0.0003135435756294265,0.6274320635675457,15
2024-12-20,0.006350321854317705,0.8367248151521961,15
2024-12-23,0.005258207505787714,0.9056047038687393,15
2024-12-24,0.013809913641721383,0.9168329161087532,15
2024-12-26,0.001157872889087844,0.8613802491013988,15
2024-12-27,-0.011589944459578507,0.8709382290128934,15
2024-12-30,-0.010722795619366664,0.8437415886188865,15
