date,core_return,hedge_cost,hedge_payoff,hedged_return
2020-01-02,0.0,0.00019047619047619048,0.0,-0.00019047619047619048
2020-01-03,5.572717776670084e-05,0.00019047619047619048,0.0,-0.00013474901270948964
2020-01-06,0.0064281283554839,0.00019047619047619048,0.0,0.0062376521650077095
2020-01-07,-0.000572637898152,0.00019047619047619048,0.0,-0.0007631140886281905
2020-01-08,0.0025430286054406,0.00019047619047619048,0.0,0.0023525524149644096
2020-01-09,0.0036729518806116,0.00019047619047619048,0.0,0.0034824756901354094
2020-01-10,-0.0052534490760205,0.00019047619047619048,0.0,-0.005443925266496691
2020-01-13,0.004730037368581,0.00019047619047619048,0.0,0.00453956117810481
2020-01-14,-3.664510279209068e-05,0.00019047619047619048,0.0,-0.00022712129326828116
2020-01-15,-0.0017631661161193,0.00019047619047619048,0.0,-0.0019536423065954905
2020-01-16,0.0030369008862202,0.00019047619047619048,0.0,0.0028464246957440095
2020-01-17,0.0003065031059846,0.00019047619047619048,0.0,0.00011602691550840954
2020-01-21,-4.462242014205528e-06,0.00019047619047619048,0.0,-0.000194938432490396
2020-01-22,0.0030540495669675,0.00019047619047619048,0.0,0.0028635733764913094
2020-01-23,0.0003983565256188,0.00019047619047619048,0.0,0.00020788033514260951
2020-01-24,-0.0059265504672787,0.00019047619047619048,0.0,-0.006117026657754891
2020-01-27,-0.00751840999038,0.00019047619047619048,0.0,-0.00770888618085619
2020-01-28,0.0059909644563257,0.00019047619047619048,0.0,0.005800488265849509
2020-01-29,-0.0017175718332966,0.00019047619047619048,0.0,-0.0019080480237727905
2020-01-30,0.0091739790672317,0.00019047619047619048,0.0,0.00898350287675551
2020-01-31,-0.0228349852774421,0.00019047619047619048,0.0,-0.023025461467918288
2020-02-03,0.0293292711957775,0.00019047619047619048,0.0,0.02913879500530131
2020-02-04,0.0298426488636466,0.00019047619047619048,0.0,0.029652172673170413
2020-02-05,-0.0021089631609226,0.00019047619047619048,0.0,-0.0022994393513987906
2020-02-06,0.0057355555398443,0.00019047619047619048,0.0,0.00554507934936811
2020-02-07,-0.0025702466855864,0.00019047619047619048,0.0,-0.0027607228760625907
2020-02-10,0.0031882705275438,0.00019047619047619048,0.0,0.0029977943370676093
2020-02-11,0.0018074307649665,0.00019047619047619048,0.0,0.0016169545744903094
2020-02-12,-0.0006618440255533,0.00019047619047619048,0.0,-0.0008523202160294905
2020-02-13,0.0040392633765698,0.00019047619047619048,0.0,0.0038487871860936095
2020-02-14,0.0043734340757242,0.00019047619047619048,0.0,0.00418295788524801
2020-02-18,0.0004701322755053,0.00019047619047619048,0.0,0.0002796560850291095
2020-02-19,0.0048088912826898,0.00019047619047619048,0.0,0.00461841509221361
2020-02-20,-0.0009174723790147,0.00019047619047619048,0.0,-0.0011079485694908905
2020-02-21,-0.0062331893953221,0.00019047619047619048,0.0,-0.00642366558579829
2020-02-24,-0.0104464754733227,0.00019047619047619048,0.0,-0.010636951663798891
2020-02-25,-0.0091959905483947,0.00019047619047619048,0.0,-0.009386466738870891
2020-02-26,-0.0001053810577604,0.00019047619047619048,0.0,-0.0002958572482365905
2020-02-27,-0.008878169578251,0.00019047619047619048,0.02,0.01093135423127281
2020-02-28,5.472658598610839e-05,0.00019047619047619048,0.04,0.03986425039550992
2020-03-02,0.0101656069590322,0.0,0.0,0.0101656069590322
2020-03-03,-0.005600015866191,0.0,0.0,-0.005600015866191
2020-03-04,0.0140660396119829,0.0,0.0,0.0140660396119829
2020-03-05,-0.0128886518965071,0.0,0.0,-0.0128886518965071
2020-03-06,-0.0048336098934801,0.0,0.0,-0.0048336098934801
2020-03-09,-0.0242533842302997,0.0,0.0,-0.0242533842302997
2020-03-10,0.0137386349524265,0.0,0.0,0.0137386349524265
2020-03-11,-0.0089970652701254,0.0,0.0,-0.0089970652701254
2020-03-12,-0.0262566551649686,0.0,0.0,-0.0262566551649686
2020-03-13,0.0208620138283899,0.0,0.0,0.0208620138283899
2020-03-16,-0.0242776825357648,0.0,0.0,-0.0242776825357648
2020-03-17,0.0133511684013139,0.0,0.0,0.0133511684013139
2020-03-18,-0.0069025185608989,0.0,0.0,-0.0069025185608989
2020-03-19,0.0031573949912006,0.0,0.0,0.0031573949912006
2020-03-20,-0.007487142625402,0.0,0.0,-0.007487142625402
2020-03-23,0.0007949959997287,0.0,0.0,0.0007949959997287
2020-03-24,0.0119539169165166,0.0,0.0,0.0119539169165166
2020-03-25,-0.0014556940718656,0.0,0.0,-0.0014556940718656
2020-03-26,0.0110041399269761,0.0,0.0,0.0110041399269761
2020-03-27,-0.0027010644645018,0.0,0.0,-0.0027010644645018
2020-03-30,0.0077612109749674,0.0,0.0,0.0077612109749674
2020-03-31,-0.0009382635326747,0.0,0.0,-0.0009382635326747
2020-04-01,-0.007386406276429,0.0,0.0,-0.007386406276429
2020-04-02,0.0052018830667679,0.0,0.0,0.0052018830667679
2020-04-03,-0.0015134963809814,0.0,0.0,-0.0015134963809814
2020-04-06,0.008846201755539,0.0,0.0,0.008846201755539
2020-04-07,-0.0029701846861778,0.0,0.0,-0.0029701846861778
2020-04-08,0.0045339396049631,0.0,0.0,0.0045339396049631
2020-04-09,0.0005082409471132,0.0,0.0,0.0005082409471132
2020-04-13,0.0042885237878671,0.0,0.0,0.0042885237878671
2020-04-14,0.0115384037840338,0.0,0.0,0.0115384037840338
2020-04-15,-0.0034598336762599,0.0,0.0,-0.0034598336762599
2020-04-16,0.0108522206834,0.0,0.0,0.0108522206834
2020-04-17,0.0055952390179209,0.0,0.0,0.0055952390179209
2020-04-20,-0.0046950633802213,0.0,0.0,-0.0046950633802213
2020-04-21,-0.0103025238714705,0.0,0.0,-0.0103025238714705
2020-04-22,0.0071716446285876,0.0,0.0,0.0071716446285876
2020-04-23,-0.0021381388277067,0.0,0.0,-0.0021381388277067
2020-04-24,0.0035177634374999,0.0,0.0,0.0035177634374999
2020-04-27,0.0035923630016481,0.0,0.0,0.0035923630016481
2020-04-28,-0.0056477162520336,0.0,0.0,-0.0056477162520336
2020-04-29,0.0038493987330435,0.0,0.0,0.0038493987330435
2020-04-30,-0.0002778822620716,0.0,0.0,-0.0002778822620716
2020-05-01,-0.0126281490068952,0.0,0.0,-0.0126281490068952
2020-05-04,0.0058242532591339,0.0,0.0,0.0058242532591339
2020-05-05,0.0051769359738426,0.0,0.0,0.0051769359738426
2020-05-06,-0.0020027594270863,0.0,0.0,-0.0020027594270863
2020-05-07,0.0014009107810258,0.0,0.0,0.0014009107810258
2020-05-08,0.0017708773387627,0.0,0.0,0.0017708773387627
2020-05-11,0.0126256139816315,0.0,0.0,0.0126256139816315
2020-05-12,-0.0046982252218072,0.0,0.0,-0.0046982252218072
2020-05-13,-0.0007062958732385,0.0,0.0,-0.0007062958732385
2020-05-14,0.0016976959240981,0.0,0.0,0.0016976959240981
2020-05-15,0.0057484166423256,0.0,0.0,0.0057484166423256
2020-05-18,0.0132352774706665,0.0,0.0,0.0132352774706665
2020-05-19,-0.0020441693806531,0.0,0.0,-0.0020441693806531
2020-05-20,0.0075469985339924,0.0,0.0,0.0075469985339924
2020-05-21,-0.0045997882392014,0.0,0.0,-0.0045997882392014
2020-05-22,0.0043862650264663,0.0,0.0,0.0043862650264663
2020-05-26,0.0084660767881304,0.0,0.0,0.0084660767881304
2020-05-27,0.0056618709050475,0.0,0.0,0.0056618709050475
2020-05-28,0.0005949173517838,0.0,0.0,0.0005949173517838
2020-05-29,-0.0010660284743007,0.0,0.0,-0.0010660284743007
2020-06-01,0.0011292525329758,0.00028571428571428574,0.0,0.0008435382472615143
2020-06-02,0.0092044547153543,0.00028571428571428574,0.0,0.008918740429640014
2020-06-03,0.0142149720242791,0.00028571428571428574,0.0,0.013929257738564816
2020-06-04,-0.0034811437120883,0.00028571428571428574,0.0,-0.003766857997802586
2020-06-05,0.0082441687183125,0.00028571428571428574,0.0,0.007958454432598214
2020-06-08,0.0060154017428024,0.00028571428571428574,0.0,0.0057296874570881146
2020-06-09,0.0050900630091319,0.00028571428571428574,0.0,0.004804348723417614
2020-06-10,0.0080573982173331,0.00028571428571428574,0.0,0.007771683931618814
2020-06-11,-0.0203205682267962,0.00028571428571428574,0.06,0.039393717487489516
2020-06-12,0.0030658672709808,0.00028571428571428574,0.03,0.032780152985266514
2020-06-15,0.0004543152542157,0.00028571428571428574,0.0,0.00016860096850141424
2020-06-16,0.005626041196299,0.00028571428571428574,0.0,0.005340326910584714
2020-06-17,0.0008845899918786,0.00028571428571428574,0.0,0.0005988757061643142
2020-06-18,-0.0008545699696223,0.00028571428571428574,0.0,-0.0011402842553365857
2020-06-19,-0.0029927182581805,0.00028571428571428574,0.0,-0.003278432543894786
2020-06-22,0.0022494101506767,0.00028571428571428574,0.0,0.0019636958649624143
2020-06-23,0.001260318188926,0.00028571428571428574,0.0,0.0009746039032117142
2020-06-24,-0.0096295735886369,0.00028571428571428574,0.0,-0.009915287874351185
2020-06-25,0.0061904499096311,0.00028571428571428574,0.0,0.005904735623916814
2020-06-26,-0.0078538632350099,0.00028571428571428574,0.0,-0.008139577520724185
2020-06-29,0.0026477997670322,0.00028571428571428574,0.0,0.0023620854813179142
2020-06-30,0.0081866373525149,0.00028571428571428574,0.0,0.007900923066800614
2020-07-01,-3.443517328184306e-05,0.00028571428571428574,0.0,-0.0003201494589961288
2020-07-02,0.0052671202321804,0.00028571428571428574,0.0,0.004981405946466114
2020-07-06,0.0099286856552192,0.00028571428571428574,0.0,0.009642971369504915
2020-07-07,-0.0022161254796009,0.00028571428571428574,0.0,-0.002501839765315186
2020-07-08,0.0042372872266478,0.00028571428571428574,0.0,0.003951572940933514
2020-07-09,0.0043984172363567,0.00028571428571428574,0.0,0.004112702950642414
2020-07-10,0.0089995642294841,0.00028571428571428574,0.0,0.008713849943769815
2020-07-13,-0.0043504648180523,0.00028571428571428574,0.0,-0.004636179103766585
2020-07-14,0.0122097199991923,0.00028571428571428574,0.0,0.011924005713478014
2020-07-15,0.0020765299198524,0.00028571428571428574,0.0,0.0017908156341381143
2020-07-16,0.0015837545847916,0.00028571428571428574,0.0,0.0012980402990773144
2020-07-17,0.0015743292555795,0.00028571428571428574,0.0,0.0012886149698652142
2020-07-20,0.0151528616110922,0.00028571428571428574,0.0,0.014867147325377915
2020-07-21,-0.0031921902975956,0.00028571428571428574,0.0,-0.003477904583309886
2020-07-22,0.0028825820107742,0.00028571428571428574,0.0,0.002596867725059914
2020-07-23,-0.0086362407218426,0.00028571428571428574,0.0,-0.008921955007556884
2020-07-24,-0.0058169306971928,0.00028571428571428574,0.0,-0.0061026449829070855
2020-07-27,0.0207338682925147,0.00028571428571428574,0.0,0.020448154006800414
2020-07-28,-0.0063101459866525,0.00028571428571428574,0.0,-0.006595860272366786
2020-07-29,0.0143172599899504,0.00028571428571428574,0.0,0.014031545704236115
2020-07-30,-0.0090219517292713,0.00028571428571428574,0.0,-0.009307666014985585
2020-07-31,-0.0081579627509354,0.00028571428571428574,0.0,-0.008443677036649685
2020-08-03,0.0091551605540538,0.00028571428571428574,0.0,0.008869446268339515
2020-08-04,0.0014725292072823,0.00028571428571428574,0.0,0.0011868149215680142
2020-08-05,0.0048841723963501,0.00028571428571428574,0.0,0.0045984581106358145
2020-08-06,0.0006871323823892,0.00028571428571428574,0.0,0.00040141809667491423
2020-08-07,0.0028668913046071,0.00028571428571428574,0.0,0.002581177018892814
2020-08-10,5.59558553852062e-05,0.00028571428571428574,0.0,-0.00022975843032907954
2020-08-11,-0.0061380198422629,0.00028571428571428574,0.0,-0.006423734127977186
2020-08-12,0.022420138981143,0.00028571428571428574,0.0,0.022134424695428714
2020-08-13,0.0019022182146999,0.00028571428571428574,0.0,0.0016165039289856142
2020-08-14,0.0016508710328322,0.00028571428571428574,0.0,0.0013651567471179142
2020-08-17,0.0071949746734946,0.00028571428571428574,0.0,0.006909260387780314
2020-08-18,0.0012628672802391,0.00028571428571428574,0.0,0.0009771529945248143
2020-08-19,-0.0023253246649551,0.00028571428571428574,0.0,-0.0026110389506693856
2020-08-20,0.0012687414814241,0.00028571428571428574,0.0,0.0009830271957098143
2020-08-21,0.0063630557702974,0.00028571428571428574,0.0,0.006077341484583114
2020-08-24,0.0056935720469818,0.00028571428571428574,0.0,0.005407857761267514
2020-08-25,0.0063295299819704,0.00028571428571428574,0.0,0.0060438156962561145
2020-08-26,0.0308013829601799,0.00028571428571428574,0.0,0.030515668674465615
2020-08-27,-0.0003072048630855,0.00028571428571428574,0.0,-0.0005929191487997858
2020-08-28,0.0031932533764083,0.00028571428571428574,0.0,0.002907539090694014
2020-08-31,0.0085005780472662,0.00028571428571428574,0.0,0.008214863761551915
2020-09-01,0.0075359700460389,0.00028571428571428574,0.0,0.007250255760324614
2020-09-02,0.001613674140183,0.00028571428571428574,0.0,0.0013279598544687142
2020-09-03,-0.0137813881638914,0.00028571428571428574,0.0,-0.014067102449605686
2020-09-04,-0.0015468790766963,0.00028571428571428574,0.0,-0.001832593362410586
2020-09-08,-0.0130408455530736,0.00028571428571428574,0.0,-0.013326559838787885
2020-09-09,0.0133265219228028,0.00028571428571428574,0.0,0.013040807637088515
2020-09-10,-0.0081374127851354,0.00028571428571428574,0.0,-0.008423127070849684
2020-09-11,-0.0008447515109285,0.00028571428571428574,0.0,-0.0011304657966427858
2020-09-14,0.0106885186469672,0.00028571428571428574,0.0,0.010402804361252915
2020-09-15,0.0083193502123483,0.00028571428571428574,0.0,0.008033635926634015
2020-09-16,-0.0058182995117298,0.00028571428571428574,0.0,-0.006104013797444086
2020-09-17,-0.0051175719165398,0.00028571428571428574,0.0,-0.005403286202254086
2020-09-18,-0.0047841144657546,0.00028571428571428574,0.0,-0.0050698287514688856
2020-09-21,0.0012379372885805,0.00028571428571428574,0.0,0.0009522230028662142
2020-09-22,0.0063980468388945,0.00028571428571428574,0.0,0.006112332553180214
2020-09-23,-0.011650575704262,0.00028571428571428574,0.0,-0.011936289989976284
2020-09-24,0.0023892358776655,0.00028571428571428574,0.0,0.0021035215919512143
2020-09-25,0.0044547552625477,0.00028571428571428574,0.0,0.004169040976833414
2020-09-28,0.0076432929696727,0.00028571428571428574,0.0,0.007357578683958414
2020-09-29,0.0009640574669293,0.00028571428571428574,0.0,0.0006783431812150142
2020-09-30,0.0046892719849478,0.00028571428571428574,0.0,0.004403557699233514
2020-10-01,0.0033280505429468,0.00028571428571428574,0.0,0.003042336257232514
2020-10-02,-0.0154770929623629,0.00028571428571428574,0.0,-0.015762807248077187
2020-10-05,0.0138827737266333,0.00028571428571428574,0.0,0.013597059440919015
2020-10-06,-0.0093982320980754,0.00028571428571428574,0.0,-0.009683946383789685
2020-10-07,0.0116990289831786,0.00028571428571428574,0.0,0.011413314697464315
2020-10-08,0.0011383021144147,0.00028571428571428574,0.0,0.0008525878287004143
2020-10-09,0.0060642005908103,0.00028571428571428574,0.0,0.005778486305096014
2020-10-12,0.0082682997074765,0.00028571428571428574,0.0,0.007982585421762216
2020-10-13,0.0001898022132536,0.00028571428571428574,0.0,-9.591207246068573e-05
2020-10-14,-0.0036989990855315,0.00028571428571428574,0.0,-0.003984713371245786
2020-10-15,-0.0050172592767001,0.00028571428571428574,0.0,-0.005302973562414386
2020-10-16,-0.0019184526556091,0.00028571428571428574,0.0,-0.0022041669413233856
2020-10-19,-0.0082462703315706,0.00028571428571428574,0.0,-0.008531984617284886
2020-10-20,0.0013123329111977,0.00028571428571428574,0.0,0.0010266186254834142
2020-10-21,-0.0034886701215702,0.00028571428571428574,0.0,-0.0037743844072844856
2020-10-22,-0.0015120084293748,0.00028571428571428574,0.0,-0.001797722715089086
2020-10-23,0.0049495430632558,0.00028571428571428574,0.0,0.004663828777541514
2020-10-26,-0.0054977248749214,0.00028571428571428574,0.0,-0.005783439160635686
2020-10-27,0.0004601828273962,0.00028571428571428574,0.0,0.00017446854168191427
2020-10-28,-0.0125178217802491,0.00028571428571428574,0.06,0.04719646393403661
2020-10-29,0.0057832971280833,0.00028571428571428574,0.03,0.035497582842369015
2020-10-30,-0.0084082614210462,0.00028571428571428574,0.03,0.021306024293239516
2020-11-02,0.0029546001954867,0.0,0.0,0.0029546001954867
2020-11-03,0.0089833491265739,0.0,0.0,0.0089833491265739
2020-11-04,0.0188735075589502,0.0,0.0,0.0188735075589502
2020-11-05,0.0159601811256881,0.0,0.0,0.0159601811256881
2020-11-06,-0.0070429692073032,0.0,0.0,-0.0070429692073032
2020-11-09,0.0073974821202219,0.0,0.0,0.0073974821202219
2020-11-10,-0.0064855661087497,0.0,0.0,-0.0064855661087497
2020-11-11,0.0074892384481089,0.0,0.0,0.0074892384481089
2020-11-12,-0.0068751128616485,0.0,0.0,-0.0068751128616485
2020-11-13,0.005174174054278,0.0,0.0,0.005174174054278
2020-11-16,0.0113159466579329,0.0,0.0,0.0113159466579329
2020-11-17,0.0064601627186993,0.0,0.0,0.0064601627186993
2020-11-18,0.0016432700163464,0.0,0.0,0.0016432700163464
2020-11-19,0.0055720283643954,0.0,0.0,0.0055720283643954
2020-11-20,-0.0073227990564996,0.0,0.0,-0.0073227990564996
2020-11-23,0.0162356762944043,0.0,0.0,0.0162356762944043
2020-11-24,0.017762674250987,0.0,0.0,0.017762674250987
2020-11-25,1.674913048850088e-05,0.0,0.0,1.674913048850088e-05
2020-11-27,0.0015321033608683,0.0,0.0,0.0015321033608683
2020-11-30,-0.0053569837202653,0.0,0.0,-0.0053569837202653
2020-12-01,0.0079519997152593,0.00028571428571428574,0.0,0.007666285429545013
2020-12-02,0.0021046150450056,0.00028571428571428574,0.0,0.0018189007592913143
2020-12-03,0.0018024236713544,0.00028571428571428574,0.0,0.0015167093856401142
2020-12-04,0.0052044028260601,0.00028571428571428574,0.0,0.004918688540345814
2020-12-07,0.006158354754946,0.00028571428571428574,0.0,0.005872640469231714
2020-12-08,-0.0002486490911998,0.00028571428571428574,0.0,-0.0005343633769140857
2020-12-09,-0.0027715547404228,0.00028571428571428574,0.0,-0.003057269026137086
2020-12-10,0.0033871844816969,0.00028571428571428574,0.0,0.003101470195982614
2020-12-11,-0.0098624721315715,0.00028571428571428574,0.0,-0.010148186417285786
2020-12-14,-0.003176029469075,0.00028571428571428574,0.0,-0.003461743754789286
2020-12-15,0.0115909131372044,0.00028571428571428574,0.0,0.011305198851490115
2020-12-16,0.0001706770287735,0.00028571428571428574,0.0,-0.00011503725694078575
2020-12-17,0.0054134027409496,0.00028571428571428574,0.0,0.005127688455235314
2020-12-18,-0.0012184093288496,0.00028571428571428574,0.0,-0.001504123614563886
2020-12-21,-0.009274619135229,0.00028571428571428574,0.0,-0.009560333420943284
2020-12-22,-0.0097664954496407,0.00028571428571428574,0.0,-0.010052209735354985
2020-12-23,0.0128625596947112,0.00028571428571428574,0.0,0.012576845408996916
2020-12-24,-0.0020155517010091,0.00028571428571428574,0.0,-0.002301265986723386
2020-12-28,0.0034648611069707,0.00028571428571428574,0.0,0.0031791468212564143
2020-12-29,-0.0019237282678903,0.00028571428571428574,0.0,-0.0022094425536045856
2020-12-30,0.0142115124639624,0.00028571428571428574,0.0,0.013925798178248116
2020-12-31,0.0046054735558807,0.00028571428571428574,0.0,0.004319759270166414
2021-01-04,-0.0047352558693997,0.00028571428571428574,0.0,-0.0050209701551139855
2021-01-05,0.0114910967068308,0.00028571428571428574,0.0,0.011205382421116515
2021-01-06,0.0160454824903889,0.00028571428571428574,0.0,0.015759768204674614
2021-01-07,0.0193310266013614,0.00028571428571428574,0.0,0.019045312315647114
2021-01-08,0.0067027091185213,0.00028571428571428574,0.0,0.006416994832807014
2021-01-11,-0.0043884006501291,0.00028571428571428574,0.0,-0.0046741149358433855
2021-01-12,0.0109785135762186,0.00028571428571428574,0.0,0.010692799290504314
2021-01-13,-0.0022759452760268,0.00028571428571428574,0.0,-0.002561659561741086
2021-01-14,0.0033839811462689,0.00028571428571428574,0.0,0.0030982668605546142
2021-01-15,-0.0175412439606266,0.00028571428571428574,0.0,-0.017826958246340886
2021-01-19,0.0127968490158874,0.00028571428571428574,0.0,0.012511134730173115
2021-01-20,0.0020337061194329,0.00028571428571428574,0.0,0.001747991833718614
2021-01-21,-0.0092140901113134,0.00028571428571428574,0.0,-0.009499804397027686
2021-01-22,-0.0034586448181029,0.00028571428571428574,0.0,-0.003744359103817186
2021-01-25,-0.0011345868924606,0.00028571428571428574,0.0,-0.0014203011781748856
2021-01-26,-0.0075737010223896,0.00028571428571428574,0.0,-0.007859415308103886
2021-01-27,-0.0070595849579024,0.00028571428571428574,0.03,0.022654700756383313
2021-01-28,0.0038547672297617,0.00028571428571428574,0.0,0.003569052944047414
2021-01-29,-0.0063786147333476,0.00028571428571428574,0.0,-0.006664329019061886
2021-02-01,0.0040232270829986,0.0,0.0,0.0040232270829986
2021-02-02,0.0088229760136603,0.0,0.0,0.0088229760136603
2021-02-03,0.0065483907348234,0.0,0.0,0.0065483907348234
2021-02-04,0.0081565729216492,0.0,0.0,0.0081565729216492
2021-02-05,0.000132860316871,0.0,0.0,0.000132860316871
2021-02-08,0.0197178698988239,0.0,0.0,0.0197178698988239
2021-02-09,-0.0028364978936285,0.0,0.0,-0.0028364978936285
2021-02-10,-0.0002253866834244,0.0,0.0,-0.0002253866834244
2021-02-11,0.001085372651515,0.0,0.0,0.001085372651515
2021-02-12,0.0096470522002472,0.0,0.0,0.0096470522002472
2021-02-16,0.0090558118823881,0.0,0.0,0.0090558118823881
2021-02-17,0.0026668414679579,0.0,0.0,0.0026668414679579
2021-02-18,-0.0097723757900026,0.0,0.0,-0.0097723757900026
2021-02-19,0.0138293636800751,0.0,0.0,0.0138293636800751
2021-02-22,-0.0047863577294913,0.0,0.0,-0.0047863577294913
2021-02-23,0.0012728818803419,0.0,0.0,0.0012728818803419
2021-02-24,0.0303723167148083,0.0,0.0,0.0303723167148083
2021-02-25,-0.0149919103775117,0.0,0.0,-0.0149919103775117
2021-02-26,-0.0046691174577093,0.0,0.0,-0.0046691174577093
2021-03-01,0.0172259276365671,0.00028571428571428574,0.0,0.016940213350852815
2021-03-02,-0.0085544319192856,0.00028571428571428574,0.0,-0.008840146204999885
2021-03-03,-0.001712681017699,0.00028571428571428574,0.0,-0.001998395303413286
2021-03-04,-0.0028151680820275,0.00028571428571428574,0.0,-0.003100882367741786
2021-03-05,0.0074914163214395,0.00028571428571428574,0.0,0.007205702035725214
2021-03-08,-0.0051565660444294,0.00028571428571428574,0.0,-0.005442280330143686
2021-03-09,0.0190036328719624,0.00028571428571428574,0.0,0.018717918586248116
2021-03-10,0.0020387282601273,0.00028571428571428574,0.0,0.0017530139744130141
2021-03-11,0.0074900634304941,0.00028571428571428574,0.0,0.0072043491447798145
2021-03-12,0.0011924850186353,0.00028571428571428574,0.0,0.0009067707329210142
2021-03-15,0.0067111992505746,0.00028571428571428574,0.0,0.0064254849648603144
2021-03-16,-0.0081473858176826,0.00028571428571428574,0.0,-0.008433100103396885
2021-03-17,0.0105056043237623,0.00028571428571428574,0.0,0.010219890038048015
2021-03-18,-0.0206419147793294,0.00028571428571428574,0.0,-0.020927629065043685
2021-03-19,0.0010215633107388,0.00028571428571428574,0.0,0.0007358490250245143
2021-03-22,0.0043227766363708,0.00028571428571428574,0.0,0.004037062350656514
2021-03-23,-0.0069387187542028,0.00028571428571428574,0.0,-0.007224433039917086
2021-03-24,-0.004352213244641,0.00028571428571428574,0.0,-0.004637927530355286
2021-03-25,0.0066044127505582,0.00028571428571428574,0.0,0.006318698464843914
2021-03-26,0.0185271596104618,0.00028571428571428574,0.0,0.018241445324747516
2021-03-29,-0.0034583540820951,0.00028571428571428574,0.0,-0.003744068367809386
2021-03-30,-0.0008943320751756,0.00028571428571428574,0.0,-0.0011800463608898858
2021-03-31,0.0108335698173692,0.00028571428571428574,0.0,0.010547855531654915
2021-04-01,0.0152531997204807,0.00019047619047619048,0.0,0.015062723530004509
2021-04-05,0.0089563293721891,0.00019047619047619048,0.0,0.00876585318171291
2021-04-06,-0.0043264485023513,0.00019047619047619048,0.0,-0.004516924692827491
2021-04-07,-0.0023373638529643,0.00019047619047619048,0.0,-0.0025278400434404907
2021-04-08,0.0051528562956248,0.00019047619047619048,0.0,0.004962380105148609
2021-04-09,0.0013302479480113,0.00019047619047619048,0.0,0.0011397717575351094
2021-04-12,-0.0049551504528192,0.00019047619047619048,0.0,-0.00514562664329539
2021-04-13,0.0056399765631594,0.00019047619047619048,0.0,0.005449500372683209
2021-04-14,0.006286867711799,0.00019047619047619048,0.0,0.006096391521322809
2021-04-15,0.0038812738326364,0.00019047619047619048,0.0,0.0036907976421602096
2021-04-16,-0.0031848084124553,0.00019047619047619048,0.0,-0.0033752846029314904
2021-04-19,-0.0112538178959974,0.00019047619047619048,0.0,-0.011444294086473591
2021-04-20,-0.0189406108126569,0.00019047619047619048,0.0,-0.01913108700313309
2021-04-21,0.0193465332220367,0.00019047619047619048,0.0,0.019156057031560512
2021-04-22,-0.0138102875443143,0.00019047619047619048,0.0,-0.01400076373479049
2021-04-23,0.0148925712623359,0.00019047619047619048,0.0,0.01470209507185971
2021-04-26,0.0082197106778062,0.00019047619047619048,0.0,0.00802923448733001
2021-04-27,-0.0020957266327491,0.00019047619047619048,0.0,-0.0022862028232252907
2021-04-28,-0.0011371089109869,0.00019047619047619048,0.0,-0.0013275851014630906
2021-04-29,0.0048652740696909,0.00019047619047619048,0.0,0.004674797879214709
2021-04-30,-0.0102191722725296,0.00019047619047619048,0.0,-0.01040964846300579
2021-05-03,0.0047901319184502,0.00019047619047619048,0.0,0.0045996557279740094
2021-05-04,-0.0070770719329254,0.00019047619047619048,0.0,-0.007267548123401591
2021-05-05,0.0043318365574422,0.00019047619047619048,0.0,0.00414136036696601
2021-05-06,0.0046646432951824,0.00019047619047619048,0.0,0.004474167104706209
2021-05-07,0.0145845622982604,0.00019047619047619048,0.0,0.014394086107784209
2021-05-10,-0.0202660044032407,0.00019047619047619048,0.0,-0.020456480593716887
2021-05-11,-0.005256647300514,0.00019047619047619048,0.0,-0.00544712349099019
2021-05-12,-0.0091433480158118,0.00019047619047619048,0.0,-0.009333824206287991
2021-05-13,0.0008473303876376,0.00019047619047619048,0.0,0.0006568541971614095
2021-05-14,0.021184525265052,0.00019047619047619048,0.0,0.02099404907457581
2021-05-17,0.0009706186551502,0.00019047619047619048,0.0,0.0007801424646740095
2021-05-18,-0.0066570324175805,0.00019047619047619048,0.0,-0.0068475086080566905
2021-05-19,-0.0005122126706379,0.00019047619047619048,0.0,-0.0007026888611140904
2021-05-20,0.0089039490662138,0.00019047619047619048,0.0,0.008713472875737609
2021-05-21,0.0012843492013505,0.00019047619047619048,0.0,0.0010938730108743095
2021-05-24,0.0107596032393661,0.00019047619047619048,0.0,0.010569127048889909
2021-05-25,-0.0035783088501786,0.00019047619047619048,0.0,-0.0037687850406547905
2021-05-26,0.0043854677925324,0.00019047619047619048,0.0,0.004194991602056209
2021-05-27,0.0081139599962682,0.00019047619047619048,0.0,0.00792348380579201
2021-05-28,0.0008421240696415,0.00019047619047619048,0.0,0.0006516478791653096
2021-06-01,0.0068622415153176,0.00019047619047619048,0.0,0.0066717653248414095
2021-06-02,0.0045871328435261,0.00019047619047619048,0.0,0.00439665665304991
2021-06-03,-0.0075773585212137,0.00019047619047619048,0.0,-0.0077678347116898906
2021-06-04,0.0091246050073224,0.00019047619047619048,0.0,0.00893412881684621
2021-06-07,-0.0020995606965821,0.00019047619047619048,0.0,-0.0022900368870582906
2021-06-08,0.0004322698594849,0.00019047619047619048,0.0,0.00024179366900870954
2021-06-09,-0.0051042650507999,0.00019047619047619048,0.0,-0.005294741241276091
2021-06-10,0.004474112765028,0.00019047619047619048,0.0,0.004283636574551809
2021-06-11,0.0022366722633816,0.00019047619047619048,0.0,0.0020461960729054093
2021-06-14,2.9727289372463608e-05,0.00019047619047619048,0.0,-0.00016074890110372687
2021-06-15,-0.0002287898795304,0.00019047619047619048,0.0,-0.0004192660700065905
2021-06-16,-0.0053399161383584,0.00019047619047619048,0.0,-0.005530392328834591
2021-06-17,-0.0081763604471184,0.00019047619047619048,0.0,-0.00836683663759459
2021-06-18,-0.0165990741381683,0.00019047619047619048,0.0,-0.01678955032864449
2021-06-21,0.0224841846948569,0.00019047619047619048,0.0,0.02229370850438071
2021-06-22,0.0025101347114417,0.00019047619047619048,0.0,0.0023196585209655095
2021-06-23,0.004130672817756,0.00019047619047619048,0.0,0.00394019662727981
2021-06-24,0.0136730252948491,0.00019047619047619048,0.0,0.01348254910437291
2021-06-25,0.0084572966338867,0.00019047619047619048,0.0,0.008266820443410509
2021-06-28,-0.0051711191631878,0.00019047619047619048,0.0,-0.005361595353663991
2021-06-29,0.003370482672295,0.00019047619047619048,0.0,0.0031800064818188092
2021-06-30,0.0102698479854527,0.00019047619047619048,0.0,0.01007937179497651
2021-07-01,0.008038004944638,0.00019047619047619048,0.0,0.007847528754161809
2021-07-02,0.0014109552248,0.00019047619047619048,0.0,0.0012204790343238094
2021-07-06,-0.0163074886122604,0.00019047619047619048,0.0,-0.01649796480273659
2021-07-07,-0.0121921369133953,0.00019047619047619048,0.0,-0.01238261310387149
2021-07-08,-0.0050398266481252,0.00019047619047619048,0.0,-0.005230302838601391
2021-07-09,0.0139280668564803,0.00019047619047619048,0.0,0.013737590666004109
2021-07-12,0.0062417383888154,0.00019047619047619048,0.0,0.00605126219833921
2021-07-13,-0.0084853386377553,0.00019047619047619048,0.0,-0.00867581482823149
2021-07-14,-0.0097206881861574,0.00019047619047619048,0.0,-0.00991116437663359
2021-07-15,-0.0088303080091511,0.00019047619047619048,0.0,-0.00902078419962729
2021-07-16,-0.0141726018289558,0.00019047619047619048,0.0,-0.01436307801943199
2021-07-19,-0.0073817307901542,0.00019047619047619048,0.0,-0.007572206980630391
2021-07-20,0.0098830243454473,0.00019047619047619048,0.0,0.00969254815497111
2021-07-21,0.020243541770445,0.00019047619047619048,0.0,0.02005306557996881
2021-07-22,-0.0016959693423367,0.00019047619047619048,0.0,-0.0018864455328128906
2021-07-23,0.0024590829994752,0.00019047619047619048,0.0,0.0022686068089990095
2021-07-26,0.0085663365303243,0.00019047619047619048,0.0,0.008375860339848109
2021-07-27,-0.0053087730006675,0.00019047619047619048,0.0,-0.005499249191143691
2021-07-28,0.0111211005129548,0.00019047619047619048,0.0,0.01093062432247861
2021-07-29,0.008860853255785,0.00019047619047619048,0.0,0.008670377065308809
2021-07-30,-0.0071609784662666,0.00019047619047619048,0.0,-0.007351454656742791
2021-08-02,-0.0001951907997992,0.00019047619047619048,0.0,-0.00038566699027539045
2021-08-03,0.0128927229677334,0.00019047619047619048,0.0,0.012702246777257209
2021-08-04,-0.0031966088081837,0.00019047619047619048,0.0,-0.0033870849986598907
2021-08-05,0.0070558680373787,0.00019047619047619048,0.0,0.006865391846902509
2021-08-06,0.004595184869096,0.00019047619047619048,0.0,0.004404708678619809
2021-08-09,-0.0025767125004353,0.00019047619047619048,0.0,-0.0027671886909114906
2021-08-10,0.0068409733102849,0.00019047619047619048,0.0,0.00665049711980871
2021-08-11,0.0042168569414729,0.00019047619047619048,0.0,0.00402638075099671
2021-08-12,0.0015054991838641,0.00019047619047619048,0.0,0.0013150229933879094
2021-08-13,-0.0030732602651022,0.00019047619047619048,0.0,-0.0032637364555783907
2021-08-16,-0.0131493684664722,0.00019047619047619048,0.0,-0.01333984465694839
2021-08-17,-0.0099008376593652,0.00019047619047619048,0.0,-0.010091313849841391
2021-08-18,-0.0081176003864866,0.00019047619047619048,0.0,-0.008308076576962791
2021-08-19,-0.0058948404351437,0.00019047619047619048,0.0,-0.00608531662561989
2021-08-20,0.0110991998640965,0.00019047619047619048,0.0,0.01090872367362031
2021-08-23,0.0174019979273163,0.00019047619047619048,0.0,0.01721152173684011
2021-08-24,0.0031054530186207,0.00019047619047619048,0.0,0.0029149768281445092
2021-08-25,0.0065645168593822,0.00019047619047619048,0.0,0.00637404066890601
2021-08-26,-0.0097299236728626,0.00019047619047619048,0.0,-0.009920399863338791
2021-08-27,0.0177668836477675,0.00019047619047619048,0.0,0.01757640745729131
2021-08-30,-0.0053023804260286,0.00019047619047619048,0.0,-0.005492856616504791
2021-08-31,-0.0075433426571275,0.00019047619047619048,0.0,-0.00773381884760369
2021-09-01,-0.0079670353857378,0.00019047619047619048,0.0,-0.00815751157621399
2021-09-02,0.0099855938511981,0.00019047619047619048,0.0,0.00979511766072191
2021-09-03,-0.0027659096040878,0.00019047619047619048,0.0,-0.0029563857945639907
2021-09-07,-0.0029763671102742,0.00019047619047619048,0.0,-0.0031668433007503907
2021-09-08,-0.0091493676874637,0.00019047619047619048,0.0,-0.009339843877939891
2021-09-09,0.0019971587319253,0.00019047619047619048,0.0,0.0018066825414491095
2021-09-10,-0.0046357672456241,0.00019047619047619048,0.0,-0.0048262434361002905
2021-09-13,0.0067760660424279,0.00019047619047619048,0.0,0.006585589851951709
2021-09-14,-0.0081010146179287,0.00019047619047619048,0.0,-0.00829149080840489
2021-09-15,0.0120210942592453,0.00019047619047619048,0.0,0.01183061806876911
2021-09-16,-0.0032296177004583,0.00019047619047619048,0.0,-0.0034200938909344906
2021-09-17,-0.0043775924932931,0.00019047619047619048,0.0,-0.004568068683769291
2021-09-20,-0.007412214131719,0.00019047619047619048,0.0,-0.00760269032219519
2021-09-21,0.0010554225743792,0.00019047619047619048,0.0,0.0008649463839030097
2021-09-22,0.0117168409752851,0.00019047619047619048,0.0,0.01152636478480891
2021-09-23,0.0178354569245516,0.00019047619047619048,0.0,0.017644980734075413
2021-09-24,0.0031294358932439,0.00019047619047619048,0.0,0.0029389597027677096
2021-09-27,0.0086793449605392,0.00019047619047619048,0.0,0.00848886877006301
2021-09-28,-0.0127449819405206,0.00019047619047619048,0.0,-0.01293545813099679
2021-09-29,0.001034633758744,0.00019047619047619048,0.0,0.0008441575682678095
2021-09-30,-0.0076233568243715,0.00019047619047619048,0.0,-0.00781383301484769
2021-10-01,0.0023911681554556,0.00028571428571428574,0.0,0.0021054538697413143
2021-10-04,-0.009652158559123,0.00028571428571428574,0.0,-0.009937872844837286
2021-10-05,0.0073991669961628,0.00028571428571428574,0.0,0.007113452710448514
2021-10-06,0.0013689862717076,0.00028571428571428574,0.0,0.0010832719859933141
2021-10-07,0.0112298128328391,0.00028571428571428574,0.0,0.010944098547124815
2021-10-08,0.0025462821497414,0.00028571428571428574,0.0,0.002260567864027114
2021-10-11,-0.0023693134967688,0.00028571428571428574,0.0,-0.002655027782483086
2021-10-12,-0.0001727302754234,0.00028571428571428574,0.0,-0.0004584445611376857
2021-10-13,0.0034133890773892,0.00028571428571428574,0.0,0.003127674791674914
2021-10-14,0.0137975483666084,0.00028571428571428574,0.0,0.013511834080894115
2021-10-15,0.0119028820922445,0.00028571428571428574,0.0,0.011617167806530215
2021-10-18,0.0082732526967937,0.00028571428571428574,0.0,0.007987538411079414
2021-10-19,0.0072623105140644,0.00028571428571428574,0.0,0.006976596228350114
2021-10-20,0.0070472982748737,0.00028571428571428574,0.0,0.006761583989159414
2021-10-21,0.0035772185921712,0.00028571428571428574,0.0,0.0032915043064569143
2021-10-22,0.0058193114718791,0.00028571428571428574,0.0,0.005533597186164814
2021-10-25,0.0157015575900975,0.00028571428571428574,0.0,0.015415843304383215
2021-10-26,0.008918314176694,0.00028571428571428574,0.0,0.008632599890979715
2021-10-27,-0.0183466618057062,0.00028571428571428574,0.0,-0.018632376091420485
2021-10-28,0.0102983171759547,0.00028571428571428574,0.0,0.010012602890240415
2021-10-29,-0.000811322250034,0.00028571428571428574,0.0,-0.0010970365357482856
2021-11-01,0.0042977477674145,0.00019047619047619048,0.0,0.00410727157693831
2021-11-02,0.0023830859187432,0.00019047619047619048,0.0,0.0021926097282670095
2021-11-03,0.0024799888921509,0.00019047619047619048,0.0,0.0022895127016747093
2021-11-04,0.0046883491582857,0.00019047619047619048,0.0,0.00449787296780951
2021-11-05,-0.0075133346238508,0.00019047619047619048,0.0,-0.0077038108143269906
2021-11-08,0.0107391749515923,0.00019047619047619048,0.0,0.01054869876111611
2021-11-09,-0.0084592760769785,0.00019047619047619048,0.0,-0.00864975226745469
2021-11-10,-0.0074727243543028,0.00019047619047619048,0.0,-0.00766320054477899
2021-11-11,0.0025073208330416,0.00019047619047619048,0.0,0.0023168446425654095
2021-11-12,0.006003802189448,0.00019047619047619048,0.0,0.005813325998971809
2021-11-15,-0.0004441722539146,0.00019047619047619048,0.0,-0.0006346484443907905
2021-11-16,0.0040323708041917,0.00019047619047619048,0.0,0.003841894613715509
2021-11-17,-0.0088858984868246,0.00019047619047619048,0.0,-0.00907637467730079
2021-11-18,0.0035774952144312,0.00019047619047619048,0.0,0.0033870190239550096
2021-11-19,-0.0066576716310155,0.00019047619047619048,0.0,-0.00684814782149169
2021-11-22,0.0042022414805027,0.00019047619047619048,0.0,0.004011765290026509
2021-11-23,0.0081979278201032,0.00019047619047619048,0.0,0.008007451629627009
2021-11-24,0.009162857985146,0.00019047619047619048,0.0,0.008972381794669809
2021-11-26,-0.0193951804311725,0.00019047619047619048,0.0,-0.019585656621648687
2021-11-29,0.0102113377046943,0.00019047619047619048,0.0,0.01002086151421811
2021-11-30,-0.0084658021777914,0.00019047619047619048,0.0,-0.00865627836826759
2021-12-01,-0.0062356017524319,0.0,0.0,-0.0062356017524319
2021-12-02,0.0063808366573892,0.0,0.0,0.0063808366573892
2021-12-03,-0.0075941588812632,0.0,0.0,-0.0075941588812632
2021-12-06,0.0025533618530859,0.0,0.0,0.0025533618530859
2021-12-07,0.0242349963580107,0.0,0.0,0.0242349963580107
2021-12-08,-0.0014352056268639,0.0,0.0,-0.0014352056268639
2021-12-09,-0.0099811002650752,0.0,0.0,-0.0099811002650752
2021-12-10,0.0114945658259743,0.0,0.0,0.0114945658259743
2021-12-13,-0.0149826646701981,0.0,0.0,-0.0149826646701981
2021-12-14,-0.0039304750260692,0.0,0.0,-0.0039304750260692
2021-12-15,0.013523659426435,0.0,0.0,0.013523659426435
2021-12-16,-0.0111302656493635,0.0,0.0,-0.0111302656493635
2021-12-17,-0.0092342896756147,0.0,0.0,-0.0092342896756147
2021-12-20,-0.0069252156082231,0.0,0.0,-0.0069252156082231
2021-12-21,0.0118049091647395,0.0,0.0,0.0118049091647395
2021-12-22,0.0069093558588213,0.0,0.0,0.0069093558588213
2021-12-23,0.0073664958152009,0.0,0.0,0.0073664958152009
2021-12-27,0.0155913441340243,0.0,0.0,0.0155913441340243
2021-12-28,-0.0041007717620946,0.0,0.0,-0.0041007717620946
2021-12-29,-0.0017085815426093,0.0,0.0,-0.0017085815426093
2021-12-30,-0.0049356507754171,0.0,0.0,-0.0049356507754171
2021-12-31,-0.003915088422434,0.0,0.0,-0.003915088422434
2022-01-03,0.0233637763017848,0.00019047619047619048,0.0,0.023173300111308612
2022-01-04,0.0019641353853579,0.00019047619047619048,0.0,0.0017736591948817096
2022-01-05,-0.0185275035851191,0.00019047619047619048,0.0,-0.01871797977559529
2022-01-06,0.0066967052467826,0.00019047619047619048,0.0,0.00650622905630641
2022-01-07,-0.0032867039128873,0.00019047619047619048,0.0,-0.0034771801033634904
2022-01-10,0.0037603473738445,0.00019047619047619048,0.0,0.0035698711833683093
2022-01-11,0.0107704364697022,0.00019047619047619048,0.0,0.01057996027922601
2022-01-12,0.0005373803372584,0.00019047619047619048,0.0,0.0003469041467822095
2022-01-13,-0.010395068992545,0.00019047619047619048,0.0,-0.01058554518302119
2022-01-14,0.0118265193993943,0.00019047619047619048,0.0,0.011636043208918109
2022-01-18,-0.0092397244268402,0.00019047619047619048,0.0,-0.00943020061731639
2022-01-19,-0.0117336605244565,0.00019047619047619048,0.0,-0.011924136714932691
2022-01-20,-0.0056953588392723,0.00019047619047619048,0.0,-0.005885835029748491
2022-01-21,-0.006920448064942,0.00019047619047619048,0.0,-0.00711092425541819
2022-01-24,-0.0006827850826444,0.00019047619047619048,0.0,-0.0008732612731205904
2022-01-25,-0.0013384168242699,0.00019047619047619048,0.0,-0.0015288930147460906
2022-01-26,0.0020640425477964,0.00019047619047619048,0.0,0.0018735663573202096
2022-01-27,-0.0047031981158403,0.00019047619047619048,0.0,-0.00489367430631649
2022-01-28,0.006342151257235,0.00019047619047619048,0.0,0.006151675066758809
2022-01-31,0.011887955563654,0.00019047619047619048,0.0,0.01169747937317781
2022-02-01,0.00820965243722,0.00028571428571428574,0.0,0.007923938151505714
2022-02-02,0.0032604052603243,0.00028571428571428574,0.0,0.002974690974610014
2022-02-03,-0.013052787465181,0.00028571428571428574,0.0,-0.013338501750895284
2022-02-04,0.0033135652773287,0.00028571428571428574,0.0,0.003027850991614414
2022-02-07,0.0046353032892001,0.00028571428571428574,0.0,0.004349589003485814
2022-02-08,0.0025457905003471,0.00028571428571428574,0.0,0.0022600762146328143
2022-02-09,0.0221391655944656,0.00028571428571428574,0.0,0.021853451308751316
2022-02-10,-0.0123577948120325,0.00028571428571428574,0.0,-0.012643509097746785
2022-02-11,-0.0141355437174467,0.00028571428571428574,0.0,-0.014421258003160985
2022-02-14,0.0003671817729485,0.00028571428571428574,0.0,8.146748723421429e-05
2022-02-15,0.0135506702359336,0.00028571428571428574,0.0,0.013264955950219315
2022-02-16,-0.001355314077556,0.00028571428571428574,0.0,-0.001641028363270286
2022-02-17,-0.0141064608826083,0.00028571428571428574,0.0,-0.014392175168322585
2022-02-18,-0.003966370011535,0.00028571428571428574,0.0,-0.004252084297249286
2022-02-22,-0.0053138898971712,0.00028571428571428574,0.0,-0.005599604182885486
2022-02-23,-0.0039850713298526,0.00028571428571428574,0.0,-0.004270785615566886
2022-02-24,0.0001887223586022,0.00028571428571428574,0.0,-9.699192711208574e-05
2022-02-25,0.0076164899485771,0.00028571428571428574,0.0,0.007330775662862814
2022-02-28,0.0014379604573471,0.00028571428571428574,0.0,0.0011522461716328143
2022-03-01,-0.0078891427644644,0.0,0.0,-0.0078891427644644
2022-03-02,0.0058312520124208,0.0,0.0,0.0058312520124208
2022-03-03,-0.0028116734427141,0.0,0.0,-0.0028116734427141
2022-03-04,0.001958658220333,0.0,0.0,0.001958658220333
2022-03-07,-0.0035865284893487,0.0,0.0,-0.0035865284893487
2022-03-08,-0.0026665522880126,0.0,0.0,-0.0026665522880126
2022-03-09,0.002001442430353,0.0,0.0,0.002001442430353
2022-03-10,0.0018071718909791,0.0,0.0,0.0018071718909791
2022-03-11,-0.0019070024956467,0.0,0.0,-0.0019070024956467
2022-03-14,-0.0001589921232505,0.0,0.0,-0.0001589921232505
2022-03-15,0.0026907118125909,0.0,0.0,0.0026907118125909
2022-03-16,0.0010318240619833,0.0,0.0,0.0010318240619833
2022-03-17,0.0162233407030927,0.0,0.0,0.0162233407030927
2022-03-18,-0.00141846522659,0.0,0.0,-0.00141846522659
2022-03-21,0.0065544488706679,0.0,0.0,0.0065544488706679
2022-03-22,0.0069941971383407,0.0,0.0,0.0069941971383407
2022-03-23,-0.0076403313536195,0.0,0.0,-0.0076403313536195
2022-03-24,0.0133126795887835,0.0,0.0,0.0133126795887835
2022-03-25,0.0032537407669424,0.0,0.0,0.0032537407669424
2022-03-28,0.0067631053035729,0.0,0.0,0.0067631053035729
2022-03-29,0.0060745618945206,0.0,0.0,0.0060745618945206
2022-03-30,-0.0109345997132559,0.0,0.0,-0.0109345997132559
2022-03-31,-0.0169228124594618,0.0,0.0,-0.0169228124594618
2022-04-01,0.0053828496828515,0.00019047619047619048,0.0,0.005192373492375309
2022-04-04,0.0041381235358607,0.00019047619047619048,0.0,0.0039476473453845095
2022-04-05,-0.0102746269016025,0.00019047619047619048,0.0,-0.01046510309207869
2022-04-06,-0.0120510425308923,0.00019047619047619048,0.0,-0.01224151872136849
2022-04-07,0.0001027483928426,0.00019047619047619048,0.0,-8.772779763359048e-05
2022-04-08,0.0028115711343509,0.00019047619047619048,0.0,0.0026210949438747093
2022-04-11,-0.0142000675996604,0.00019047619047619048,0.0,-0.01439054379013659
2022-04-12,0.0016149291492704,0.00019047619047619048,0.0,0.0014244529587942095
2022-04-13,0.0088970793888552,0.00019047619047619048,0.0,0.00870660319837901
2022-04-14,-0.0035628848094204,0.00019047619047619048,0.0,-0.0037533609998965907
2022-04-18,-0.0001959564266408,0.00019047619047619048,0.0,-0.00038643261711699046
2022-04-19,0.0015748588793835,0.00019047619047619048,0.0,0.0013843826889073094
2022-04-20,-0.0004271914706525,0.00019047619047619048,0.0,-0.0006176676611286904
2022-04-21,-0.0161631782333288,0.00019047619047619048,0.0,-0.01635365442380499
2022-04-22,-0.0112370839290769,0.00019047619047619048,0.0,-0.011427560119553091
2022-04-25,-0.005651973561654,0.00019047619047619048,0.0,-0.00584244975213019
2022-04-26,-0.0058425387369954,0.00019047619047619048,0.0,-0.006033014927471591
2022-04-27,0.0045066253591589,0.00019047619047619048,0.0,0.004316149168682709
2022-04-28,0.0087855490908509,0.00019047619047619048,0.0,0.00859507290037471
2022-04-29,-0.0106979940376569,0.00019047619047619048,0.0,-0.010888470228133091
2022-05-02,-0.0003487608053102,0.0,0.0,-0.0003487608053102
2022-05-03,0.0051991190041216,0.0,0.0,0.0051991190041216
2022-05-04,0.0141778222337489,0.0,0.0,0.0141778222337489
2022-05-05,-0.0065425482499968,0.0,0.0,-0.0065425482499968
2022-05-06,0.0029212957054973,0.0,0.0,0.0029212957054973
2022-05-09,-0.0037670866232234,0.0,0.0,-0.0037670866232234
2022-05-10,-0.0009586483268488,0.0,0.0,-0.0009586483268488
2022-05-11,0.0002757434922417,0.0,0.0,0.0002757434922417
2022-05-12,0.0016584354619302,0.0,0.0,0.0016584354619302
2022-05-13,0.0087307451778313,0.0,0.0,0.0087307451778313
2022-05-16,0.0086437748718858,0.0,0.0,0.0086437748718858
2022-05-17,0.0059786493889728,0.0,0.0,0.0059786493889728
2022-05-18,-0.008780605647462,0.0,0.0,-0.008780605647462
2022-05-19,-0.0046062445269033,0.0,0.0,-0.0046062445269033
2022-05-20,0.0040146474829565,0.0,0.0,0.0040146474829565
2022-05-23,0.0090879631028797,0.0,0.0,0.0090879631028797
2022-05-24,0.0086002893981365,0.0,0.0,0.0086002893981365
2022-05-25,0.0006840349223469,0.0,0.0,0.0006840349223469
2022-05-26,0.001877616118695,0.0,0.0,0.001877616118695
2022-05-27,0.011134487868315,0.0,0.0,0.011134487868315
2022-05-31,-0.004623593151374,0.0,0.0,-0.004623593151374
2022-06-01,-0.004189020678147,0.00028571428571428574,0.0,-0.004474734963861286
2022-06-02,0.0091738792824851,0.00028571428571428574,0.0,0.008888164996770816
2022-06-03,0.0011964215800792,0.00028571428571428574,0.0,0.0009107072943649142
2022-06-06,0.00042174323391,0.00028571428571428574,0.0,0.00013602894819571428
2022-06-07,0.0155462490551727,0.00028571428571428574,0.0,0.015260534769458415
2022-06-08,-0.0024332215913912,0.00028571428571428574,0.0,-0.002718935877105486
2022-06-09,-0.0160340848196279,0.00028571428571428574,0.0,-0.016319799105342186
2022-06-10,-0.0045217798545413,0.00028571428571428574,0.0,-0.004807494140255586
2022-06-13,-0.0115634194246219,0.00028571428571428574,0.0,-0.011849133710336185
2022-06-14,-0.000704467838139,0.00028571428571428574,0.0,-0.0009901821238532857
2022-06-15,-0.0041842337554913,0.00028571428571428574,0.0,-0.0044699480412055854
2022-06-16,-0.0079801888938835,0.00028571428571428574,0.0,-0.008265903179597784
2022-06-17,-0.0058596116120982,0.00028571428571428574,0.0,-0.006145325897812486
2022-06-21,0.0115605826107321,0.00028571428571428574,0.0,0.011274868325017815
2022-06-22,-0.005643526692967,0.00028571428571428574,0.0,-0.005929240978681286
2022-06-23,-0.0034593021406276,0.00028571428571428574,0.0,-0.0037450164263418857
2022-06-24,0.011805533976269,0.00028571428571428574,0.0,0.011519819690554715
2022-06-27,0.0024242202195533,0.00028571428571428574,0.0,0.002138505933839014
2022-06-28,0.0002498940929068,0.00028571428571428574,0.0,-3.5820192807485736e-05
2022-06-29,-0.0044110544517037,0.00028571428571428574,0.0,-0.004696768737417986
2022-06-30,-0.002250256968642,0.00028571428571428574,0.0,-0.0025359712543562857
2022-07-01,0.0070703994400429,0.00028571428571428574,0.0,0.0067846851543286145
2022-07-05,-0.0117887923130403,0.00028571428571428574,0.0,-0.012074506598754585
2022-07-06,-0.0001459804366984,0.00028571428571428574,0.0,-0.0004316947224126857
2022-07-07,0.0046200320591074,0.00028571428571428574,0.0,0.004334317773393114
2022-07-08,-0.0005080673466108,0.00028571428571428574,0.0,-0.0007937816323250858
2022-07-11,-0.0002499655946674,0.00028571428571428574,0.0,-0.0005356798803816858
2022-07-12,-0.0060245035728561,0.00028571428571428574,0.0,-0.006310217858570386
2022-07-13,-0.0041421798217663,0.00028571428571428574,0.0,-0.004427894107480586
2022-07-14,-0.0042804653141226,0.00028571428571428574,0.0,-0.004566179599836886
2022-07-15,0.0143600789759469,0.00028571428571428574,0.0,0.014074364690232615
2022-07-18,-0.0115939052753362,0.00028571428571428574,0.0,-0.011879619561050485
2022-07-19,0.0057980606695744,0.00028571428571428574,0.0,0.005512346383860114
2022-07-20,-0.0105162209611728,0.00028571428571428574,0.0,-0.010801935246887086
2022-07-21,0.0009665446295973,0.00028571428571428574,0.0,0.0006808303438830143
2022-07-22,-0.0017063065175221,0.00028571428571428574,0.0,-0.0019920208032363856
2022-07-25,0.0095980431200408,0.00028571428571428574,0.0,0.009312328834326516
2022-07-26,-0.0038215723593329,0.00028571428571428574,0.0,-0.004107286645047186
2022-07-27,0.003981183976008,0.00028571428571428574,0.0,0.0036954696902937144
2022-07-28,0.000871988310761,0.00028571428571428574,0.0,0.0005862740250467143
2022-07-29,0.006553278153496,0.00028571428571428574,0.0,0.006267563867781714
2022-08-01,-0.0020241581787975,0.00028571428571428574,0.0,-0.002309872464511786
2022-08-02,-0.004598218242587,0.00028571428571428574,0.0,-0.004883932528301286
2022-08-03,0.0142656315179224,0.00028571428571428574,0.0,0.013979917232208115
2022-08-04,0.0019688585304725,0.00028571428571428574,0.0,0.0016831442447582143
2022-08-05,0.0055898898134368,0.00028571428571428574,0.0,0.0053041755277225145
2022-08-08,-8.360295453225215e-05,0.00028571428571428574,0.0,-0.0003693172402465379
2022-08-09,-0.0007144078524079,0.00028571428571428574,0.0,-0.0010001221381221858
2022-08-10,0.0108936188504836,0.00028571428571428574,0.0,0.010607904564769314
2022-08-11,-0.002906266429452,0.00028571428571428574,0.0,-0.0031919807151662856
2022-08-12,0.0138728691631101,0.00028571428571428574,0.0,0.013587154877395815
2022-08-15,0.0020896085874018,0.00028571428571428574,0.0,0.0018038943016875143
2022-08-16,0.0032820275328727,0.00028571428571428574,0.0,0.002996313247158414
2022-08-17,-0.0080569519818135,0.00028571428571428574,0.0,-0.008342666267527785
2022-08-18,0.0016222950908957,0.00028571428571428574,0.0,0.0013365808051814141
2022-08-19,-0.0102438325326675,0.00028571428571428574,0.0,-0.010529546818381785
2022-08-22,-0.0180705209460963,0.00028571428571428574,0.0,-0.018356235231810587
2022-08-23,-0.002774341079001,0.00028571428571428574,0.0,-0.0030600553647152856
2022-08-24,0.0022943675289539,0.00028571428571428574,0.0,0.002008653243239614
2022-08-25,0.0091486465745067,0.00028571428571428574,0.0,0.008862932288792416
2022-08-26,-0.0093914037322318,0.00028571428571428574,0.0,-0.009677118017946086
2022-08-29,-0.0010297461818805,0.00028571428571428574,0.0,-0.0013154604675947859
2022-08-30,-0.0050545143968774,0.00028571428571428574,0.0,-0.005340228682591686
2022-08-31,-0.0037946996397639,0.00028571428571428574,0.0,-0.004080413925478186
2022-09-01,0.0057042609852067,0.00028571428571428574,0.0,0.005418546699492414
2022-09-02,-0.0013987024578517,0.00028571428571428574,0.0,-0.001684416743565986
2022-09-06,-0.0017952811287245,0.00028571428571428574,0.0,-0.002080995414438786
2022-09-07,0.0054142818902797,0.00028571428571428574,0.0,0.005128567604565414
2022-09-08,0.0065389501149507,0.00028571428571428574,0.0,0.006253235829236414
2022-09-09,0.006757928302981,0.00028571428571428574,0.0,0.0064722140172667145
2022-09-12,0.0029736195633988,0.00028571428571428574,0.0,0.0026879052776845143
2022-09-13,-0.0137568528340266,0.00028571428571428574,0.0,-0.014042567119740884
2022-09-14,0.0046501284229609,0.00028571428571428574,0.0,0.004364414137246614
2022-09-15,-0.0035210547922859,0.00028571428571428574,0.0,-0.003806769078000186
2022-09-16,-0.0039316778074174,0.00028571428571428574,0.0,-0.004217392093131686
2022-09-19,0.0023676669798135,0.00028571428571428574,0.0,0.002081952694099214
2022-09-20,-0.005863374774244,0.00028571428571428574,0.0,-0.006149089059958286
2022-09-21,-0.0100697976194374,0.00028571428571428574,0.0,-0.010355511905151686
2022-09-22,-0.003570433598715,0.00028571428571428574,0.0,-0.0038561478844292858
2022-09-23,-0.0115338044715185,0.00028571428571428574,0.0,-0.011819518757232785
2022-09-26,-0.0048097988698891,0.00028571428571428574,0.0,-0.0050955131556033855
2022-09-27,0.0005520514195344,0.00028571428571428574,0.0,0.00026633713382011423
2022-09-28,0.0089816442914847,0.00028571428571428574,0.0,0.008695930005770415
2022-09-29,-0.0047126634829879,0.00028571428571428574,0.0,-0.004998377768702186
2022-09-30,-0.0036106192466763,0.00028571428571428574,0.0,-0.0038963335323905857
2022-10-03,0.0135182828220548,0.0,0.0,0.0135182828220548
2022-10-04,0.0120158694300243,0.0,0.0,0.0120158694300243
2022-10-05,0.0016248401656347,0.0,0.0,0.0016248401656347
2022-10-06,-0.00171417773317,0.0,0.0,-0.00171417773317
2022-10-07,-0.0029313403104386,0.0,0.0,-0.0029313403104386
2022-10-10,-0.0014021075686771,0.0,0.0,-0.0014021075686771
2022-10-11,-0.0001016948221505,0.0,0.0,-0.0001016948221505
2022-10-12,-0.0013259337280598,0.0,0.0,-0.0013259337280598
2022-10-13,0.0109881051754543,0.0,0.0,0.0109881051754543
2022-10-14,-0.0068736316843814,0.0,0.0,-0.0068736316843814
2022-10-17,0.005225829867601,0.0,0.0,0.005225829867601
2022-10-18,0.0034769162367838,0.0,0.0,0.0034769162367838
2022-10-19,-0.0013638706225699,0.0,0.0,-0.0013638706225699
2022-10-20,-0.0024784931941839,0.0,0.0,-0.0024784931941839
2022-10-21,0.0160246560916092,0.0,0.0,0.0160246560916092
2022-10-24,0.0049333328057006,0.0,0.0,0.0049333328057006
2022-10-25,0.0044483062871915,0.0,0.0,0.0044483062871915
2022-10-26,0.0040985812431337,0.0,0.0,0.0040985812431337
2022-10-27,0.0018942229869781,0.0,0.0,0.0018942229869781
2022-10-28,0.0148084349254927,0.0,0.0,0.0148084349254927
2022-10-31,-0.0046264388584765,0.0,0.0,-0.0046264388584765
2022-11-01,0.0018102960457685,0.00028571428571428574,0.0,0.0015245817600542141
2022-11-02,-0.0145498739055021,0.00028571428571428574,0.0,-0.014835588191216385
2022-11-03,0.0013326177973,0.00028571428571428574,0.0,0.0010469035115857144
2022-11-04,0.0128569634858595,0.00028571428571428574,0.0,0.012571249200145214
2022-11-07,0.0093811142805481,0.00028571428571428574,0.0,0.009095399994833815
2022-11-08,0.0014564754644751,0.00028571428571428574,0.0,0.001170761178760814
2022-11-09,-0.0065622496469351,0.00028571428571428574,0.0,-0.006847963932649386
2022-11-10,0.0242149666145676,0.00028571428571428574,0.0,0.023929252328853314
2022-11-11,0.0034037102534371,0.00028571428571428574,0.0,0.0031179959677228144
2022-11-14,-0.0009252555929273,0.00028571428571428574,0.0,-0.0012109698786415858
2022-11-15,0.0047052502576468,0.00028571428571428574,0.0,0.004419535971932514
2022-11-16,-0.0005980940997834,0.00028571428571428574,0.0,-0.0008838083854976858
2022-11-17,-0.0009910673729558,0.00028571428571428574,0.0,-0.0012767816586700858
2022-11-18,0.0060561316277324,0.00028571428571428574,0.0,0.005770417342018114
2022-11-21,0.0001065656795861,0.00028571428571428574,0.0,-0.00017914860612818574
2022-11-22,0.0109118683780641,0.00028571428571428574,0.0,0.010626154092349816
2022-11-23,0.0025962753021089,0.00028571428571428574,0.0,0.002310561016394614
2022-11-25,0.0013708159208322,0.00028571428571428574,0.0,0.0010851016351179142
2022-11-28,-0.0081199641515492,0.00028571428571428574,0.0,-0.008405678437263486
2022-11-29,0.003626898654554,0.00028571428571428574,0.0,0.003341184368839714
2022-11-30,0.0075414343172034,0.00028571428571428574,0.0,0.0072557200314891145
2022-12-01,-0.0010914979222671,0.00019047619047619048,0.0,-0.0012819741127432906
2022-12-02,0.0047337902705179,0.00019047619047619048,0.0,0.004543314080041709
2022-12-05,-0.0114412562316572,0.00019047619047619048,0.0,-0.011631732422133391
2022-12-06,-0.0087915124640073,0.00019047619047619048,0.0,-0.00898198865448349
2022-12-07,0.0037605539120014,0.00019047619047619048,0.0,0.0035700777215252094
2022-12-08,0.0040566710355302,0.00019047619047619048,0.0,0.0038661948450540093
2022-12-09,-0.0115371586522758,0.00019047619047619048,0.0,-0.01172763484275199
2022-12-12,0.012886845714607,0.00019047619047619048,0.0,0.012696369524130809
2022-12-13,0.0046308874452025,0.00019047619047619048,0.0,0.0044404112547263095
2022-12-14,0.0017680057590522,0.00019047619047619048,0.0,0.0015775295685760094
2022-12-15,-0.0111446783181522,0.00019047619047619048,0.0,-0.011335154508628391
2022-12-16,-0.0077572539242534,0.00019047619047619048,0.0,-0.00794773011472959
2022-12-19,-5.012168931900957e-05,0.00019047619047619048,0.0,-0.00024059787979520005
2022-12-20,0.005046506821591,0.00019047619047619048,0.0,0.00485603063111481
2022-12-21,0.0125944898122123,0.00019047619047619048,0.0,0.012404013621736109
2022-12-22,-0.0088502777375964,0.00019047619047619048,0.0,-0.009040753928072591
2022-12-23,0.0114095678972993,0.00019047619047619048,0.0,0.01121909170682311
2022-12-27,0.0024420102372729,0.00019047619047619048,0.0,0.0022515340467967097
2022-12-28,-0.0098560303993763,0.00019047619047619048,0.0,-0.01004650658985249
2022-12-29,0.0056079131864703,0.00019047619047619048,0.0,0.0054174369959941095
2022-12-30,0.0020676477374925,0.00019047619047619048,0.0,0.0018771715470163094
2023-01-03,-0.0119192797743066,0.00028571428571428574,0.0,-0.012204994060020884
2023-01-04,5.149386739377541e-05,0.00028571428571428574,0.0,-0.00023422041832051033
2023-01-05,0.0008578941237356,0.00028571428571428574,0.0,0.0005721798380213143
2023-01-06,0.0135716899247099,0.00028571428571428574,0.0,0.013285975638995615
2023-01-09,-0.0038051943019271,0.00028571428571428574,0.0,-0.004090908587641386
2023-01-10,0.005883744682069,0.00028571428571428574,0.0,0.005598030396354714
2023-01-11,0.0043393338942503,0.00028571428571428574,0.0,0.004053619608536014
2023-01-12,0.0102508701319084,0.00028571428571428574,0.0,0.009965155846194115
2023-01-13,0.0067870349768913,0.00028571428571428574,0.0,0.006501320691177014
2023-01-17,0.0006355713626584,0.00028571428571428574,0.0,0.00034985707694411424
2023-01-18,-0.0134918056503135,0.00028571428571428574,0.0,-0.013777519936027785
2023-01-19,-0.0144394877492769,0.00028571428571428574,0.0,-0.014725202034991185
2023-01-20,0.0162333925320274,0.00028571428571428574,0.0,0.015947678246313116
2023-01-23,0.0131318613256851,0.00028571428571428574,0.0,0.012846147039970815
2023-01-24,-0.0018106869071872,0.00028571428571428574,0.0,-0.002096401192901486
2023-01-25,0.0063707550974798,0.00028571428571428574,0.0,0.006085040811765514
2023-01-26,0.0052608580596805,0.00028571428571428574,0.0,0.0049751437739662145
2023-01-27,0.0011731763497436,0.00028571428571428574,0.0,0.0008874620640293142
2023-01-30,-0.0090447165238058,0.00028571428571428574,0.0,-0.009330430809520085
2023-01-31,0.007184828922172,0.00028571428571428574,0.0,0.006899114636457714
2023-02-01,9.143704089631932e-05,0.00019047619047619048,0.0,-9.903914957987117e-05
2023-02-02,-0.0120958049590914,0.00019047619047619048,0.0,-0.01228628114956759
2023-02-03,0.0049939982466177,0.00019047619047619048,0.0,0.004803522056141509
2023-02-06,0.0027719921036101,0.00019047619047619048,0.0,0.0025815159131339096
2023-02-07,0.0021264512748661,0.00019047619047619048,0.0,0.0019359750843899095
2023-02-08,-0.0054839943253903,0.00019047619047619048,0.0,-0.00567447051586649
2023-02-09,-0.0028555932316377,0.00019047619047619048,0.0,-0.0030460694221138905
2023-02-10,-0.0026113592293832,0.00019047619047619048,0.0,-0.0028018354198593907
2023-02-13,0.0096141348971745,0.00019047619047619048,0.0,0.009423658706698309
2023-02-14,0.001576139259366,0.00019047619047619048,0.0,0.0013856630688898095
2023-02-15,0.0019399832014292,0.00019047619047619048,0.0,0.0017495070109530095
2023-02-16,-0.0126012377084887,0.00019047619047619048,0.0,-0.01279171389896489
2023-02-17,-0.0045625661501194,0.00019047619047619048,0.0,-0.004753042340595591
2023-02-21,-0.0163064027689936,0.00019047619047619048,0.0,-0.016496878959469788
2023-02-22,-0.0020215092445797,0.00019047619047619048,0.0,-0.0022119854350558907
2023-02-23,0.0009248766410308,0.00019047619047619048,0.0,0.0007344004505546095
2023-02-24,-0.0082697948849699,0.00019047619047619048,0.0,-0.00846027107544609
2023-02-27,0.0011807590471273,0.00019047619047619048,0.0,0.0009902828566511095
2023-02-28,-0.0002025408256958,0.00019047619047619048,0.0,-0.00039301701617199046
2023-03-01,-0.0025778833728784,0.00028571428571428574,0.0,-0.002863597658592686
2023-03-02,0.0069863809670743,0.00028571428571428574,0.0,0.0067006666813600145
2023-03-03,0.0120005012728354,0.00028571428571428574,0.0,0.011714786987121115
2023-03-06,0.000843337655103,0.00028571428571428574,0.0,0.0005576233693887143
2023-03-07,-0.0180548914222833,0.00028571428571428574,0.0,-0.018340605707997584
2023-03-08,0.0007503008297228,0.00028571428571428574,0.0,0.00046458654400851425
2023-03-09,-0.0198402835813889,0.00028571428571428574,0.0,-0.020125997867103184
2023-03-10,-0.0012420128617906,0.00028571428571428574,0.0,-0.001527727147504886
2023-03-13,-4.379090815402796e-05,0.00028571428571428574,0.0,-0.00032950519386831367
2023-03-14,0.0065856364042304,0.00028571428571428574,0.0,0.006299922118516114
2023-03-15,-0.0060318597854265,0.00028571428571428574,0.0,-0.006317574071140786
2023-03-16,0.0065445341041143,0.00028571428571428574,0.0,0.006258819818400014
2023-03-17,-0.0052569259029046,0.00028571428571428574,0.0,-0.005542640188618886
2023-03-20,0.0067663858601862,0.00028571428571428574,0.0,0.006480671574471914
2023-03-21,0.0034077143788509,0.00028571428571428574,0.0,0.003122000093136614
2023-03-22,-0.0114224590722944,0.00028571428571428574,0.0,-0.011708173358008686
2023-03-23,0.0044703281954072,0.00028571428571428574,0.0,0.004184613909692914
2023-03-24,0.0023077503089709,0.00028571428571428574,0.0,0.002022036023256614
2023-03-27,0.0039489487169805,0.00028571428571428574,0.0,0.003663234431266214
2023-03-28,0.0031145989317328,0.00028571428571428574,0.0,0.002828884646018514
2023-03-29,0.0073415758768397,0.00028571428571428574,0.0,0.007055861591125414
2023-03-30,0.0044048067777542,0.00028571428571428574,0.0,0.0041190924920399144
2023-03-31,0.0117443016546519,0.00028571428571428574,0.0,0.011458587368937616
2023-04-03,0.0111913297100765,0.00019047619047619048,0.0,0.011000853519600309
2023-04-04,-0.0043827086012123,0.00019047619047619048,0.0,-0.004573184791688491
2023-04-05,0.0039489116730616,0.00019047619047619048,0.0,0.003758435482585409
2023-04-06,-0.001122343548342,0.00019047619047619048,0.0,-0.0013128197388181907
2023-04-10,0.0012945987706698,0.00019047619047619048,0.0,0.0011041225801936094
2023-04-11,0.0020968565781587,0.00019047619047619048,0.0,0.0019063803876825094
2023-04-12,0.0006282104231661,0.00019047619047619048,0.0,0.0004377342326899095
2023-04-13,0.0080708991699207,0.00019047619047619048,0.0,0.00788042297944451
2023-04-14,-0.0019884738626811,0.00019047619047619048,0.0,-0.0021789500531572904
2023-04-17,0.0081250997330277,0.00019047619047619048,0.0,0.007934623542551509
2023-04-18,0.0019113124060512,0.00019047619047619048,0.0,0.0017208362155750093
2023-04-19,-0.0003170020617094,0.00019047619047619048,0.0,-0.0005074782521855905
2023-04-20,-0.0055006967602454,0.00019047619047619048,0.0,-0.00569117295072159
2023-04-21,0.0002667688906456,0.00019047619047619048,0.0,7.62927001694095e-05
2023-04-24,-0.0028108042708943,0.00019047619047619048,0.0,-0.0030012804613704907
2023-04-25,-0.0163531307526747,0.00019047619047619048,0.0,-0.01654360694315089
2023-04-26,-0.008189125889145,0.00019047619047619048,0.0,-0.00837960207962119
2023-04-27,0.0124710298456689,0.00019047619047619048,0.0,0.012280553655192709
2023-04-28,0.0144499033634852,0.00019047619047619048,0.0,0.01425942717300901
2023-05-01,-0.0051711197187292,0.00019047619047619048,0.0,-0.005361595909205391
2023-05-02,-0.0104576249189269,0.00019047619047619048,0.0,-0.01064810110940309
2023-05-03,-0.002590543752342,0.00019047619047619048,0.0,-0.0027810199428181907
2023-05-04,-0.0056909450211563,0.00019047619047619048,0.0,-0.005881421211632491
2023-05-05,0.0106588052237146,0.00019047619047619048,0.0,0.010468329033238409
2023-05-08,0.000401116431923,0.00019047619047619048,0.0,0.00021064024144680952
2023-05-09,-0.0021643651578409,0.00019047619047619048,0.0,-0.0023548413483170908
2023-05-10,-0.0016450638132212,0.00019047619047619048,0.0,-0.0018355400036973906
2023-05-11,-0.0011102693394124,0.00019047619047619048,0.0,-0.0013007455298885905
2023-05-12,-8.680257874919142e-05,0.00019047619047619048,0.0,-0.0002772787692253819
2023-05-15,0.0056115586848771,0.00019047619047619048,0.0,0.00542108249440091
2023-05-16,-0.0090623769489526,0.00019047619047619048,0.0,-0.00925285313942879
2023-05-17,0.0131412129795384,0.00019047619047619048,0.0,0.012950736789062209
2023-05-18,0.0106179651026601,0.00019047619047619048,0.0,0.010427488912183909
2023-05-19,0.0001286993690609,0.00019047619047619048,0.0,-6.177682141529048e-05
2023-05-22,-0.0076695955124056,0.00019047619047619048,0.0,-0.00786007170288179
2023-05-23,-0.0150080836603376,0.00019047619047619048,0.0,-0.015198559850813791
2023-05-24,-0.0022866694270146,0.00019047619047619048,0.0,-0.0024771456174907907
2023-05-25,-0.0003135231597924,0.00019047619047619048,0.0,-0.0005039993502685905
2023-05-26,0.0271224779876703,0.00019047619047619048,0.0,0.02693200179719411
2023-05-30,0.0008730604875831,0.00019047619047619048,0.0,0.0006825842971069096
2023-05-31,0.0012527434254017,0.00019047619047619048,0.0,0.0010622672349255094
2023-06-01,0.0064423674017005,0.00019047619047619048,0.0,0.00625189121122431
2023-06-02,0.0129377856389849,0.00019047619047619048,0.0,0.01274730944850871
2023-06-05,-0.0025941435985288,0.00019047619047619048,0.0,-0.0027846197890049906
2023-06-06,0.0040081124217284,0.00019047619047619048,0.0,0.0038176362312522093
2023-06-07,-0.0110529316826372,0.00019047619047619048,0.0,-0.011243407873113391
2023-06-08,0.013017884605049,0.00019047619047619048,0.0,0.012827408414572809
2023-06-09,0.0058687517048699,0.00019047619047619048,0.0,0.005678275514393709
2023-06-12,0.0138043484459201,0.00019047619047619048,0.0,0.01361387225544391
2023-06-13,0.0051436493927571,0.00019047619047619048,0.0,0.00495317320228091
2023-06-14,0.0032871091565807,0.00019047619047619048,0.0,0.0030966329661045095
2023-06-15,0.007541237737077,0.00019047619047619048,0.0,0.00735076154660081
2023-06-16,-0.0026893686021234,0.00019047619047619048,0.0,-0.0028798447925995905
2023-06-20,-0.0068187631094436,0.00019047619047619048,0.0,-0.007009239299919791
2023-06-21,-0.0057610624215678,0.00019047619047619048,0.0,-0.00595153861204399
2023-06-22,-0.0031344456647856,0.00019047619047619048,0.0,-0.0033249218552617904
2023-06-23,-0.0026117626097124,0.00019047619047619048,0.0,-0.0028022388001885906
2023-06-26,-0.0106057632383687,0.00019047619047619048,0.0,-0.010796239428844891
2023-06-27,0.014332119745717,0.00019047619047619048,0.0,0.014141643555240809
2023-06-28,0.0004897215910706,0.00019047619047619048,0.0,0.0002992454005944096
2023-06-29,0.0050707559833849,0.00019047619047619048,0.0,0.0048802797929087096
2023-06-30,0.0092983332843233,0.00019047619047619048,0.0,0.00910785709384711
2023-07-03,0.0055816189929235,0.00019047619047619048,0.0,0.00539114280244731
2023-07-05,-0.002284301806836,0.00019047619047619048,0.0,-0.0024747779973121904
2023-07-06,-0.009690052056628,0.00019047619047619048,0.0,-0.00988052824710419
2023-07-07,-0.0004262040574982,0.00019047619047619048,0.0,-0.0006166802479743905
2023-07-10,0.0056317618561081,0.00019047619047619048,0.0,0.0054412856656319095
2023-07-11,0.0078257040108013,0.00019047619047619048,0.0,0.0076352278203251096
2023-07-12,0.0054324697071579,0.00019047619047619048,0.0,0.005241993516681709
2023-07-13,0.008895574017103,0.00019047619047619048,0.0,0.008705097826626809
2023-07-14,0.0016166140624277,0.00019047619047619048,0.0,0.0014261378719515095
2023-07-17,0.0037098609838911,0.00019047619047619048,0.0,0.0035193847934149093
2023-07-18,0.006729270530624,0.00019047619047619048,0.0,0.00653879434014781
2023-07-19,0.0017923376554185,0.00019047619047619048,0.0,0.0016018614649423095
2023-07-20,-0.016665214819918,0.00019047619047619048,0.0,-0.016855691010394188
2023-07-21,-0.0049969777997273,0.00019047619047619048,0.0,-0.00518745399020349
2023-07-24,-0.0012915543959631,0.00019047619047619048,0.0,-0.0014820305864392906
2023-07-25,-0.0051998774569387,0.00019047619047619048,0.0,-0.00539035364741489
2023-07-26,-0.0078781038533167,0.00019047619047619048,0.0,-0.00806858004379289
2023-07-27,-0.0036609028398105,0.00019047619047619048,0.0,-0.0038513790302866905
2023-07-28,0.0105081005740422,0.00019047619047619048,0.0,0.01031762438356601
2023-07-31,0.002604410260816,0.00019047619047619048,0.0,0.0024139340703398095
2023-08-01,-0.0030206683271503,0.00019047619047619048,0.0,-0.0032111445176264907
2023-08-02,-0.013060795141858,0.00019047619047619048,0.0,-0.01325127133233419
2023-08-03,0.0003686712053049,0.00019047619047619048,0.0,0.0001781950148287095
2023-08-04,0.0068720543289169,0.00019047619047619048,0.0,0.006681578138440709
2023-08-07,0.0126802416506425,0.00019047619047619048,0.0,0.01248976546016631
2023-08-08,-0.0075168114125888,0.00019047619047619048,0.0,-0.0077072876030649905
2023-08-09,-0.0132637947582011,0.00019047619047619048,0.0,-0.01345427094867729
2023-08-10,0.000132797095539,0.00019047619047619048,0.0,-5.7679094937190475e-05
2023-08-11,-0.0017794492116638,0.00019047619047619048,0.0,-0.0019699254021399906
2023-08-14,0.0069658052830122,0.00019047619047619048,0.0,0.006775329092536009
2023-08-15,-0.0111702927213924,0.00019047619047619048,0.0,-0.011360768911868591
2023-08-16,-0.0118847042020637,0.00019047619047619048,0.0,-0.01207518039253989
2023-08-17,-0.0113152414775671,0.00019047619047619048,0.0,-0.011505717668043291
2023-08-18,0.0020803283560253,0.00019047619047619048,0.0,0.0018898521655491096
2023-08-21,0.0052140166493189,0.00019047619047619048,0.0,0.0050235404588427094
2023-08-22,-0.0053895283419607,0.00019047619047619048,0.0,-0.005580004532436891
2023-08-23,0.0112227001178829,0.00019047619047619048,0.0,0.01103222392740671
2023-08-24,-0.0120594379603982,0.00019047619047619048,0.0,-0.01224991415087439
2023-08-25,0.0105444454787404,0.00019047619047619048,0.0,0.010353969288264209
2023-08-28,0.0095656410266491,0.00019047619047619048,0.0,0.009375164836172909
2023-08-29,0.015142279668288,0.00019047619047619048,0.0,0.014951803477811809
2023-08-30,0.0032443622040309,0.00019047619047619048,0.0,0.0030538860135547095
2023-08-31,0.0030019002902792,0.00019047619047619048,0.0,0.0028114240998030095
2023-09-01,0.0009027571984123,0.00019047619047619048,0.0,0.0007122810079361095
2023-09-05,0.0003700102354678,0.00019047619047619048,0.0,0.0001795340449916095
2023-09-06,-0.0016654644128466,0.00019047619047619048,0.0,-0.0018559406033227905
2023-09-07,-0.0017446569928249,0.00019047619047619048,0.0,-0.0019351331833010906
2023-09-08,0.0009935976017016,0.00019047619047619048,0.0,0.0008031214112254095
2023-09-11,0.0078859288789817,0.00019047619047619048,0.0,0.00769545268850551
2023-09-12,-0.0108925511088672,0.00019047619047619048,0.0,-0.01108302729934339
2023-09-13,-0.0043853571677656,0.00019047619047619048,0.0,-0.004575833358241791
2023-09-14,0.0073751785956388,0.00019047619047619048,0.0,0.0071847024051626095
2023-09-15,-0.016351963534291,0.00019047619047619048,0.0,-0.01654243972476719
2023-09-18,-0.0021126795192212,0.00019047619047619048,0.0,-0.0023031557096973906
2023-09-19,-0.0026487610647606,0.00019047619047619048,0.0,-0.0028392372552367906
2023-09-20,-0.0130502420727991,0.00019047619047619048,0.0,-0.01324071826327529
2023-09-21,-0.0170228273584049,0.00019047619047619048,0.0,-0.01721330354888109
2023-09-22,0.0012986479319583,0.00019047619047619048,0.0,0.0011081717414821095
2023-09-25,0.0048850119801209,0.00019047619047619048,0.0,0.0046945357896447095
2023-09-26,-0.0164068398711967,0.00019047619047619048,0.0,-0.01659731606167289
2023-09-27,-0.0015578654287843,0.00019047619047619048,0.0,-0.0017483416192604906
2023-09-28,0.0106573792070419,0.00019047619047619048,0.0,0.01046690301656571
2023-09-29,-0.0072048886818805,0.00019047619047619048,0.0,-0.007395364872356691
2023-10-02,0.0031077255005559,0.00019047619047619048,0.0,0.0029172493100797095
2023-10-03,-0.015669655018256,0.00019047619047619048,0.0,-0.015860131208732187
2023-10-04,0.007010313310362,0.00019047619047619048,0.0,0.006819837119885809
2023-10-05,-0.004624283000678,0.00019047619047619048,0.0,-0.004814759191154191
2023-10-06,0.0177550942669893,0.00019047619047619048,0.0,0.017564618076513112
2023-10-09,0.0023822175582217,0.00019047619047619048,0.0,0.0021917413677455095
2023-10-10,0.0027261866233288,0.00019047619047619048,0.0,0.0025357104328526093
2023-10-11,0.0033107594806934,0.00019047619047619048,0.0,0.0031202832902172094
2023-10-12,-0.0042259282645723,0.00019047619047619048,0.0,-0.004416404455048491
2023-10-13,-0.0149943411475169,0.00019047619047619048,0.0,-0.01518481733799309
2023-10-16,0.0082662356367146,0.00019047619047619048,0.0,0.00807575944623841
2023-10-17,0.0020724695897072,0.00019047619047619048,0.0,0.0018819933992310096
2023-10-18,-0.0162843392722324,0.00019047619047619048,0.0,-0.01647481546270859
2023-10-19,-0.0075310627171913,0.00019047619047619048,0.0,-0.007721538907667491
2023-10-20,-0.0066398159350055,0.00019047619047619048,0.0,-0.006830292125481691
2023-10-23,-0.0018292416734613,0.00019047619047619048,0.0,-0.0020197178639374904
2023-10-24,0.0113989621977951,0.00019047619047619048,0.0,0.01120848600731891
2023-10-25,-0.0144778708165101,0.00019047619047619048,0.0,-0.01466834700698629
2023-10-26,-0.0110904763522204,0.00019047619047619048,0.0,-0.011280952542696591
2023-10-27,-0.0007968089608147,0.00019047619047619048,0.0,-0.0009872851512908905
2023-10-30,0.0113436323961893,0.00019047619047619048,0.0,0.011153156205713109
2023-10-31,0.0029192294338024,0.00019047619047619048,0.0,0.0027287532433262094
2023-11-01,0.0060798783271014,0.00019047619047619048,0.0,0.00588940213662521
2023-11-02,0.0091799117752522,0.00019047619047619048,0.0,0.00898943558477601
2023-11-03,0.0049352375652123,0.00019047619047619048,0.0,0.0047447613747361094
2023-11-06,0.0024028711680866,0.00019047619047619048,0.0,0.0022123949776104096
2023-11-07,-0.000753389207917,0.00019047619047619048,0.0,-0.0009438653983931904
2023-11-08,-0.0014882136873559,0.00019047619047619048,0.0,-0.0016786898778320906
2023-11-09,-0.0090372709509435,0.00019047619047619048,0.0,-0.00922774714141969
2023-11-10,0.0174257624738647,0.00019047619047619048,0.0,0.01723528628338851
2023-11-13,-0.0009233411437062,0.00019047619047619048,0.0,-0.0011138173341823905
2023-11-14,0.0132134188734399,0.00019047619047619048,0.0,0.013022942682963709
2023-11-15,-0.0013311094029802,0.00019047619047619048,0.0,-0.0015215855934563906
2023-11-16,-0.0048222309689362,0.00019047619047619048,0.0,-0.00501270715941239
2023-11-17,0.0036938260794813,0.00019047619047619048,0.0,0.0035033498890051093
2023-11-20,0.0053568101525364,0.00019047619047619048,0.0,0.00516633396206021
2023-11-21,-0.0076931477471907,0.00019047619047619048,0.0,-0.00788362393766689
2023-11-22,0.001643834207858,0.00019047619047619048,0.0,0.0014533580173818094
2023-11-24,0.0019853598921738,0.00019047619047619048,0.0,0.0017948837016976095
2023-11-27,-0.0027113052385239,0.00019047619047619048,0.0,-0.0029017814290000906
2023-11-28,0.0010178658807446,0.00019047619047619048,0.0,0.0008273896902684096
2023-11-29,-0.0058384516137701,0.00019047619047619048,0.0,-0.006028927804246291
2023-11-30,0.0110573877435517,0.00019047619047619048,0.0,0.010866911553075509
2023-12-01,-0.0024375136320618,0.00019047619047619048,0.0,-0.0026279898225379907
2023-12-04,-0.0025043623186844,0.00019047619047619048,0.0,-0.0026948385091605906
2023-12-05,-0.0052924534968529,0.00019047619047619048,0.0,-0.0054829296873290904
2023-12-06,-0.0008032365035066,0.00019047619047619048,0.0,-0.0009937126939827906
2023-12-07,0.0021117742404673,0.00019047619047619048,0.0,0.0019212980499911094
2023-12-08,-0.0006294357245895,0.00019047619047619048,0.0,-0.0008199119150656904
2023-12-11,0.0133146267586218,0.00019047619047619048,0.0,0.01312415056814561
2023-12-12,0.0103028098692926,0.00019047619047619048,0.0,0.010112333678816409
2023-12-13,0.0048452233237172,0.00019047619047619048,0.0,0.004654747133241009
2023-12-14,-0.0194395988187696,0.00019047619047619048,0.0,-0.01963007500924579
2023-12-15,-0.007547359418471,0.00019047619047619048,0.0,-0.007737835608947191
2023-12-18,0.0065686851193063,0.00019047619047619048,0.0,0.00637820892883011
2023-12-19,0.0024400736869825,0.00019047619047619048,0.0,0.0022495974965063095
2023-12-20,-0.0136596149782818,0.00019047619047619048,0.0,-0.01385009116875799
2023-12-21,0.0086527618508821,0.00019047619047619048,0.0,0.008462285660405909
2023-12-22,0.0045657448164799,0.00019047619047619048,0.0,0.00437526862600371
2023-12-26,0.0071869157736304,0.00019047619047619048,0.0,0.006996439583154209
2023-12-27,0.002210962462495,0.00019047619047619048,0.0,0.0020204862720188095
2023-12-28,-0.0005185866624727,0.00019047619047619048,0.0,-0.0007090628529488904
2023-12-29,-0.0029639993396175,0.00019047619047619048,0.0,-0.0031544755300936906
2024-01-02,0.0035395319237593,0.00019047619047619048,0.0,0.0033490557332831092
2024-01-03,-0.0084101013886335,0.00019047619047619048,0.0,-0.00860057757910969
2024-01-04,-0.0006543932785422,0.00019047619047619048,0.0,-0.0008448694690183905
2024-01-05,0.005200241905353,0.00019047619047619048,0.0,0.005009765714876809
2024-01-08,0.0078186949666192,0.00019047619047619048,0.0,0.00762821877614301
2024-01-09,-0.0046435513262225,0.00019047619047619048,0.0,-0.00483402751669869
2024-01-10,0.0006065058177929,0.00019047619047619048,0.0,0.0004160296273167096
2024-01-11,-0.0053896565680749,0.00019047619047619048,0.0,-0.005580132758551091
2024-01-12,-0.0106849321249688,0.00019047619047619048,0.0,-0.010875408315444991
2024-01-16,-0.0124821730418295,0.00019047619047619048,0.0,-0.012672649232305691
2024-01-17,-0.0083876914415267,0.00019047619047619048,0.0,-0.00857816763200289
2024-01-18,0.0042661007154286,0.00019047619047619048,0.0,0.00407562452495241
2024-01-19,0.0180065708198185,0.00019047619047619048,0.0,0.017816094629342312
2024-01-22,0.0011254225163051,0.00019047619047619048,0.0,0.0009349463258289096
2024-01-23,0.002661881714019,0.00019047619047619048,0.0,0.0024714055235428092
2024-01-24,0.0018879625868542,0.00019047619047619048,0.0,0.0016974863963780094
2024-01-25,-0.0043289150304917,0.00019047619047619048,0.0,-0.004519391220967891
2024-01-26,-0.0038845268669668,0.00019047619047619048,0.0,-0.00407500305744299
2024-01-29,0.0129591611566556,0.00019047619047619048,0.0,0.01276868496617941
2024-01-30,-0.0030991686801186,0.00019047619047619048,0.0,-0.0032896448705947907
2024-01-31,-0.0142506415761816,0.00019047619047619048,0.0,-0.014441117766657791
2024-02-01,0.0127236915609096,0.00019047619047619048,0.0,0.01253321537043341
2024-02-02,0.0093045261329384,0.00019047619047619048,0.0,0.00911404994246221
2024-02-05,-0.0036544137060624,0.00019047619047619048,0.0,-0.0038448898965385905
2024-02-06,-0.0035283811045326,0.00019047619047619048,0.0,-0.0037188572950087907
2024-02-07,0.0085707861631382,0.00019047619047619048,0.0,0.008380309972662009
2024-02-08,-0.0001719122980541,0.00019047619047619048,0.0,-0.0003623884885302905
2024-02-09,0.0052087978079526,0.00019047619047619048,0.0,0.0050183216174764095
2024-02-12,0.0006476338586154,0.00019047619047619048,0.0,0.00045715766813920957
2024-02-13,-0.0148859384631314,0.00019047619047619048,0.0,-0.01507641465360759
2024-02-14,0.009433821031435,0.00019047619047619048,0.0,0.00924334484095881
2024-02-15,0.0073905821615656,0.00019047619047619048,0.0,0.0072001059710894095
2024-02-16,-0.0099607874627751,0.00019047619047619048,0.0,-0.01015126365325129
2024-02-20,-0.011400962554004,0.00019047619047619048,0.0,-0.01159143874448019
2024-02-21,-0.0029350059859126,0.00019047619047619048,0.0,-0.0031254821763887905
2024-02-22,0.0333519530985615,0.00019047619047619048,0.0,0.03316147690808531
2024-02-23,0.001204834664297,0.00019047619047619048,0.0,0.0010143584738208093
2024-02-26,0.000475611675304,0.00019047619047619048,0.0,0.00028513548482780957
2024-02-27,-0.000743631993907,0.00019047619047619048,0.0,-0.0009341081843831905
2024-02-28,-0.0023164190538989,0.00019047619047619048,0.0,-0.0025068952443750903
2024-02-29,0.0105460224089057,0.00019047619047619048,0.0,0.010355546218429509
2024-03-01,0.0187997837022696,0.00019047619047619048,0.0,0.018609307511793412
2024-03-04,0.0032116455127524,0.00019047619047619048,0.0,0.0030211693222762094
2024-03-05,-0.0143576841565093,0.00019047619047619048,0.0,-0.01454816034698549
2024-03-06,0.0057590385354964,0.00019047619047619048,0.0,0.0055685623450202094
2024-03-07,0.0110443649659583,0.00019047619047619048,0.0,0.01085388877548211
2024-03-08,-0.0129943693629803,0.00019047619047619048,0.0,-0.013184845553456491
2024-03-11,-0.0084517183721185,0.00019047619047619048,0.0,-0.00864219456259469
2024-03-12,0.0154058812098591,0.00019047619047619048,0.0,0.01521540501938291
2024-03-13,-0.0042008606229694,0.00019047619047619048,0.0,-0.00439133681344559
2024-03-14,-0.0035515729079538,0.00019047619047619048,0.0,-0.0037420490984299906
2024-03-15,-0.0072099257959647,0.00019047619047619048,0.0,-0.007400401986440891
2024-03-18,0.0069551659469934,0.00019047619047619048,0.0,0.006764689756517209
2024-03-19,0.0004081923363,0.00019047619047619048,0.0,0.0002177161458238095
2024-03-20,0.0072597912068162,0.00019047619047619048,0.0,0.00706931501634001
2024-03-21,0.0038959620270021,0.00019047619047619048,0.0,0.0037054858365259094
2024-03-22,0.0011270921846,0.00019047619047619048,0.0,0.0009366159941238094
2024-03-25,-0.0020251423046623,0.00019047619047619048,0.0,-0.0022156184951384905
2024-03-26,-0.0042220899387164,0.00019047619047619048,0.0,-0.00441256612919259
2024-03-27,0.0060168184021518,0.00019047619047619048,0.0,0.005826342211675609
2024-03-28,-0.0014224730818195,0.00019047619047619048,0.0,-0.0016129492722956906
2024-04-01,-0.0016128716252146,0.00019047619047619048,0.0,-0.0018033478156907906
2024-04-02,-0.0066991398163483,0.00019047619047619048,0.0,-0.006889616006824491
2024-04-03,0.0079720819290641,0.00019047619047619048,0.0,0.00778160573858791
2024-04-04,-0.0132937222593809,0.00019047619047619048,0.0,-0.01348419844985709
2024-04-05,0.0206746986323961,0.00019047619047619048,0.0,0.02048422244191991
2024-04-08,-0.0032554724705369,0.00019047619047619048,0.0,-0.0034459486610130905
2024-04-09,-0.0056200631054797,0.00019047619047619048,0.0,-0.005810539295955891
2024-04-10,-0.0056110706857792,0.00019047619047619048,0.0,-0.005801546876255391
2024-04-11,0.0039568179397535,0.00019047619047619048,0.0,0.0037663417492773098
2024-04-12,-0.015486398784625,0.00019047619047619048,0.0,-0.01567687497510119
2024-04-15,-0.0170271720696143,0.00019047619047619048,0.0,-0.01721764826009049
2024-04-16,0.0044085212391607,0.00019047619047619048,0.0,0.00421804504868451
2024-04-17,-0.0077786461549366,0.00019047619047619048,0.0,-0.00796912234541279
2024-04-18,-0.0034806244570693,0.00019047619047619048,0.0,-0.0036711006475454904
2024-04-19,-0.0144776108091606,0.00019047619047619048,0.0,-0.01466808699963679
2024-04-22,0.0120907409649001,0.00019047619047619048,0.0,0.01190026477442391
2024-04-23,0.0156389720569425,0.00019047619047619048,0.0,0.01544849586646631
2024-04-24,-0.0029413717710957,0.00019047619047619048,0.0,-0.0031318479615718904
2024-04-25,-0.0030918541179685,0.00019047619047619048,0.0,-0.0032823303084446908
2024-04-26,0.00428655373502,0.00019047619047619048,0.0,0.004096077544543809
2024-04-29,0.0039036649442419,0.00019047619047619048,0.0,0.0037131887537657097
2024-04-30,-0.0087268943781087,0.00019047619047619048,0.0,-0.00891737056858489
2024-05-01,-0.0055746098984381,0.00019047619047619048,0.0,-0.005765086088914291
2024-05-02,0.0097867172671423,0.00019047619047619048,0.0,0.00959624107666611
2024-05-03,0.0190980475024641,0.00019047619047619048,0.0,0.018907571311987913
2024-05-06,0.0065589914415465,0.00019047619047619048,0.0,0.0063685152510703094
2024-05-07,0.0023226943819082,0.00019047619047619048,0.0,0.0021322181914320095
2024-05-08,0.0034139084296424,0.00019047619047619048,0.0,0.0032234322391662094
2024-05-09,0.0037185280623814,0.00019047619047619048,0.0,0.0035280518719052094
2024-05-10,9.00267939949516e-05,0.00019047619047619048,0.0,-0.00010044939648123889
2024-05-13,-0.0019294596245465,0.00019047619047619048,0.0,-0.0021199358150226903
2024-05-14,0.0064444695423505,0.00019047619047619048,0.0,0.006253993351874309
2024-05-15,0.0152335372931333,0.00019047619047619048,0.0,0.01504306110265711
2024-05-16,-0.0031263060872779,0.00019047619047619048,0.0,-0.0033167822777540905
2024-05-17,0.0014005025567425,0.00019047619047619048,0.0,0.0012100263662663095
2024-05-20,0.0019899557848332,0.00019047619047619048,0.0,0.0017994795943570095
2024-05-21,0.0020644963130443,0.00019047619047619048,0.0,0.0018740201225681094
2024-05-22,0.0030018039604207,0.00019047619047619048,0.0,0.0028113277699445094
2024-05-23,-0.0142839860376202,0.00019047619047619048,0.0,-0.014474462228096391
2024-05-24,0.0109781409676908,0.00019047619047619048,0.0,0.01078766477721461
2024-05-28,-0.0016916908020241,0.00019047619047619048,0.0,-0.0018821669925002905
2024-05-29,-0.008136238404947,0.00019047619047619048,0.0,-0.00832671459542319
2024-05-30,-0.0072870876272873,0.00019047619047619048,0.0,-0.00747756381776349
2024-05-31,0.0100234108497542,0.00019047619047619048,0.0,0.009832934659278009
2024-06-03,-0.0005800604232862,0.00019047619047619048,0.0,-0.0007705366137623905
2024-06-04,-0.0004944314147813,0.00019047619047619048,0.0,-0.0006849076052574904
2024-06-05,0.0161475193793005,0.00019047619047619048,0.0,0.01595704318882431
2024-06-06,-0.0015735584177897,0.00019047619047619048,0.0,-0.0017640346082658906
2024-06-07,0.0032858783158954,0.00019047619047619048,0.0,0.0030954021254192094
2024-06-10,0.0017023835902698,0.00019047619047619048,0.0,0.0015119073997936095
2024-06-11,-0.006583040567959,0.00019047619047619048,0.0,-0.006773516758435191
2024-06-12,0.0140006642118286,0.00019047619047619048,0.0,0.013810188021352409
2024-06-13,0.0053261355788197,0.00019047619047619048,0.0,0.005135659388343509
2024-06-14,-0.0047227001044927,0.00019047619047619048,0.0,-0.0049131762949688905
2024-06-17,0.0105456818842878,0.00019047619047619048,0.0,0.01035520569381161
2024-06-18,0.0078853223349081,0.00019047619047619048,0.0,0.007694846144431909
2024-06-20,-0.0100965707433122,0.00019047619047619048,0.0,-0.01028704693378839
2024-06-21,-0.0050746151875414,0.00019047619047619048,0.0,-0.005265091378017591
2024-06-24,-0.0065729410450622,0.00019047619047619048,0.0,-0.006763417235538391
2024-06-25,0.004841285889628,0.00019047619047619048,0.0,0.004650809699151809
2024-06-26,0.0125708486253579,0.00019047619047619048,0.0,0.01238037243488171
2024-06-27,0.0005126547075613,0.00019047619047619048,0.0,0.00032217851708510954
2024-06-28,-0.0018801363296061,0.00019047619047619048,0.0,-0.0020706125200822905
2024-07-01,0.0007240557860151,0.00019047619047619048,0.0,0.0005335795955389096
2024-07-02,0.0075047407774144,0.00019047619047619048,0.0,0.00731426458693821
2024-07-03,0.0086554374883543,0.00019047619047619048,0.0,0.00846496129787811
2024-07-05,0.003650471514334,0.00019047619047619048,0.0,0.0034599953238578095
2024-07-08,0.0021735174169989,0.00019047619047619048,0.0,0.0019830412265227095
2024-07-09,3.968431019545164e-05,0.00019047619047619048,0.0,-0.00015079188028073885
2024-07-10,0.0074681883932392,0.00019047619047619048,0.0,0.007277712202763009
2024-07-11,-0.0097248037582847,0.00019047619047619048,0.0,-0.00991527994876089
2024-07-12,-0.0017488102007136,0.00019047619047619048,0.0,-0.0019392863911897905
2024-07-15,0.0077372542060429,0.00019047619047619048,0.0,0.007546778015566709
2024-07-16,0.0062418876007711,0.00019047619047619048,0.0,0.00605141141029491
2024-07-17,-0.0198838994270878,0.00019047619047619048,0.0,-0.020074375617563988
2024-07-18,-0.0049219792640761,0.00019047619047619048,0.0,-0.005112455454552291
2024-07-19,-0.0031328713357774,0.00019047619047619048,0.0,-0.0033233475262535906
2024-07-22,0.012975670006839,0.00019047619047619048,0.0,0.01278519381636281
2024-07-23,-0.0059480598256678,0.00019047619047619048,0.0,-0.006138536016143991
2024-07-24,-0.0179055762458113,0.00019047619047619048,0.0,-0.01809605243628749
2024-07-25,-0.0009530868437952,0.00019047619047619048,0.0,-0.0011435630342713904
2024-07-26,0.0124314721572721,0.00019047619047619048,0.0,0.01224099596679591
2024-07-29,0.0001935966241792,0.00019047619047619048,0.0,3.1204337030095247e-06
2024-07-30,0.0040369095313864,0.00019047619047619048,0.0,0.0038464333409102096
2024-07-31,0.0071164162606898,0.00019047619047619048,0.0,0.0069259400702136095
2024-08-01,-0.0124131290754551,0.00019047619047619048,0.0,-0.012603605265931291
2024-08-02,-0.0214194334982291,0.00019047619047619048,0.0,-0.021609909688705287
2024-08-05,-0.006288792506389,0.00019047619047619048,0.02,0.01352073130313481
2024-08-06,0.0064005919272002,0.00019047619047619048,0.0,0.0062101157367240095
2024-08-07,-0.0057282522790577,0.00019047619047619048,0.0,-0.005918728469533891
2024-08-08,0.0159873943366512,0.00019047619047619048,0.0,0.01579691814617501
2024-08-09,0.0034078443663988,0.00019047619047619048,0.0,0.0032173681759226093
2024-08-12,-0.0008834593537649,0.00019047619047619048,0.0,-0.0010739355442410906
2024-08-13,0.0181287093164778,0.00019047619047619048,0.0,0.01793823312600161
2024-08-14,0.0035259024064797,0.00019047619047619048,0.0,0.0033354262160035096
2024-08-15,0.0141481792647401,0.00019047619047619048,0.0,0.01395770307426391
2024-08-16,0.0011994977769035,0.00019047619047619048,0.0,0.0010090215864273094
2024-08-19,0.0070258208673962,0.00019047619047619048,0.0,0.00683534467692001
2024-08-20,-0.0009901941922509,0.00019047619047619048,0.0,-0.0011806703827270905
2024-08-21,0.0017459540623636,0.00019047619047619048,0.0,0.0015554778718874095
2024-08-22,-0.0059061074292926,0.00019047619047619048,0.0,-0.00609658361976879
2024-08-23,0.0073956253137146,0.00019047619047619048,0.0,0.007205149123238409
2024-08-26,-0.0028870405369174,0.00019047619047619048,0.0,-0.0030775167273935904
2024-08-27,0.0016767595921637,0.00019047619047619048,0.0,0.0014862834016875093
2024-08-28,-0.0038185365338782,0.00019047619047619048,0.0,-0.00400901272435439
2024-08-29,0.0028575416574456,0.00019047619047619048,0.0,0.0026670654669694095
2024-08-30,0.0119326313094093,0.00019047619047619048,0.0,0.011742155118933109
2024-09-03,-0.0228061200713607,0.00028571428571428574,0.0,-0.023091834357074986
2024-09-04,-0.0007438107463929,0.00028571428571428574,0.0,-0.0010295250321071857
2024-09-05,-0.0031688672746462,0.00028571428571428574,0.0,-0.003454581560360486
2024-09-06,-0.0118212841527457,0.00028571428571428574,0.0,-0.012106998438459984
2024-09-09,0.0136751215554455,0.00028571428571428574,0.0,0.013389407269731216
2024-09-10,0.0044098320402887,0.00028571428571428574,0.0,0.004124117754574414
2024-09-11,0.0128780024563875,0.00028571428571428574,0.0,0.012592288170673215
2024-09-12,0.0034934374938612,0.00028571428571428574,0.0,0.003207723208146914
2024-09-13,0.0081719368064512,0.00028571428571428574,0.0,0.007886222520736915
2024-09-16,0.0016820197243403,0.00028571428571428574,0.0,0.0013963054386260144
2024-09-17,-0.0003839354424741,0.00028571428571428574,0.0,-0.0006696497281883857
2024-09-18,-0.004750193112948,0.00028571428571428574,0.0,-0.0050359073986622855
2024-09-19,0.0241348691475031,0.00028571428571428574,0.0,0.023849154861788815
2024-09-20,-0.0042494323500739,0.00028571428571428574,0.0,-0.0045351466357881854
2024-09-23,-0.0002093083953807,0.00028571428571428574,0.0,-0.0004950226810949858
2024-09-24,0.0037291209900415,0.00028571428571428574,0.0,0.003443406704327214
2024-09-25,0.0006151587234772,0.00028571428571428574,0.0,0.00032944443776291427
2024-09-26,0.0069592136696113,0.00028571428571428574,0.0,0.006673499383897014
2024-09-27,-0.0052440674040927,0.00028571428571428574,0.0,-0.005529781689806986
2024-09-30,0.0034017308699456,0.00028571428571428574,0.0,0.003116016584231314
2024-10-01,-0.0090948636719978,0.00019047619047619048,0.0,-0.00928533986247399
2024-10-02,0.0022928157509655,0.00019047619047619048,0.0,0.0021023395604893094
2024-10-03,0.0001900674510397,0.00019047619047619048,0.0,-4.087394364904722e-07
2024-10-04,0.0187152170592228,0.00019047619047619048,0.0,0.01852474086874661
2024-10-07,-0.003235648821965,0.00019047619047619048,0.0,-0.0034261250124411904
2024-10-08,0.0044725914264636,0.00019047619047619048,0.0,0.00428211523598741
2024-10-09,0.0023757138023971,0.00019047619047619048,0.0,0.0021852376119209094
2024-10-10,-0.0003957148288966,0.00019047619047619048,0.0,-0.0005861910193727905
2024-10-11,0.0054748404605763,0.00019047619047619048,0.0,0.0052843642701001095
2024-10-14,0.0034980202093381,0.00019047619047619048,0.0,0.0033075440188619094
2024-10-15,-0.0129677462066922,0.00019047619047619048,0.0,-0.01315822239716839
2024-10-16,0.0047234640965593,0.00019047619047619048,0.0,0.004532987906083109
2024-10-17,0.0010585277772945,0.00019047619047619048,0.0,0.0008680515868183094
2024-10-18,0.0154724647998476,0.00019047619047619048,0.0,0.015281988609371409
2024-10-21,-0.0059587457181559,0.00019047619047619048,0.0,-0.00614922190863209
2024-10-22,-0.001869651898904,0.00019047619047619048,0.0,-0.0020601280893801904
2024-10-23,-0.0038570176301218,0.00019047619047619048,0.0,-0.004047493820597991
2024-10-24,0.0113011466125568,0.00019047619047619048,0.0,0.01111067042208061
2024-10-25,-0.0005563104899623,0.00019047619047619048,0.0,-0.0007467866804384904
2024-10-28,-0.0016939097374152,0.00019047619047619048,0.0,-0.0018843859278913906
2024-10-29,-0.0045652283043973,0.00019047619047619048,0.0,-0.004755704494873491
2024-10-30,-0.0038543026705651,0.00019047619047619048,0.0,-0.00404477886104129
2024-10-31,-0.0067114600496973,0.00019047619047619048,0.0,-0.0069019362401734905
2024-11-01,-0.0012297103497611,0.00028571428571428574,0.0,-0.0015154246354753859
2024-11-04,-0.0056542807601689,0.00028571428571428574,0.0,-0.005939995045883186
2024-11-05,0.0097314691300313,0.00028571428571428574,0.0,0.009445754844317015
2024-11-06,0.0204239855424992,0.00028571428571428574,0.0,0.020138271256784916
2024-11-07,0.0037762530500279,0.00028571428571428574,0.0,0.003490538764313614
2024-11-08,0.0082405137913547,0.00028571428571428574,0.0,0.007954799505640415
2024-11-11,0.0023095089146395,0.00028571428571428574,0.0,0.002023794628925214
2024-11-12,-0.0035389180983248,0.00028571428571428574,0.0,-0.003824632384039086
2024-11-13,-0.0024203896292108,0.00028571428571428574,0.0,-0.002706103914925086
2024-11-14,-0.0076879714048792,0.00028571428571428574,0.0,-0.007973685690593485
2024-11-15,0.0017384829190589,0.00028571428571428574,0.0,0.0014527686333446143
2024-11-18,0.0047506284613399,0.00028571428571428574,0.0,0.004464914175625614
2024-11-19,-0.0012077872279955,0.00028571428571428574,0.0,-0.0014935015137097856
2024-11-20,0.0006328001362021,0.00028571428571428574,0.0,0.0003470858504878143
2024-11-21,0.0164514904503492,0.00028571428571428574,0.0,0.016165776164634917
2024-11-22,0.0076221723949104,0.00028571428571428574,0.0,0.0073364581091961145
2024-11-25,-0.0047205065320142,0.00028571428571428574,0.0,-0.005006220817728486
2024-11-26,0.0059236922221618,0.00028571428571428574,0.0,0.005637977936447514
2024-11-27,-0.0057151785830338,0.00028571428571428574,0.0,-0.0060008928687480855
2024-11-29,0.0075574497109342,0.00028571428571428574,0.0,0.0072717354252199145
2024-12-02,0.0046698923881323,0.00019047619047619048,0.0,0.004479416197656109
2024-12-03,-0.0067501128259634,0.00019047619047619048,0.0,-0.006940589016439591
2024-12-04,0.0052063416179736,0.00019047619047619048,0.0,0.005015865427497409
2024-12-05,-0.0008766407133766,0.00019047619047619048,0.0,-0.0010671169038527905
2024-12-06,0.0103901236301155,0.00019047619047619048,0.0,0.01019964743963931
2024-12-09,-0.013716493083452,0.00019047619047619048,0.0,-0.01390696927392819
2024-12-10,-0.007359794102386,0.00019047619047619048,0.0,-0.007550270292862191
2024-12-11,0.0134977188615535,0.00019047619047619048,0.0,0.013307242671077309
2024-12-12,-0.0163281608832751,0.00019047619047619048,0.0,-0.01651863707375129
2024-12-13,-0.0021716199615322,0.00019047619047619048,0.0,-0.0023620961520083904
2024-12-16,0.0031607380795732,0.00019047619047619048,0.0,0.0029702618890970096
2024-12-17,-0.0050149261031357,0.00019047619047619048,0.0,-0.0052054022936118905
2024-12-18,-0.0149272049348908,0.00019047619047619048,0.0,-0.01511768112536699
2024-12-19,-0.0003135435756294,0.00019047619047619048,0.0,-0.0005040197661055905
2024-12-20,0.0063503218543177,0.00019047619047619048,0.0,0.006159845663841509
2024-12-23,0.0052582075057877,0.00019047619047619048,0.0,0.005067731315311509
2024-12-24,0.0138099136417213,0.00019047619047619048,0.0,0.013619437451245109
2024-12-26,0.0011578728890878,0.00019047619047619048,0.0,0.0009673966986116096
2024-12-27,-0.0115899444595785,0.00019047619047619048,0.0,-0.01178042065005469
2024-12-30,-0.0107227956193666,0.00019047619047619048,0.0,-0.01091327180984279
