date,spy_return,spy_vol,state,regime
2020-01-31,-0.0181583614169146,0.11989434699561148,2,BULL
2020-02-03,0.0074288520349223,0.1199134717936127,2,BULL
2020-02-04,0.0152412334780036,0.13073699804220273,2,BULL
2020-02-05,0.0115479340519988,0.13524253547544973,2,BULL
2020-02-06,0.0033649100472861,0.134699107881833,2,BULL
2020-02-07,-0.0053296837528855,0.13524014089413383,2,BULL
2020-02-10,0.0074651875705318,0.136409486484032,2,BULL
2020-02-11,0.0017331094961603,0.1348806999187384,2,BULL
2020-02-12,0.0064429425933327,0.1357575438010283,2,BULL
2020-02-13,-0.001066933021577,0.13603547257217002,2,BULL
2020-02-14,0.0016022076793529,0.1335514895671992,2,BULL
2020-02-18,-0.0025775232358358,0.13390348873110589,2,BULL
2020-02-19,0.0047814673782,0.13423298547831986,2,BULL
2020-02-20,-0.00410789226365,0.13546982569137506,2,BULL
2020-02-21,-0.0102985510391951,0.14113809291983054,2,BULL
2020-02-24,-0.0331655071694954,0.18238342290955087,0,BEAR
2020-02-25,-0.0303021288586233,0.20384885530505512,0,BEAR
2020-02-26,-0.003678074627527,0.19883205820803246,0,BEAR
2020-02-27,-0.0449115810131229,0.2495207804075192,0,BEAR
2020-02-28,-0.0042013994142465,0.24783454408776281,0,BEAR
2020-03-02,0.043306599351905,0.29567303917095106,1,RANGE
2020-03-03,-0.028632809372869,0.30813195558888756,1,RANGE
2020-03-04,0.0420328492555814,0.34264785655500146,1,RANGE
2020-03-05,-0.0332414023762532,0.3552912164210799,1,RANGE
2020-03-06,-0.016531002180446,0.35643793920586164,1,RANGE
2020-03-09,-0.0780947521991556,0.4397357601727975,1,RANGE
2020-03-10,0.0517449787704951,0.48745703997667106,1,RANGE
2020-03-11,-0.0487483866408667,0.5080211108257177,1,RANGE
2020-03-12,-0.0956771325792108,0.5885109586951145,1,RANGE
2020-03-13,0.0854862580331157,0.6868637436039398,1,RANGE
2020-03-16,-0.1094238033757722,0.7695203835495347,1,RANGE
2020-03-17,0.0539921780832208,0.8076773641448091,1,RANGE
2020-03-18,-0.0506330814822143,0.8154268475835164,1,RANGE
2020-03-19,0.0021251428123028,0.8169063975787406,1,RANGE
2020-03-20,-0.043094262242589,0.822443345502094,1,RANGE
2020-03-23,-0.0255682247771289,0.8209135827193853,1,RANGE
2020-03-24,0.0906034089231708,0.9024806685790641,1,RANGE
2020-03-25,0.0149700541727741,0.9068105594183944,1,RANGE
2020-03-26,0.058389706033771,0.9275468171838125,1,RANGE
2020-03-27,-0.0297854980473175,0.9318514800706778,1,RANGE
2020-03-30,0.0324755811757577,0.9250434776769089,1,RANGE
2020-03-31,-0.0149053501722855,0.9219419129535372,1,RANGE
2020-04-01,-0.0450049145338669,0.9139132650598962,1,RANGE
2020-04-02,0.0230754264577124,0.9168142485010009,1,RANGE
2020-04-03,-0.0144540069570286,0.9165643963328165,1,RANGE
2020-04-06,0.0671659914356683,0.9124149828132049,1,RANGE
2020-04-07,0.0010193977453121,0.8918967382655167,1,RANGE
2020-04-08,0.0335684676397338,0.8829794232693043,1,RANGE
2020-04-09,0.0152173692416095,0.8050513524422855,1,RANGE
2020-04-13,-0.0091295782817587,0.7513816152924624,1,RANGE
2020-04-14,0.0294922687939072,0.6286351826051109,1,RANGE
2020-04-15,-0.0212478838506259,0.6145440599213486,1,RANGE
2020-04-16,0.0048242704681054,0.5775161509652609,1,RANGE
2020-04-17,0.0270151773538278,0.5806294061489995,1,RANGE
2020-04-20,-0.0176178008294154,0.5564253341507284,1,RANGE
2020-04-21,-0.0303631864749942,0.5608482129563722,1,RANGE
2020-04-22,0.0221945431078762,0.4781621890045922,1,RANGE
2020-04-23,-7.164948502524915e-05,0.47796177826379493,1,RANGE
2020-04-24,0.0139388401727114,0.438484927136512,1,RANGE
2020-04-27,0.0144179957478915,0.4205224379361316,1,RANGE
2020-04-28,-0.0045982449691449,0.41072061080235767,1,RANGE
2020-04-29,0.026178364761801,0.4105647715839837,1,RANGE
2020-04-30,-0.009310527518647,0.36821720603793684,1,RANGE
2020-05-01,-0.0264734775690251,0.38398869490169363,1,RANGE
2020-05-04,0.0027581023207021,0.3765648213314551,1,RANGE
2020-05-05,0.0092394130582147,0.30257553208637644,0,BEAR
2020-05-06,-0.0067788645468404,0.3048698728206068,0,BEAR
2020-05-07,0.0120667741660451,0.28585629359064635,0,BEAR
2020-05-08,0.0165465253781329,0.2866729428536517,0,BEAR
2020-05-11,0.0002048036822548,0.2834810681294153,0,BEAR
2020-05-12,-0.019931388402358,0.27670517005487716,0,BEAR
2020-05-13,-0.0176857128041104,0.27323344082243195,0,BEAR
2020-05-14,0.0119674025017877,0.275783781761196,0,BEAR
2020-05-15,0.0045967190823152,0.25889870731457404,0,BEAR
2020-05-18,0.0304595080417695,0.2712983045672255,0,BEAR
2020-05-19,-0.0102709623432465,0.24736883566941856,0,BEAR
2020-05-20,0.0169878571010626,0.24279029825629347,0,BEAR
2020-05-21,-0.0069039708257669,0.24521507824620584,0,BEAR
2020-05-22,0.0018993899317176,0.24170635155093229,0,BEAR
2020-05-26,0.0123202196995089,0.24041907955766467,0,BEAR
2020-05-27,0.0148792259835721,0.24307984060340163,0,BEAR
2020-05-28,-0.0018453698320536,0.22771722691978494,0,BEAR
2020-05-29,0.0044563961633468,0.22407376580137608,0,BEAR
2020-06-01,0.0040417020972898,0.19634191295234896,0,BEAR
2020-06-02,0.0082800383407546,0.19687483619253257,0,BEAR
2020-06-03,0.0133085272304187,0.19876975741023384,0,BEAR
2020-06-04,-0.0026267685189937,0.19619404551953187,0,BEAR
2020-06-05,0.0256292116336469,0.20852456489924928,0,BEAR
2020-06-08,0.0120875038736349,0.20592381274161436,0,BEAR
2020-06-09,-0.0074564217432203,0.2100892843909159,0,BEAR
2020-06-10,-0.0055800664084254,0.19326682783442187,0,BEAR
2020-06-11,-0.0576490083202335,0.2863155981877127,0,BEAR
2020-06-12,0.0119757293647064,0.28631889319000936,0,BEAR
2020-06-15,0.0093359536082053,0.2870683692170394,0,BEAR
2020-06-16,0.0192473019844123,0.2757235632920689,0,BEAR
2020-06-17,-0.0041536575047397,0.2726249216800914,0,BEAR
2020-06-18,0.0003846656404666,0.2679897443743531,0,BEAR
2020-06-19,-0.0057145642381946,0.2674641193738798,0,BEAR
2020-06-22,0.0064153438517717,0.26777822691340103,0,BEAR
2020-06-23,0.0046034036045969,0.26555676654605165,0,BEAR
2020-06-24,-0.0255088825752454,0.27890975375033056,0,BEAR
2020-06-25,0.0107209201463696,0.28108958395429756,0,BEAR
2020-06-26,-0.0237518209643606,0.2941397264432514,0,BEAR
2020-06-29,0.0146975912323759,0.29863342445185687,0,BEAR
2020-06-30,0.0128094750684413,0.3006821579558403,0,BEAR
2020-07-01,0.0070050506276058,0.2979236003602826,0,BEAR
2020-07-02,0.0055067780343303,0.298326382076638,0,BEAR
2020-07-06,0.0154374686710971,0.2890015865416264,0,BEAR
2020-07-07,-0.0103139751488541,0.287531650336423,0,BEAR
2020-07-08,0.0076486174226866,0.2881009719138815,0,BEAR
2020-07-09,-0.0056927115901997,0.28812840026356734,0,BEAR
2020-07-10,0.0102105310616935,0.19467342311378194,0,BEAR
2020-07-13,-0.008658918070128,0.19589113766254093,0,BEAR
2020-07-14,0.0129589117253055,0.19809754517305575,0,BEAR
2020-07-15,0.0091872497878302,0.18964877560302718,0,BEAR
2020-07-16,-0.0032934497864895,0.18932155151978408,0,BEAR
2020-07-17,0.0028990618252446,0.18929449652765962,0,BEAR
2020-07-20,0.0080814698223827,0.1883061868969841,0,BEAR
2020-07-21,0.00212758453548,0.187752538764707,0,BEAR
2020-07-22,0.0056922104831846,0.18796676904111723,0,BEAR
2020-07-23,-0.0119317291376266,0.16615356687215763,0,BEAR
2020-07-24,-0.0064404548052584,0.1668340402156134,0,BEAR
2020-07-27,0.0072922088748481,0.13637575741755398,2,BULL
2020-07-28,-0.0063420626312722,0.13443315787410415,2,BULL
2020-07-29,0.0122985050852391,0.13393529242244825,2,BULL
2020-07-30,-0.0035679357639758,0.13466696858814445,2,BULL
2020-07-31,0.0079023721666859,0.13572213263049906,2,BULL
2020-08-03,0.0069519268849869,0.1279255799001379,2,BULL
2020-08-04,0.0038626644725299,0.11967780437018269,2,BULL
2020-08-05,0.0062110318696013,0.11897370095059245,2,BULL
2020-08-06,0.0066846441766157,0.11575534548873366,2,BULL
2020-08-07,0.0007177696294711,0.11289735779162134,2,BULL
2020-08-10,0.0029891199933791,0.10472242134042836,2,BULL
2020-08-11,-0.0082549872305405,0.10560997773026577,2,BULL
2020-08-12,0.013942693979623,0.11102113693212186,2,BULL
2020-08-13,-0.0018079729183083,0.11013400910032631,2,BULL
2020-08-14,2.9554612961391055e-05,0.11045469881653304,2,BULL
2020-08-17,0.0031768312774076,0.10841592144874596,2,BULL
2020-08-18,0.0021605410366227,0.10841618972229644,2,BULL
2020-08-19,-0.0041639070817082,0.10969612869852835,2,BULL
2020-08-20,0.0031136286793997,0.09742021167260584,2,BULL
2020-08-21,0.0035474292903943,0.09177100662526848,2,BULL
2020-08-24,0.0101328644616258,0.09412377661421292,2,BULL
2020-08-25,0.0034994302671833,0.0874428585838252,2,BULL
2020-08-26,0.0100254542183759,0.08472964718730622,2,BULL
2020-08-27,0.0021865126077038,0.08086527661791068,2,BULL
2020-08-28,0.0064596792181272,0.08001566038901799,2,BULL
2020-08-31,-0.0036223953279506,0.08284731997418242,2,BULL
2020-09-01,0.0094183454943475,0.08586707683188485,2,BULL
2020-09-02,0.0144640669569471,0.09414764624148307,2,BULL
2020-09-03,-0.0344142189335431,0.16410637879297282,0,BEAR
2020-09-04,-0.0081650634273129,0.1677850931380297,0,BEAR
2020-09-08,-0.0273225805178983,0.1957523980660206,0,BEAR
2020-09-09,0.0197472378094074,0.20560876560806543,0,BEAR
2020-09-10,-0.0173634134248283,0.20970405610445503,0,BEAR
2020-09-11,0.0005091229461327,0.20966559015340144,0,BEAR
2020-09-14,0.0131709600061808,0.21508287015154345,0,BEAR
2020-09-15,0.0050524843637695,0.21551498483495277,0,BEAR
2020-09-16,-0.0039686238880246,0.2159568436792856,0,BEAR
2020-09-17,-0.0087953361612407,0.21779200440221158,0,BEAR
2020-09-18,-0.0115127707777265,0.22107863614039625,0,BEAR
2020-09-21,-0.0111294342730374,0.22333577860731807,0,BEAR
2020-09-22,0.0101843998322315,0.2233717022312559,0,BEAR
2020-09-23,-0.0231910653898563,0.23510751344803857,0,BEAR
2020-09-24,0.0026653920923749,0.23115359212003286,0,BEAR
2020-09-25,0.0161669253795568,0.2406707763512581,0,BEAR
2020-09-28,0.0166096349765425,0.2483041875600818,0,BEAR
2020-09-29,-0.0054459892245374,0.24853919644684508,0,BEAR
2020-09-30,0.0075819141589617,0.24748718876213469,0,BEAR
2020-10-01,0.0064197836353605,0.24186165072988933,0,BEAR
2020-10-02,-0.0094943623266321,0.21291105059833051,0,BEAR
2020-10-05,0.0177330217083546,0.22168501935355472,0,BEAR
2020-10-06,-0.0142159486024955,0.20457488578156333,0,BEAR
2020-10-07,0.0174068196887409,0.2018098817661903,0,BEAR
2020-10-08,0.0088622405789857,0.19241233075471678,0,BEAR
2020-10-09,0.0089303186078752,0.19401862652372198,0,BEAR
2020-10-12,0.0160875114582201,0.19647628254866933,0,BEAR
2020-10-13,-0.0065260138783412,0.1986099363671947,0,BEAR
2020-10-14,-0.0062833522952268,0.1996562262582327,0,BEAR
2020-10-15,-0.0012356847642192,0.19620796536905435,0,BEAR
2020-10-16,-0.0006044820482625,0.18998008447375858,0,BEAR
2020-10-19,-0.0152032498035994,0.1943635821994666,0,BEAR
2020-10-20,0.0040058358161214,0.19227496546177375,0,BEAR
2020-10-21,-0.0018931460559313,0.1686582554043487,0,BEAR
2020-10-22,0.0054853055101833,0.16886358556237532,0,BEAR
2020-10-23,0.0033950246192875,0.16181382528262855,0,BEAR
2020-10-26,-0.0184799917431621,0.16923300248468726,0,BEAR
2020-10-27,-0.0034472424382195,0.16839713248328272,0,BEAR
2020-10-28,-0.0341791135038755,0.2072651127195479,0,BEAR
2020-10-29,0.0101635125256884,0.2094954242806949,0,BEAR
2020-10-30,-0.0104247144583401,0.21002260638330758,0,BEAR
2020-11-02,0.0112083821811286,0.2034699341395582,0,BEAR
2020-11-03,0.0176557671280179,0.20813360409006218,0,BEAR
2020-11-04,0.0223494947242803,0.21419001541151925,0,BEAR
2020-11-05,0.0195026554782211,0.222858814342649,0,BEAR
2020-11-06,-0.0002283524287896,0.22091281945492997,0,BEAR
2020-11-09,0.0125655338793102,0.2179651375533149,0,BEAR
2020-11-10,-0.0014662987415851,0.21657090675500004,0,BEAR
2020-11-11,0.007428410070418,0.21622250824858122,0,BEAR
2020-11-12,-0.0097009555515319,0.21961603682897843,0,BEAR
2020-11-13,0.013844532468404,0.22423778205437353,0,BEAR
2020-11-16,0.0124826672915794,0.21812579657102465,0,BEAR
2020-11-17,-0.0053785679862693,0.22009418088651725,0,BEAR
2020-11-18,-0.0120347305418661,0.22567918692208502,0,BEAR
2020-11-19,0.0042104044817354,0.22546609737451248,0,BEAR
2020-11-20,-0.0068479769309666,0.22753164976829948,0,BEAR
2020-11-23,0.0059944077080564,0.2153413322011245,0,BEAR
2020-11-24,0.0161136996756869,0.21911456705735508,0,BEAR
2020-11-25,-0.0015416154828632,0.16932495093778638,0,BEAR
2020-11-27,0.0027848051989789,0.16853486241393795,0,BEAR
2020-11-30,-0.0044270101697461,0.16252698151594003,0,BEAR
2020-12-01,0.0109372374518474,0.16239740222665758,0,BEAR
2020-12-02,0.0021038984057912,0.15584277493339624,2,BULL
2020-12-03,-0.0002725610995607,0.14136744550997063,2,BULL
2020-12-04,0.0086175173219735,0.12961596105040035,2,BULL
2020-12-07,-0.0020546810038056,0.13033442048116375,2,BULL
2020-12-08,0.002925938521044,0.12500812293133393,2,BULL
2020-12-09,-0.0089687085024279,0.13062571055099603,2,BULL
2020-12-10,-0.0003272882703535,0.1290940466044354,2,BULL
2020-12-11,-0.0011724283456575,0.12274019395560154,2,BULL
2020-12-14,-0.0044773257907249,0.11603931107215394,2,BULL
2020-12-15,0.0135192172814631,0.1174572985890491,2,BULL
2020-12-16,0.0015695890064633,0.1150287088410861,2,BULL
2020-12-17,0.0055920500629902,0.10438509164691771,2,BULL
2020-12-18,-0.0039929245563845,0.10634718887089634,2,BULL
2020-12-21,-0.0035756367879875,0.10341009340883957,2,BULL
2020-12-22,-0.0016851881541635,0.10303592561781227,2,BULL
2020-12-23,0.0008985868133319,0.08757207098688753,2,BULL
2020-12-24,0.0038903210519911,0.0877494941242208,2,BULL
2020-12-28,0.0085911012181416,0.09157037733606982,2,BULL
2020-12-29,-0.0019079416401762,0.08987073917099384,2,BULL
2020-12-30,0.0014268268082908,0.08269378510466172,2,BULL
2020-12-31,0.0050807277733209,0.08387085644322727,2,BULL
2021-01-04,-0.0136141071512733,0.09895711783267913,2,BULL
2021-01-05,0.0068872198687233,0.09725442800510829,2,BULL
2021-01-06,0.0059786256670895,0.0987016955184918,2,BULL
2021-01-07,0.0148576040527199,0.11044717547360715,2,BULL
2021-01-08,0.005697497121629,0.10422987942684686,2,BULL
2021-01-11,-0.0067405033957618,0.10865331521633333,2,BULL
2021-01-12,0.0002109047329594,0.10825465987295121,2,BULL
2021-01-13,0.0026931076055389,0.10560272814973685,2,BULL
2021-01-14,-0.0035020005898215,0.09860414678167549,2,BULL
2021-01-15,-0.0072924281842242,0.10332782515388549,2,BULL
2021-01-19,0.0078519167860762,0.10496561091927259,2,BULL
2021-01-20,0.0138387293265833,0.11234324710906116,2,BULL
2021-01-21,0.0009116466629559,0.11051474435159768,2,BULL
2021-01-22,-0.0035394637014809,0.1115711054529087,2,BULL
2021-01-25,0.0039435284337494,0.11165578023874162,2,BULL
2021-01-26,-0.0015606690311723,0.11227699107751793,2,BULL
2021-01-27,-0.0244407989895248,0.14342462216326002,0,BEAR
2021-01-28,0.0086006496219561,0.1460674368030052,0,BEAR
2021-01-29,-0.0200196415792702,0.1637410924444974,0,BEAR
2021-02-01,0.0166454957212427,0.17354741592752332,0,BEAR
2021-02-02,0.0141402004243589,0.17183964514184447,0,BEAR
2021-02-03,0.0007862283232413,0.17078576788762384,0,BEAR
2021-02-04,0.0113657553548836,0.17372436733056051,0,BEAR
2021-02-05,0.0039358023926339,0.16696611942665604,0,BEAR
2021-02-08,0.0072219919300682,0.16760012625427556,0,BEAR
2021-02-09,-0.0006658864225809,0.16512655954599695,0,BEAR
2021-02-10,-0.0004357869372153,0.16521237451884688,0,BEAR
2021-02-11,0.0016151763552663,0.16515549592491163,0,BEAR
2021-02-12,0.0049399653387438,0.16450195480976845,0,BEAR
2021-02-16,-0.0008660186472524,0.1612934490176651,0,BEAR
2021-02-17,0.0002295051064886,0.16002369366789554,0,BEAR
2021-02-18,-0.0042562012356271,0.15482305476740227,0,BEAR
2021-02-19,-0.0017659016071921,0.15511815582656452,0,BEAR
2021-02-22,-0.0076916777511909,0.15734085415965682,0,BEAR
2021-02-23,0.0012144241182585,0.15686597367908744,0,BEAR
2021-02-24,0.0110194036738657,0.1610283962499151,0,BEAR
2021-02-25,-0.0240957541530778,0.16030617905792796,0,BEAR
2021-02-26,-0.0051529871900003,0.1591965177732504,0,BEAR
2021-03-01,0.0242403051543138,0.16137791311858957,0,BEAR
2021-03-02,-0.0078029419803464,0.15645781200370232,0,BEAR
2021-03-03,-0.013245855917856,0.15707634374782303,0,BEAR
2021-03-04,-0.0123747164422117,0.1630682043119227,0,BEAR
2021-03-05,0.0183964343337275,0.17161288033690875,0,BEAR
2021-03-08,-0.0049787239083139,0.1716277348234793,0,BEAR
2021-03-09,0.0142775290743235,0.1776801468187076,0,BEAR
2021-03-10,0.0062244486446467,0.17920479304900452,0,BEAR
2021-03-11,0.0101391084368429,0.1827793649163401,0,BEAR
2021-03-12,0.0013469737618416,0.18276020370230828,0,BEAR
2021-03-15,0.0059636283629875,0.1831265503914453,0,BEAR
2021-03-16,-0.0012614788513846,0.1831722256273457,0,BEAR
2021-03-17,0.0034099480972786,0.1834527203341341,0,BEAR
2021-03-18,-0.0145496216500911,0.19062481829212166,0,BEAR
2021-03-19,-0.0018502418149806,0.19063638755484413,0,BEAR
2021-03-22,0.0079847764002412,0.1901922203364886,0,BEAR
2021-03-23,-0.0078707277007599,0.19273871061766049,0,BEAR
2021-03-24,-0.0050834481779507,0.18952098187928826,0,BEAR
2021-03-25,0.0056256361235429,0.1682235796199059,0,BEAR
2021-03-26,0.016115062772352,0.17444271680283918,0,BEAR
2021-03-29,-0.0005051855789637,0.15395293771055754,2,BULL
2021-03-30,-0.0026530090859983,0.15110722036209948,2,BULL
2021-03-31,0.0040533753444886,0.14124321488357183,2,BULL
2021-04-01,0.0107990744496146,0.13343811818354714,2,BULL
2021-04-05,0.0143531162012859,0.12802472509684734,2,BULL
2021-04-06,-0.0005906733748644,0.12528074459525834,2,BULL
2021-04-07,0.0011571716196558,0.11850091646933289,2,BULL
2021-04-08,0.0047468381060444,0.11802329542129147,2,BULL
2021-04-09,0.0072702774663833,0.11600400019902689,2,BULL
2021-04-12,0.000364509060224,0.11617716855444585,2,BULL
2021-04-13,0.0029636145426572,0.11543340724043975,2,BULL
2021-04-14,-0.0034150790233768,0.11654365119699034,2,BULL
2021-04-15,0.0107424606683161,0.12046367543927786,2,BULL
2021-04-16,0.0033424074140531,0.10228035788455095,2,BULL
2021-04-19,-0.0049129188837342,0.10490075835424675,2,BULL
2021-04-20,-0.00732155322845,0.10965089532053351,2,BULL
2021-04-21,0.0094622317524972,0.10516337817636523,2,BULL
2021-04-22,-0.0091331800237444,0.11031467717482737,2,BULL
2021-04-23,0.0108422604637001,0.11339530141498316,2,BULL
2021-04-26,0.002087722339497,0.1029592960059435,2,BULL
2021-04-27,-0.0002156720043927,0.10284547074975545,2,BULL
2021-04-28,-0.0002872865067513,0.10154784720029245,2,BULL
2021-04-29,0.0063727076052171,0.1022541281011405,2,BULL
2021-04-30,-0.0065705050879912,0.1031131309635296,2,BULL
2021-05-03,0.0021567607421444,0.09236018730733085,2,BULL
2021-05-04,-0.0061691484605335,0.0960465477975574,2,BULL
2021-05-05,0.0003127477520421,0.09609529017632494,2,BULL
2021-05-06,0.0079853107026692,0.09837166810187409,2,BULL
2021-05-07,0.0072782217320412,0.09837807326038274,2,BULL
2021-05-10,-0.0099025324758584,0.10611153834973606,2,BULL
2021-05-11,-0.0089246883762067,0.11114010190050329,2,BULL
2021-05-12,-0.021245077750982,0.1343919565788432,2,BULL
2021-05-13,0.0120121915932021,0.1358936225084644,2,BULL
2021-05-14,0.0153554879083217,0.14681606624000115,2,BULL
2021-05-17,-0.0025443232578852,0.14601210050746163,2,BULL
2021-05-18,-0.0086155334471645,0.14695102118591932,2,BULL
2021-05-19,-0.0026220247707656,0.14284808527979287,2,BULL
2021-05-20,0.0107578868725417,0.14451237986780027,2,BULL
2021-05-21,-0.0008185651068418,0.13916939985963347,2,BULL
2021-05-24,0.0101942700619295,0.14381845920694925,2,BULL
2021-05-25,-0.0022188134735197,0.14407550231546212,2,BULL
2021-05-26,0.0019843257818994,0.1442147858693864,2,BULL
2021-05-27,0.0005250938159064,0.1423984273932729,2,BULL
2021-05-28,0.0017887962924967,0.14040182195197093,2,BULL
2021-06-01,-0.0008808929547104,0.14030153701501283,2,BULL
2021-06-02,0.0015727184479137,0.13830812478763688,2,BULL
2021-06-03,-0.0037113070866483,0.13915388188512287,2,BULL
2021-06-04,0.0091457275014403,0.14005107208049805,2,BULL
2021-06-07,-0.0009700906577131,0.13776420226452527,2,BULL
2021-06-08,0.0002131007979895,0.1326623160013417,2,BULL
2021-06-09,-0.0014918507661544,0.1281691681898196,2,BULL
2021-06-10,0.0046482394002105,0.09823407049306522,2,BULL
2021-06-11,0.0016525530802773,0.09116045689470868,2,BULL
2021-06-14,0.0022390888576377,0.0756714553786584,2,BULL
2021-06-15,-0.0018342558505697,0.0752659552693358,2,BULL
2021-06-16,-0.0055831973166261,0.07071854125618969,2,BULL
2021-06-17,-0.0003317930969743,0.0695213140946283,2,BULL
2021-06-18,-0.013490576280673,0.07865539986024082,2,BULL
2021-06-21,0.0143160070391372,0.09322713878860177,2,BULL
2021-06-22,0.0053463001975806,0.08826497491141652,2,BULL
2021-06-23,-0.0012054174776092,0.08790128439794812,2,BULL
2021-06-24,0.0059157722595226,0.08975341016910449,2,BULL
2021-06-25,0.0035521062299119,0.09023064135254302,2,BULL
2021-06-28,0.002016021278465,0.09025909973225771,2,BULL
2021-06-29,0.0005378663535458,0.08999542609336299,2,BULL
2021-06-30,0.0008417157483999,0.08998479859900912,2,BULL
2021-07-01,0.0055366603626485,0.0894258002626566,2,BULL
2021-07-02,0.0076435995154082,0.08787976460302652,2,BULL
2021-07-06,-0.0018215937451301,0.08824553902228917,2,BULL
2021-07-07,0.0035340015421587,0.08842280587212899,2,BULL
2021-07-08,-0.008147813563995,0.09446097013004585,2,BULL
2021-07-09,0.0106748205367965,0.09960339251492539,2,BULL
2021-07-12,0.0035817437859975,0.09985977968752789,2,BULL
2021-07-13,-0.003408822633102,0.10143002768599585,2,BULL
2021-07-14,0.001492103728313,0.10071508996180925,2,BULL
2021-07-15,-0.0034156841527428,0.09895754491869539,2,BULL
2021-07-16,-0.0078433218282606,0.10440339469540814,2,BULL
2021-07-19,-0.0147680637064476,0.10687028000853918,2,BULL
2021-07-20,0.0143307759657995,0.10689429586429926,2,BULL
2021-07-21,0.0080960406564416,0.10873205921907732,2,BULL
2021-07-22,0.0020941390937978,0.10833074839209693,2,BULL
2021-07-23,0.0102879312503976,0.11174066191807565,2,BULL
2021-07-26,0.0024548186678139,0.11157249734924422,2,BULL
2021-07-27,-0.0045572958380292,0.1137333640495174,2,BULL
2021-07-28,-0.0004103113172384,0.11387367184372485,2,BULL
2021-07-29,0.0041474292836514,0.1142972421622456,2,BULL
2021-07-30,-0.0048565436746188,0.11534789991107083,2,BULL
2021-08-02,-0.0020978927229031,0.11301577437667752,2,BULL
2021-08-03,0.0081354766770458,0.11583154723355656,2,BULL
2021-08-04,-0.0049189943700146,0.11722406589366065,2,BULL
2021-08-05,0.006332737948979,0.11421492802153081,2,BULL
2021-08-06,0.0016525711277584,0.10871655369933193,2,BULL
2021-08-09,-0.0008134349923996,0.10835261890406048,2,BULL
2021-08-10,0.0012439187886246,0.10732518345820195,2,BULL
2021-08-11,0.0024848201240275,0.10746425117719755,2,BULL
2021-08-12,0.0029969791615205,0.10647144580449291,2,BULL
2021-08-13,0.0018197109915418,0.10096911748235213,2,BULL
2021-08-16,0.0023546700664971,0.08010571908118434,2,BULL
2021-08-17,-0.0065552506823314,0.0733506469802921,2,BULL
2021-08-18,-0.010944942185634,0.0813280171275776,2,BULL
2021-08-19,0.001548241076851,0.08121288601213235,2,BULL
2021-08-20,0.0079571838206045,0.07784454117440284,2,BULL
2021-08-23,0.0087963855957435,0.0831406365267654,2,BULL
2021-08-24,0.0015875162157437,0.08079987084412792,2,BULL
2021-08-25,0.0020982525993065,0.08070025961632514,2,BULL
2021-08-26,-0.0059029608427356,0.08358069550989596,2,BULL
2021-08-27,0.0089408987711741,0.085851677809818,2,BULL
2021-08-30,0.0043975067353752,0.08550138227643769,2,BULL
2021-08-31,-0.0014813709310149,0.0826077150292088,2,BULL
2021-09-01,0.000531397515767,0.0794770074864464,2,BULL
2021-09-02,0.0030766297701618,0.07764433019074454,2,BULL
2021-09-03,-0.000242812589675,0.07781805519965629,2,BULL
2021-09-07,-0.0035754020140847,0.079365556384584,2,BULL
2021-09-08,-0.0012184274343584,0.07976872864289829,2,BULL
2021-09-09,-0.0042802148362148,0.08161680262966506,2,BULL
2021-09-10,-0.0078846019459868,0.08637119857881073,2,BULL
2021-09-13,0.0025594017674535,0.08661166164291136,2,BULL
2021-09-14,-0.0053966527399929,0.08827563769881391,2,BULL
2021-09-15,0.0083527160238887,0.09010567624824965,2,BULL
2021-09-16,-0.0015853183896715,0.07996711392903058,2,BULL
2021-09-17,-0.0097408459943993,0.08837745367518628,2,BULL
2021-09-20,-0.0166743583981091,0.10239332801986328,2,BULL
2021-09-21,-0.0009446266341597,0.09580770288394641,2,BULL
2021-09-22,0.0097548913141269,0.10324813570815738,2,BULL
2021-09-23,0.0121498675166893,0.11291084519711828,2,BULL
2021-09-24,0.0016473484921537,0.11125046141501635,2,BULL
2021-09-27,-0.00286079700893,0.1063359425080836,2,BULL
2021-09-28,-0.0201519325388573,0.12490210312537087,2,BULL
2021-09-29,0.0016831297075827,0.1255456368107437,2,BULL
2021-09-30,-0.0122225020903166,0.13054804386841268,2,BULL
2021-10-01,0.0118842647072359,0.13890483436010775,2,BULL
2021-10-04,-0.0128959990552119,0.1440246364718905,2,BULL
2021-10-05,0.0104049498910991,0.151105656677659,2,BULL
2021-10-06,0.0041559890803248,0.15261026587814447,2,BULL
2021-10-07,0.0086457766395786,0.1564509646538531,2,BULL
2021-10-08,-0.0018237434271246,0.15435614753916688,2,BULL
2021-10-11,-0.0072396851751416,0.15556576637887587,2,BULL
2021-10-12,-0.0024617856432903,0.15484855644680792,2,BULL
2021-10-13,0.0035978968714394,0.1519335051642611,2,BULL
2021-10-14,0.0168205078455132,0.16486588233631688,2,BULL
2021-10-15,0.0076158599766367,0.16320592504690792,2,BULL
2021-10-18,0.0029605526616691,0.15006820765504447,2,BULL
2021-10-19,0.0077148095659556,0.15131252977906384,2,BULL
2021-10-20,0.0039277004251572,0.14872736443624346,2,BULL
2021-10-21,0.002608103361759,0.1435840826109886,2,BULL
2021-10-22,-0.0010361021943938,0.14378913102102023,2,BULL
2021-10-25,0.0053630100991841,0.14377332290121564,2,BULL
2021-10-26,0.0008996681341086,0.11906447198339852,2,BULL
2021-10-27,-0.0044300372573304,0.12159181092651648,2,BULL
2021-10-28,0.0096489461924043,0.11149093190482123,2,BULL
2021-10-29,0.0020291317625982,0.10683912520453669,2,BULL
2021-11-01,0.0017201942386289,0.08950430487494214,2,BULL
2021-11-02,0.004043020172453,0.0858206891535905,2,BULL
2021-11-03,0.0061054711627128,0.08637446847119352,2,BULL
2021-11-04,0.0047122115661006,0.08426988762200986,2,BULL
2021-11-05,0.0034697902545075,0.08220496690029482,2,BULL
2021-11-08,0.0008537375219057,0.07278761588572455,2,BULL
2021-11-09,-0.0033054368346459,0.07380595719915237,2,BULL
2021-11-10,-0.0080449483033553,0.08489537871276003,2,BULL
2021-11-11,0.0003236731391518,0.06832888677618751,2,BULL
2021-11-12,0.0075468579064168,0.06825887999961637,2,BULL
2021-11-15,0.0003422772788235,0.06858302045480287,2,BULL
2021-11-16,0.0039578372790149,0.06583563849555148,2,BULL
2021-11-17,-0.0024292807950423,0.06726550073987074,2,BULL
2021-11-18,0.0033966330910792,0.06746170139584651,2,BULL
2021-11-19,-0.0017883719226365,0.06792624243452879,2,BULL
2021-11-22,-0.0028150672729959,0.0683120537746451,2,BULL
2021-11-23,0.0013259234691016,0.06829469883091871,2,BULL
2021-11-24,0.002669841331528,0.06491465440456447,2,BULL
2021-11-26,-0.0223031154705372,0.1016382030801858,2,BULL
2021-11-29,0.0122665323963568,0.11035085005983551,2,BULL
2021-11-30,-0.0194576786100166,0.13115063313466704,2,BULL
2021-12-01,-0.0111072023765106,0.1352194137840959,2,BULL
2021-12-02,0.0153163259732831,0.14540165915609968,2,BULL
2021-12-03,-0.0087013036560396,0.14650567613772644,2,BULL
2021-12-06,0.0118433822550765,0.15308308950123203,2,BULL
2021-12-07,0.0206846915964906,0.17136981735464415,0,BEAR
2021-12-08,0.0026481724858176,0.17115608941400925,0,BEAR
2021-12-09,-0.0067515776873089,0.1703811610835821,0,BEAR
2021-12-10,0.0094133519740282,0.173392075583214,0,BEAR
2021-12-13,-0.0088583018338477,0.17470285607713762,0,BEAR
2021-12-14,-0.0068799644385748,0.1763786187613258,0,BEAR
2021-12-15,0.0156249596054995,0.1848420217381398,0,BEAR
2021-12-16,-0.0088186264382535,0.18742307198715608,0,BEAR
2021-12-17,-0.0106427156631103,0.19053423546200268,0,BEAR
2021-12-20,-0.0106333071396615,0.19369317092396973,0,BEAR
2021-12-21,0.0177588941430359,0.20494176751184434,0,BEAR
2021-12-22,0.0099987068865814,0.2081029439392066,0,BEAR
2021-12-23,0.0062220677631315,0.20904118762745286,0,BEAR
2021-12-27,0.0141520354378468,0.19623243768634327,0,BEAR
2021-12-28,-0.0008172055396652,0.19279970728588605,0,BEAR
2021-12-29,0.0012792768449403,0.1761656663534855,0,BEAR
2021-12-30,-0.0027646102856259,0.16994374634406717,0,BEAR
2021-12-31,-0.0025200894369536,0.1645110675412576,0,BEAR
2022-01-03,0.0057899825605636,0.15985387463785328,0,BEAR
2022-01-04,-0.0003348406113441,0.15656413430186925,0,BEAR
2022-01-05,-0.0192021571012249,0.158208178962194,0,BEAR
2022-01-06,-0.0009393949726044,0.15799423240645477,0,BEAR
2022-01-07,-0.0039536088021848,0.1567026566484172,0,BEAR
2022-01-10,-0.0012442138862852,0.1529066159800396,0,BEAR
2022-01-11,0.009108110681772,0.15292983416294656,0,BEAR
2022-01-12,0.0027035810618971,0.15051121567377168,0,BEAR
2022-01-13,-0.013778655331078,0.148896348863567,0,BEAR
2022-01-14,0.0004092782042375,0.14556829524092535,0,BEAR
2022-01-18,-0.0177097822528263,0.1543375345252345,0,BEAR
2022-01-19,-0.010383613677922,0.15411870629561347,0,BEAR
2022-01-20,-0.0110680375181612,0.1428470818707872,0,BEAR
2022-01-21,-0.0196305981485495,0.1490996819244628,0,BEAR
2022-01-24,0.0042465957255601,0.14759526828361894,0,BEAR
2022-01-25,-0.0122088455927171,0.135327716410242,0,BEAR
2022-01-26,-0.0025089880405002,0.13482435985284377,0,BEAR
2022-01-27,-0.0049378411189878,0.13293865056823762,0,BEAR
2022-01-28,0.0248355124606241,0.17012202084677316,0,BEAR
2022-01-31,0.0180109199209206,0.18675376120541065,0,BEAR
2022-02-01,0.0067567998787265,0.1873631148824306,0,BEAR
2022-02-02,0.0097142472516102,0.19229893763243266,0,BEAR
2022-02-03,-0.0235049893238338,0.19790256414581556,0,BEAR
2022-02-04,0.0047023126813627,0.19942595914234043,0,BEAR
2022-02-07,-0.0032094091281934,0.19934784077308895,0,BEAR
2022-02-08,0.0082279585839364,0.20262319906530937,0,BEAR
2022-02-09,0.0146360316301747,0.20736047760568196,0,BEAR
2022-02-10,-0.0179656995578435,0.21499291226715395,0,BEAR
2022-02-11,-0.0197186472302755,0.22018210634155946,0,BEAR
2022-02-14,-0.0032693770377297,0.2199099879608224,0,BEAR
2022-02-15,0.0161269852841157,0.2221676266202645,0,BEAR
2022-02-16,0.0011207566267981,0.21949946309436,0,BEAR
2022-02-17,-0.0213615591049272,0.228922514253615,0,BEAR
2022-02-18,-0.0064749104233685,0.21927969763609745,0,BEAR
2022-02-22,-0.0107317265982651,0.22155903808618574,0,BEAR
2022-02-23,-0.0177385458788956,0.22606396389593442,0,BEAR
2022-02-24,0.0150489554975392,0.2333585708914948,0,BEAR
2022-02-25,0.0220641938675771,0.24587547522852984,0,BEAR
2022-02-28,-0.0025585825941798,0.22910834368681357,0,BEAR
2022-03-01,-0.0152303865289505,0.22379811237482533,0,BEAR
2022-03-02,0.0183964716854709,0.23355589054106313,0,BEAR
2022-03-03,-0.0049784896857248,0.2299218936407419,0,BEAR
2022-03-04,-0.0081246368533527,0.21726001772106354,0,BEAR
2022-03-07,-0.0294793159550517,0.23717664861271837,0,BEAR
2022-03-08,-0.0075816477449817,0.23767130050660792,0,BEAR
2022-03-09,0.0268108805756113,0.25808879991974126,0,BEAR
2022-03-10,-0.0045155655368041,0.2500003951990746,0,BEAR
2022-03-11,-0.0127150693301424,0.246645307656642,0,BEAR
2022-03-14,-0.0073084302891998,0.23948186804255306,0,BEAR
2022-03-15,0.0219906193163723,0.2548714317789322,0,BEAR
2022-03-16,0.0221740852183944,0.2612002236426397,0,BEAR
2022-03-17,0.0125107869488361,0.26555407523926283,0,BEAR
2022-03-18,0.0109528288127129,0.2564869200913237,0,BEAR
2022-03-21,-0.0002923791705634,0.2549915305986307,0,BEAR
2022-03-22,0.0117014822191099,0.25322269805457787,0,BEAR
2022-03-23,-0.0128784919205481,0.2486019759343561,0,BEAR
2022-03-24,0.0150745272673353,0.24861870379968676,0,BEAR
2022-03-25,0.0048835854968727,0.23822532851001804,0,BEAR
2022-03-28,0.0071130477040337,0.23827584649690045,0,BEAR
2022-03-29,0.0123707279109337,0.23118756947799332,0,BEAR
2022-03-30,-0.0061748659201935,0.22703431742765456,0,BEAR
2022-03-31,-0.0153912688993718,0.23451563530912084,0,BEAR
2022-04-01,0.0028341875988786,0.2314115265287923,0,BEAR
2022-04-04,0.0085665160115153,0.19852112180658915,0,BEAR
2022-04-05,-0.0126312169755107,0.20334956951043215,0,BEAR
2022-04-06,-0.0099994245376708,0.19078352344282612,0,BEAR
2022-04-07,0.005038794866919,0.18918903919862803,0,BEAR
2022-04-08,-0.0026738602195117,0.1814004505262276,0,BEAR
2022-04-11,-0.017092071343294,0.1920663545217012,0,BEAR
2022-04-12,-0.003705419344858,0.17944126260193285,0,BEAR
2022-04-13,0.0114535496926742,0.16673909644283558,0,BEAR
2022-04-14,-0.0124517964376612,0.1675897401140836,0,BEAR
2022-04-18,0.0004112594884277,0.16241183164429346,0,BEAR
2022-04-19,0.0161426793666534,0.17307596825756152,0,BEAR
2022-04-20,-0.0007414037919635,0.1675906595753624,0,BEAR
2022-04-21,-0.0149537806632744,0.16977260819069181,0,BEAR
2022-04-22,-0.027438945821729,0.18418336223078044,0,BEAR
2022-04-25,0.0057974498045296,0.18471167769122562,0,BEAR
2022-04-26,-0.0289607462409866,0.20284859290573803,0,BEAR
2022-04-27,0.0028116808426881,0.19500284437887141,0,BEAR
2022-04-28,0.0252595358673106,0.22239990252703437,0,BEAR
2022-04-29,-0.0369557794259404,0.2493757939223767,0,BEAR
2022-05-02,0.0060195268110161,0.2508641681256006,0,BEAR
2022-05-03,0.0045841236270074,0.2485415818687047,0,BEAR
2022-05-04,0.0304527295075769,0.2754513516814125,0,BEAR
2022-05-05,-0.0355427633440623,0.29879329267370497,0,BEAR
2022-05-06,-0.0059687147478978,0.2971089424745577,0,BEAR
2022-05-09,-0.0320175388184911,0.312973581508989,0,BEAR
2022-05-10,0.0023105868090815,0.3111337586571164,0,BEAR
2022-05-11,-0.0158859472766297,0.31362468470618515,0,BEAR
2022-05-12,-0.0010441016242536,0.3078632347866552,0,BEAR
2022-05-13,0.0239079476059138,0.32423218731608294,0,BEAR
2022-05-16,-0.004057532090171,0.3237969739076657,0,BEAR
2022-05-17,0.0205702385537367,0.3278628671988766,0,BEAR
2022-05-18,-0.040311422310071,0.3517176711689468,0,BEAR
2022-05-19,-0.0061247812871241,0.350153097344197,0,BEAR
2022-05-20,0.0004366942411111,0.34098602471344497,0,BEAR
2022-05-23,0.0187100575040692,0.349011477886066,0,BEAR
2022-05-24,-0.0076339978846309,0.33643321412759686,0,BEAR
2022-05-25,0.0088351359532132,0.33837404163084134,0,BEAR
2022-05-26,0.0199812223292406,0.3331668019503478,0,BEAR
2022-05-27,0.0245492569812497,0.3200436326144727,0,BEAR
2022-05-31,-0.0056109594829785,0.3200886905373243,0,BEAR
2022-06-01,-0.0080885471910586,0.3208452090936938,0,BEAR
2022-06-02,0.0190435118962271,0.30850575079042136,0,BEAR
2022-06-03,-0.0164114750023232,0.28698021036284227,0,BEAR
2022-06-06,0.0030446739944933,0.2863768741371752,0,BEAR
2022-06-07,0.0095922590858135,0.2612576894237154,0,BEAR
2022-06-08,-0.0108722838147421,0.26540221394863517,0,BEAR
2022-06-09,-0.023782773366391,0.27366679274788897,0,BEAR
2022-06-10,-0.0289955370465991,0.29398765400899984,0,BEAR
2022-06-13,-0.037968328180167,0.3084876126829955,0,BEAR
2022-06-14,-0.0030134909812689,0.3084738371113086,0,BEAR
2022-06-15,0.0142565257602715,0.30278198381001603,0,BEAR
2022-06-16,-0.0330960025546738,0.2920457999745867,0,BEAR
2022-06-17,0.0021557115874564,0.2924088045993109,0,BEAR
2022-06-21,0.0251735674215896,0.3087065452271807,0,BEAR
2022-06-22,-0.0018130792557691,0.29933399645344627,0,BEAR
2022-06-23,0.0098026804474322,0.3017817483315233,0,BEAR
2022-06-24,0.0317940320288381,0.3226547095055355,0,BEAR
2022-06-27,-0.0038198546404473,0.3135358904468147,0,BEAR
2022-06-28,-0.0204327385648337,0.3040969716152799,0,BEAR
2022-06-29,-0.0008146309502216,0.30422651756818325,0,BEAR
2022-06-30,-0.0081240710262404,0.3042333211736458,0,BEAR
2022-07-01,0.0105763113918158,0.2972369712843226,0,BEAR
2022-07-05,0.0018888203356886,0.29429790987365906,0,BEAR
2022-07-06,0.0033771346354081,0.29439416022796566,0,BEAR
2022-07-07,0.0149771661720932,0.2980962628151412,0,BEAR
2022-07-08,-0.000822604093542,0.2966789754714108,0,BEAR
2022-07-11,-0.011423605186178,0.2880000369123074,0,BEAR
2022-07-12,-0.0088488619873409,0.27116980178449995,0,BEAR
2022-07-13,-0.0052516052200881,0.23403166429780223,0,BEAR
2022-07-14,-0.002428667713031,0.23391355220158166,0,BEAR
2022-07-15,0.0191049743148792,0.2381914464867562,0,BEAR
2022-07-18,-0.0082567682125482,0.2048866106355268,0,BEAR
2022-07-19,0.0270192137022042,0.2228132861955751,0,BEAR
2022-07-20,0.0063732252534733,0.2081643641914962,0,BEAR
2022-07-21,0.0101831052606005,0.20911094638554406,0,BEAR
2022-07-22,-0.0092779855086534,0.21212004397811238,0,BEAR
2022-07-25,0.0012148550806281,0.1812302834721437,0,BEAR
2022-07-26,-0.0118310314337568,0.18608187492691927,0,BEAR
2022-07-27,0.025966396206756,0.19016032111409853,0,BEAR
2022-07-28,0.0125424506496849,0.19279707652293507,0,BEAR
2022-07-29,0.0145787811034594,0.19171932513037251,0,BEAR
2022-08-01,-0.0029614453227445,0.19203485683021482,0,BEAR
2022-08-02,-0.0065973056785414,0.19549008870097773,0,BEAR
2022-08-03,0.0156595209020677,0.20028886630435122,0,BEAR
2022-08-04,-0.0006755619650964,0.19657884976754433,0,BEAR
2022-08-05,-0.001690162625671,0.19683904007885422,0,BEAR
2022-08-08,-0.0011609286065696,0.1899995956981874,0,BEAR
2022-08-09,-0.0039710064036558,0.1864889086215776,0,BEAR
2022-08-10,0.0210039442535532,0.19253937554420206,0,BEAR
2022-08-11,0.0,0.19144634298781651,0,BEAR
2022-08-12,0.0169291027580114,0.1895206993779866,0,BEAR
2022-08-15,0.0041207680923374,0.18279217909839762,0,BEAR
2022-08-16,0.0019585877677907,0.16512965698370943,0,BEAR
2022-08-17,-0.0070977679942518,0.1700799404161838,0,BEAR
2022-08-18,0.0029063747416737,0.16849392305268396,0,BEAR
2022-08-19,-0.0134382327019473,0.17328396308181773,0,BEAR
2022-08-22,-0.0208224140451461,0.19341125896292552,0,BEAR
2022-08-23,-0.0024191419712106,0.18709173258916095,0,BEAR
2022-08-24,0.0032009334399067,0.1658565375102126,0,BEAR
2022-08-25,0.0141175587151034,0.167322167447411,0,BEAR
2022-08-26,-0.0338489306305894,0.20243408243419822,0,BEAR
2022-08-29,-0.0066122236261663,0.2033781911467447,0,BEAR
2022-08-30,-0.0109776555130747,0.20558187744187328,0,BEAR
2022-08-31,-0.0076091891868418,0.19676434975727108,0,BEAR
2022-09-01,0.0031379851223054,0.19764669167280086,0,BEAR
2022-09-02,-0.0105446348747499,0.19988150415533493,0,BEAR
2022-09-06,-0.0037731837710724,0.19985470562982685,0,BEAR
2022-09-07,0.0179650783613458,0.21273869568232207,0,BEAR
2022-09-08,0.006536206071632,0.1980506503073925,0,BEAR
2022-09-09,0.0155353414019847,0.20789042516550577,0,BEAR
2022-09-12,0.0107476034503792,0.2016729848192231,0,BEAR
2022-09-13,-0.0434824653339203,0.2483750665166984,0,BEAR
2022-09-14,0.0038156816712291,0.2490748747501972,0,BEAR
2022-09-15,-0.0113531349814084,0.250202116695776,0,BEAR
2022-09-16,-0.0076288298268981,0.24894347121590402,0,BEAR
2022-09-19,0.0077548921375154,0.25063276075678576,0,BEAR
2022-09-20,-0.0114786364782157,0.24433779870614994,0,BEAR
2022-09-21,-0.0174439199372251,0.24935115280600903,0,BEAR
2022-09-22,-0.0083997494458704,0.2482456139790195,0,BEAR
2022-09-23,-0.0167547358529512,0.2413367806962354,0,BEAR
2022-09-26,-0.0098926192588444,0.21890105762953438,0,BEAR
2022-09-27,-0.002552777090559,0.2189844035296884,0,BEAR
2022-09-28,0.0196762349418897,0.23406589381344273,0,BEAR
2022-09-29,-0.0208889247340241,0.24193248955545552,0,BEAR
2022-09-30,-0.0154633846244731,0.24370692673662472,0,BEAR
2022-10-03,0.0264011261423151,0.26653641921352,0,BEAR
2022-10-04,0.0309866864364749,0.2925474979764883,0,BEAR
2022-10-05,-0.0023282952892375,0.2835570022861352,0,BEAR
2022-10-06,-0.0103158378516399,0.2828923901121141,0,BEAR
2022-10-07,-0.0278938849116064,0.2868158129322465,0,BEAR
2022-10-10,-0.0076352983518347,0.28050645368030785,0,BEAR
2022-10-11,-0.0063329943700318,0.2436731271393235,0,BEAR
2022-10-12,-0.0032984298981567,0.24179838300101622,0,BEAR
2022-10-13,0.0263910423159372,0.2641924903380249,0,BEAR
2022-10-14,-0.022788691354401,0.273154133110731,0,BEAR
2022-10-17,0.0256969248588563,0.28996495534563443,0,BEAR
2022-10-18,0.0117497166035129,0.29236750591717314,0,BEAR
2022-10-19,-0.0070865488084502,0.28716700699613523,0,BEAR
2022-10-20,-0.0083852407300183,0.28716207745329436,0,BEAR
2022-10-21,0.0243012670038302,0.2942475517636239,0,BEAR
2022-10-24,0.0122366034176017,0.29385004841635787,0,BEAR
2022-10-25,0.015968427305838,0.2972753903712163,0,BEAR
2022-10-26,-0.0075339665661177,0.2927468230519114,0,BEAR
2022-10-27,-0.0053400584698166,0.2818414538112027,0,BEAR
2022-10-28,0.0237907226866267,0.28316073969127153,0,BEAR
2022-10-31,-0.0072232070675374,0.27354719109683656,0,BEAR
2022-11-01,-0.0043759774848274,0.25317087442075364,0,BEAR
2022-11-02,-0.0250961055799462,0.269490098833951,0,BEAR
2022-11-03,-0.0102970403166251,0.269480710094926,0,BEAR
2022-11-04,0.0143932796288879,0.2530589827174651,0,BEAR
2022-11-07,0.0095654668308988,0.2517740763599412,0,BEAR
2022-11-08,0.0053955930212441,0.2495532042619381,0,BEAR
2022-11-09,-0.0206021780802704,0.26291740989854423,0,BEAR
2022-11-10,0.0549541687718875,0.31221489899703264,0,BEAR
2022-11-11,0.0096784664363873,0.296171945134536,0,BEAR
2022-11-14,-0.0085067961373284,0.29019832160285886,0,BEAR
2022-11-15,0.0085291727460372,0.2892635325450451,0,BEAR
2022-11-16,-0.0076288406817719,0.28953846811561235,0,BEAR
2022-11-17,-0.0030597036592565,0.28720006633846823,0,BEAR
2022-11-18,0.0045403793225018,0.27702021486344003,0,BEAR
2022-11-21,-0.0036361800234461,0.2757041801397301,0,BEAR
2022-11-22,0.0134569430440238,0.2741776762832645,0,BEAR
2022-11-23,0.0063017355453103,0.2721541558347035,0,BEAR
2022-11-25,-0.0002236525843206,0.2707412628027396,0,BEAR
2022-11-28,-0.0159570833427797,0.26699091541501796,0,BEAR
2022-11-29,-0.0017175428624457,0.2654498146947787,0,BEAR
2022-11-30,0.0315007420307846,0.2851200821718583,0,BEAR
2022-12-01,-0.0007359158788773,0.2656385284368356,0,BEAR
2022-12-02,-0.001153812670551,0.26091656611703906,0,BEAR
2022-12-05,-0.0179891690022216,0.27020492079470915,0,BEAR
2022-12-06,-0.0144150594019498,0.27598258072239257,0,BEAR
2022-12-07,-0.0017010241696058,0.27595252022044947,0,BEAR
2022-12-08,0.007833906769598,0.26382734125956037,0,BEAR
2022-12-09,-0.0074702129183733,0.1807764260697112,0,BEAR
2022-12-12,0.0144172505514468,0.1849174491602719,0,BEAR
2022-12-13,0.0075699205578838,0.18377278562107846,0,BEAR
2022-12-14,-0.0063936912363807,0.1832143502044375,0,BEAR
2022-12-15,-0.0244614548006921,0.20155119656044923,0,BEAR
2022-12-16,-0.0118063247063029,0.2052864098295891,0,BEAR
2022-12-19,-0.0084795041168697,0.20574187386997783,0,BEAR
2022-12-20,0.0013682364795171,0.20590115707579898,0,BEAR
2022-12-21,0.0149526998261633,0.20740547781523117,0,BEAR
2022-12-22,-0.014266430660077,0.21007172803766722,0,BEAR
2022-12-23,0.0057523223428561,0.21197651527047892,0,BEAR
2022-12-27,-0.0039434771862759,0.20580327559448824,0,BEAR
2022-12-28,-0.0124278111010669,0.20939427854884757,0,BEAR
2022-12-29,0.0180002776392438,0.18469478227346664,0,BEAR
2022-12-30,-0.0026342375705401,0.1845406966251819,0,BEAR
2023-01-03,-0.0042096744977736,0.184484236300883,0,BEAR
2023-01-04,0.007720240306412,0.17930643534771246,0,BEAR
2023-01-05,-0.0114135066143092,0.17678887214442454,0,BEAR
2023-01-06,0.0229319799601557,0.19702910903767584,0,BEAR
2023-01-09,-0.0005667525357839,0.1946443599879054,0,BEAR
2023-01-10,0.0070127105429749,0.19481913890668412,0,BEAR
2023-01-11,0.0126479574489564,0.19317152748114147,0,BEAR
2023-01-12,0.0036408419648714,0.19159069586108046,0,BEAR
2023-01-13,0.0038794789495399,0.19074597973589194,0,BEAR
2023-01-17,-0.0018318629593788,0.16745678657476393,0,BEAR
2023-01-18,-0.0157879299287946,0.17212643028874983,0,BEAR
2023-01-19,-0.0072799260167746,0.1712900053271436,0,BEAR
2023-01-20,0.01862907289135,0.18215847128724902,0,BEAR
2023-01-23,0.0119986626807988,0.17966593533261713,0,BEAR
2023-01-24,-0.0010735107208037,0.16975839212602856,0,BEAR
2023-01-25,0.0003748275793136,0.16948686031506865,0,BEAR
2023-01-26,0.0109904261687523,0.17049678859592204,0,BEAR
2023-01-27,0.0022979632470203,0.1605094449611251,0,BEAR
2023-01-30,-0.0125470197277236,0.16120471324312993,0,BEAR
2023-01-31,0.0147033439789026,0.16593133782184463,0,BEAR
2023-02-01,0.0106277838828268,0.16561348924520217,0,BEAR
2023-02-02,0.0145569242649201,0.16946693167632965,0,BEAR
2023-02-03,-0.0106290761016528,0.1685292983903475,0,BEAR
2023-02-06,-0.0061113259591729,0.15691156585143823,0,BEAR
2023-02-07,0.0130786505364808,0.16049032327510734,0,BEAR
2023-02-08,-0.0109347295955242,0.167701643180647,0,BEAR
2023-02-09,-0.0086692189229807,0.16776776738338792,0,BEAR
2023-02-10,0.0023335733220701,0.16761016778544546,0,BEAR
2023-02-13,0.011739046913473,0.17141214256925288,0,BEAR
2023-02-14,-0.0004601793376708,0.17109305830881166,0,BEAR
2023-02-15,0.0032473582515966,0.15783275544153005,0,BEAR
2023-02-16,-0.0137687933526842,0.1648764135371377,0,BEAR
2023-02-17,-0.0024983851474151,0.15420754398293796,0,BEAR
2023-02-21,-0.0200608395097759,0.16664481419738464,0,BEAR
2023-02-22,-0.0013780311933186,0.16667093917468387,0,BEAR
2023-02-23,0.0053193091015979,0.16779984376015916,0,BEAR
2023-02-24,-0.0106823252658457,0.1667619011164495,0,BEAR
2023-02-27,0.0034057983550801,0.16709778916902704,0,BEAR
2023-02-28,-0.0036957230586378,0.16181081990785293,0,BEAR
2023-03-01,-0.0038361776986218,0.15178861916558667,0,BEAR
2023-03-02,0.0077771798562515,0.14910098738696115,0,BEAR
2023-03-03,0.0160378110616858,0.15130096066257148,0,BEAR
2023-03-06,0.0006929283527634,0.1475201317071521,0,BEAR
2023-03-07,-0.0153286850377193,0.15524558241311545,0,BEAR
2023-03-08,0.0016320439888226,0.14615298804360813,0,BEAR
2023-03-09,-0.0184498338662616,0.15447367224599132,0,BEAR
2023-03-10,-0.0144294696913678,0.15889770735956277,0,BEAR
2023-03-13,-0.001425177365643,0.15790053787096123,0,BEAR
2023-03-14,0.0165299979667756,0.16453125552415304,0,BEAR
2023-03-15,-0.0062543951079353,0.16483172230128193,0,BEAR
2023-03-16,0.0175452603730439,0.17905585892808845,0,BEAR
2023-03-17,-0.011692745520606,0.17741221966294726,0,BEAR
2023-03-20,0.0096155429083768,0.18214466047625202,0,BEAR
2023-03-21,0.0131306534233459,0.17509343848702674,0,BEAR
2023-03-22,-0.0170464577397548,0.1855196971503441,0,BEAR
2023-03-23,0.0027032346059197,0.18465090006804752,0,BEAR
2023-03-24,0.0065621348777815,0.18240436264647386,0,BEAR
2023-03-27,0.00186986497382,0.18212465960780153,0,BEAR
2023-03-28,-0.0022447073173981,0.1817964296744751,0,BEAR
2023-03-29,0.0145348827913267,0.18801696989950237,0,BEAR
2023-03-30,0.0058552738322568,0.18723220979500793,0,BEAR
2023-03-31,0.0140946341021643,0.18527798360156641,0,BEAR
2023-04-03,0.0038106572945422,0.1855632377576072,0,BEAR
2023-04-04,-0.005548255927648,0.1771709918358123,0,BEAR
2023-04-05,-0.0026183046838965,0.17778292638136856,0,BEAR
2023-04-06,0.003900949783312,0.16178919554645663,0,BEAR
2023-04-10,0.0010264209089358,0.14922296613950264,2,BULL
2023-04-11,0.0002685415261096,0.14864404954667254,2,BULL
2023-04-12,-0.0040760575904752,0.14217862212768917,2,BULL
2023-04-13,0.0132827834816229,0.14354606617696858,2,BULL
2023-04-14,-0.0024428058274564,0.13438486745717468,2,BULL
2023-04-17,0.0035882224167287,0.12389556523844877,2,BULL
2023-04-18,0.000652259402273,0.12162502531786165,2,BULL
2023-04-19,-0.0001688187300677,0.11529934304752693,2,BULL
2023-04-20,-0.0054571792797943,0.09571654540477678,2,BULL
2023-04-21,0.0007768433866992,0.09590094958476932,2,BULL
2023-04-24,0.0010432480284783,0.0947048601841891,2,BULL
2023-04-25,-0.0158738480336869,0.11422696221739805,2,BULL
2023-04-26,-0.0042357271819727,0.1152421205279685,2,BULL
2023-04-27,0.0199081924439048,0.12472577874145904,2,BULL
2023-04-28,0.0085352157500302,0.12635067111326886,2,BULL
2023-05-01,-0.0010097120628769,0.11748288163019366,2,BULL
2023-05-02,-0.0112392339927058,0.1242637761847575,2,BULL
2023-05-03,-0.0068641037251235,0.12512996373420698,2,BULL
2023-05-04,-0.0070830801585624,0.12732963232072267,2,BULL
2023-05-05,0.0185127200007306,0.14325133314017383,2,BULL
2023-05-08,0.0002666527476844,0.1432366770553918,2,BULL
2023-05-09,-0.0043853794631739,0.1442506447137487,2,BULL
2023-05-10,0.0046722976724942,0.1441644722727414,2,BULL
2023-05-11,-0.0017438484031614,0.13631814196026673,2,BULL
2023-05-12,-0.0013104779994785,0.13612216791182258,2,BULL
2023-05-15,0.0034501952736296,0.13607383188086658,2,BULL
2023-05-16,-0.0066828512283571,0.13802893746629027,2,BULL
2023-05-17,0.012138986511843,0.14508841525610539,2,BULL
2023-05-18,0.0096333049714836,0.1471972979131905,2,BULL
2023-05-19,-0.001455081378338,0.14744019346066137,2,BULL
2023-05-22,0.000406079389994,0.14744439364211948,2,BULL
2023-05-23,-0.0112228011759514,0.14127100197422088,2,BULL
2023-05-24,-0.0072447352780022,0.1431455396293005,2,BULL
2023-05-25,0.0086596352521011,0.12807224455812724,2,BULL
2023-05-26,0.0129509279297872,0.1327124533827171,2,BULL
2023-05-30,0.0003808564300018,0.13259126067682991,2,BULL
2023-05-31,-0.0055451546115196,0.12728684721883587,2,BULL
2023-06-01,0.0095011482758604,0.12734256888580603,2,BULL
2023-06-02,0.0144610939777294,0.13056757487989867,2,BULL
2023-06-05,-0.001916279402524,0.1173734676119205,2,BULL
2023-06-06,0.0021773550630466,0.11724893190968443,2,BULL
2023-06-07,-0.003457623551947,0.11663960238352318,2,BULL
2023-06-08,0.0060484610923932,0.11717563216366608,2,BULL
2023-06-09,0.0017943577703385,0.11636194886354406,2,BULL
2023-06-12,0.0090718083365028,0.11810357687881017,2,BULL
2023-06-13,0.0065931031124057,0.11890754462026606,2,BULL
2023-06-14,0.0011907955652949,0.11373873432794258,2,BULL
2023-06-15,0.0123976564866383,0.11401149559105886,2,BULL
2023-06-16,-0.0034063970036339,0.11368001757234729,2,BULL
2023-06-20,-0.0051880416847321,0.11617755546430439,2,BULL
2023-06-21,-0.0051238514560931,0.11904817984168009,2,BULL
2023-06-22,0.0036098990736579,0.10816759342621714,2,BULL
2023-06-23,-0.0075600966761474,0.1085629255959588,2,BULL
2023-06-26,-0.0040858186293371,0.10891494496283359,2,BULL
2023-06-27,0.0109634163762613,0.10651363929491335,2,BULL
2023-06-28,0.0005043897148131,0.10648816598161616,2,BULL
2023-06-29,0.0039413108950945,0.10271040451269575,2,BULL
2023-06-30,0.0118008883462488,0.10506443464427719,2,BULL
2023-07-03,0.0011503315511001,0.09547274783707499,2,BULL
2023-07-05,-0.0014871167550309,0.0952496461727944,2,BULL
2023-07-06,-0.0078306344516912,0.1014881006773769,2,BULL
2023-07-07,-0.0025248632377691,0.1009305975236143,2,BULL
2023-07-10,0.0025312543087185,0.09963516952703405,2,BULL
2023-07-11,0.0063683457974714,0.10117582186480575,2,BULL
2023-07-12,0.0080460244878077,0.10023842532541775,2,BULL
2023-07-13,0.0079368718197356,0.10123571120651303,2,BULL
2023-07-14,-0.0006228876699501,0.10155182175016321,2,BULL
2023-07-17,0.0034723067232793,0.09355873677333618,2,BULL
2023-07-18,0.0074304361539869,0.0945008404607581,2,BULL
2023-07-19,0.0022238937037639,0.09096653481833097,2,BULL
2023-07-20,-0.0066345184348171,0.09268563012276454,2,BULL
2023-07-21,0.0,0.0927199626020634,2,BULL
2023-07-24,0.0044672096277158,0.08625205655050357,2,BULL
2023-07-25,0.0027301342048895,0.08279664753694024,2,BULL
2023-07-26,0.0001539363070368,0.07723215687270125,2,BULL
2023-07-27,-0.006630209552889,0.08320959673077545,2,BULL
2023-07-28,0.0097904606742691,0.08765328353953714,2,BULL
2023-07-31,0.0019039373968778,0.07984593934918467,2,BULL
2023-08-01,-0.0028615949590776,0.0814159659589862,2,BULL
2023-08-02,-0.0139107129988494,0.09763401340946337,2,BULL
2023-08-03,-0.0028659807829065,0.09330648843910877,2,BULL
2023-08-04,-0.0045227061626084,0.09458252583161712,2,BULL
2023-08-07,0.008728613141826,0.09843618212428197,2,BULL
2023-08-08,-0.004348808487297,0.09841088039890901,2,BULL
2023-08-09,-0.0066851508663319,0.09776471341744272,2,BULL
2023-08-10,0.0003589579192881,0.0931858779665255,2,BULL
2023-08-11,-0.0005831149773138,0.09318467298155012,2,BULL
2023-08-14,0.0055199867697361,0.09458308028158005,2,BULL
2023-08-15,-0.0116487811820522,0.09811668190116167,2,BULL
2023-08-16,-0.0073381408591792,0.09949948929550867,2,BULL
2023-08-17,-0.0076198717701084,0.10020412855828596,2,BULL
2023-08-18,0.0004811400607238,0.10033120231744133,2,BULL
2023-08-21,0.0065063435622556,0.10224828816119266,2,BULL
2023-08-22,-0.0027085849218041,0.10097841713739454,2,BULL
2023-08-23,0.0111377612060086,0.11099224817804507,2,BULL
2023-08-24,-0.013859137812014,0.11826832343530148,2,BULL
2023-08-25,0.0070498913836825,0.11508604306172089,2,BULL
2023-08-28,0.0063412993232361,0.11805220462446028,2,BULL
2023-08-29,0.0144547818104583,0.13097346929110149,2,BULL
2023-08-30,0.0041188445151454,0.12234338439020964,2,BULL
2023-08-31,-0.0014633101101698,0.12198923838298327,2,BULL
2023-09-01,0.0018651048585363,0.12081367723473503,2,BULL
2023-09-05,-0.0043219042804981,0.11789255897623217,2,BULL
2023-09-06,-0.0067223271784595,0.11930971739645894,2,BULL
2023-09-07,-0.003070383534197,0.1174008536222933,2,BULL
2023-09-08,0.0015060977017755,0.1175276495968643,2,BULL
2023-09-11,0.0065766781088469,0.11979680828955383,2,BULL
2023-09-12,-0.005485591329067,0.11985520407006081,2,BULL
2023-09-13,0.0011659501027332,0.11200916213640798,2,BULL
2023-09-14,0.008622414325409,0.11165403447068252,2,BULL
2023-09-15,-0.0120483655768179,0.11727400465635097,2,BULL
2023-09-18,0.0005864479602679,0.1172683333627665,2,BULL
2023-09-19,-0.0020739780899923,0.11588398739798124,2,BULL
2023-09-20,-0.0091931796848175,0.12052062946126196,2,BULL
2023-09-21,-0.0165283902326727,0.12722423628149632,2,BULL
2023-09-22,-0.0022484067689628,0.1181621431914704,2,BULL
2023-09-25,0.0042051561802081,0.11615190140506483,2,BULL
2023-09-26,-0.014691319424871,0.1230637111578792,2,BULL
2023-09-27,0.0003990834866729,0.10768853802977256,2,BULL
2023-09-28,0.0057974096968596,0.10919874500071255,2,BULL
2023-09-29,-0.0024268636313811,0.10914780744533921,2,BULL
2023-10-02,-0.0003977366836253,0.10826583060977986,2,BULL
2023-10-03,-0.0133859500099933,0.11484998964183199,2,BULL
2023-10-04,0.0072818478717688,0.1194484328203626,2,BULL
2023-10-05,-0.0003767175399242,0.11959178169291115,2,BULL
2023-10-06,0.0118728127632514,0.12906502638222844,2,BULL
2023-10-09,0.0064021260596471,0.12891944914672487,2,BULL
2023-10-10,0.0052048541062521,0.13025272978707955,2,BULL
2023-10-11,0.0040962805858988,0.1313371700108951,2,BULL
2023-10-12,-0.0060963981625313,0.12745057692053813,2,BULL
2023-10-13,-0.0049808280981493,0.1221859372673124,2,BULL
2023-10-16,0.0105214702989238,0.12914152108115232,2,BULL
2023-10-17,-4.586971646758364e-05,0.12908325074594956,2,BULL
2023-10-18,-0.0133251517784763,0.13343640625652334,2,BULL
2023-10-19,-0.0087864954160794,0.12392897848393374,2,BULL
2023-10-20,-0.0122878180717855,0.1306939183191795,2,BULL
2023-10-23,-0.0017333855863754,0.12921789619699817,2,BULL
2023-10-24,0.0075393405356554,0.12270147078472103,2,BULL
2023-10-25,-0.014352073589537,0.13247153642843537,2,BULL
2023-10-26,-0.0119745552075489,0.13541099076550872,2,BULL
2023-10-27,-0.0045329034693554,0.13573337042823022,2,BULL
2023-10-30,0.0119559016175105,0.14443333049466128,2,BULL
2023-10-31,0.0062801364082225,0.1394826555299105,2,BULL
2023-11-01,0.010664703954101,0.14242878078097992,2,BULL
2023-11-02,0.0191644395579089,0.15812834564741235,2,BULL
2023-11-03,0.009123406826067,0.15585491466461895,2,BULL
2023-11-06,0.0023005365005119,0.15451863089545903,2,BULL
2023-11-07,0.0028459908254612,0.15377831100124023,2,BULL
2023-11-08,0.0007324205767065,0.15314463915394275,2,BULL
2023-11-09,-0.0077987495632174,0.15418136610346464,2,BULL
2023-11-10,0.0156047318498517,0.16234447591120627,2,BULL
2023-11-13,-0.00095305943552,0.1585731543998089,2,BULL
2023-11-14,0.0194005718818639,0.17209839476679678,2,BULL
2023-11-15,0.0021170204667002,0.16294916018724484,2,BULL
2023-11-16,0.0012231901718575,0.157735037028664,2,BULL
2023-11-17,0.0012437334739281,0.14759400504773335,2,BULL
2023-11-20,0.0076976822116221,0.14700279375608818,2,BULL
2023-11-21,-0.0021793774901617,0.1478693604064966,2,BULL
2023-11-22,0.0038609289726503,0.1321168766937408,2,BULL
2023-11-24,0.0006151822706057,0.11833840381657774,2,BULL
2023-11-27,-0.0018009655492496,0.11579931083707715,2,BULL
2023-11-28,0.0009900901174759,0.1137180163263224,2,BULL
2023-11-29,-0.0007033722874079,0.11500872903831771,2,BULL
2023-11-30,0.0039374717686402,0.1124497285103717,2,BULL
2023-12-01,0.0059159625385665,0.09737520042259527,2,BULL
2023-12-04,-0.0052493639367726,0.09914515215778646,2,BULL
2023-12-05,-0.0001971147542696,0.09960380506724474,2,BULL
2023-12-06,-0.0040297869063042,0.10212198230733217,2,BULL
2023-12-07,0.0076303432097484,0.10388733587104271,2,BULL
2023-12-08,0.0042991332252331,0.09682264273510965,2,BULL
2023-12-11,0.0038895753063821,0.08472248025802702,2,BULL
2023-12-12,0.0045671966132605,0.08410115918331451,2,BULL
2023-12-13,0.013790100022184,0.07055785684808447,2,BULL
2023-12-14,0.0032094176373822,0.07061020583933206,2,BULL
2023-12-15,-0.0016464062244931,0.07198498335024638,2,BULL
2023-12-18,0.0056250029984024,0.0728139443368057,2,BULL
2023-12-19,0.0060807377906195,0.0715007130417013,2,BULL
2023-12-20,-0.0138571151497429,0.09087638150715643,2,BULL
2023-12-21,0.0094819102409438,0.0946414319301986,2,BULL
2023-12-22,0.0020096910799565,0.09447520611613944,2,BULL
2023-12-26,0.0042225296567428,0.09350884712021906,2,BULL
2023-12-27,0.0018080762052081,0.09337885085468871,2,BULL
2023-12-28,0.0003777500247743,0.0929588397798025,2,BULL
2023-12-29,-0.0028950992780718,0.09479417145669519,2,BULL
2024-01-02,-0.0055962100674278,0.09765662313692879,2,BULL
2024-01-03,-0.0081666479976355,0.10089582865266199,2,BULL
2024-01-04,-0.0032211917702446,0.10214574476005057,2,BULL
2024-01-05,0.0013697230244302,0.10013198235557064,2,BULL
2024-01-08,0.014275972097395,0.10787638112231251,2,BULL
2024-01-09,-0.0015170809317607,0.10819396852770821,2,BULL
2024-01-10,0.0056553308841724,0.10884956401301397,2,BULL
2024-01-11,-0.0004407058958784,0.10859923923829504,2,BULL
2024-01-12,0.000692861933375,0.09846396660386363,2,BULL
2024-01-16,-0.0036712526764698,0.09932431802970236,2,BULL
2024-01-17,-0.0055587435755362,0.10140998414776789,2,BULL
2024-01-18,0.0088928137351314,0.10429378851236809,2,BULL
2024-01-19,0.0124662096066607,0.11107075223538655,2,BULL
2024-01-22,0.0021142944115264,0.09661344045136293,2,BULL
2024-01-23,0.0029165860528723,0.09223453771969145,2,BULL
2024-01-24,0.0010931593084426,0.09219662641690052,2,BULL
2024-01-25,0.0054388894511894,0.09281736536615415,2,BULL
2024-01-26,-0.001270539333951,0.09323698111876227,2,BULL
2024-01-29,0.0079194705194223,0.09620675100698466,2,BULL
2024-01-30,-0.0007735408789173,0.09520350441061709,2,BULL
2024-01-31,-0.0163173259308453,0.1121041060061194,2,BULL
2024-02-01,0.0130882889604071,0.11418341790128173,2,BULL
2024-02-02,0.0105273251281612,0.11600807046102937,2,BULL
2024-02-05,-0.0036411154101816,0.11819620778155579,2,BULL
2024-02-06,0.0029032712530114,0.10989086353706908,2,BULL
2024-02-07,0.0083404041101686,0.11123809160909875,2,BULL
2024-02-08,0.0004416126987571,0.11082702873820671,2,BULL
2024-02-09,0.0057794726055533,0.11101726763537395,2,BULL
2024-02-12,-0.0004390060493735,0.1113432028199423,2,BULL
2024-02-13,-0.013772966648477,0.12385508019068056,2,BULL
2024-02-14,0.0090875407308894,0.12289590975447737,2,BULL
2024-02-15,0.0068998254533083,0.12177093112775153,2,BULL
2024-02-16,-0.0049799364804719,0.11881012936833867,2,BULL
2024-02-20,-0.0055054528330271,0.12156221468981414,2,BULL
2024-02-21,0.0009058784143716,0.12143607109519482,2,BULL
2024-02-22,0.020695462329564,0.13959893843147322,2,BULL
2024-02-23,0.0006896478630404,0.139184725116801,2,BULL
2024-02-26,-0.0036626148015451,0.14019217304158152,2,BULL
2024-02-27,0.0018578165871501,0.13838504926251377,2,BULL
2024-02-28,-0.001321686942609,0.13852368125978748,2,BULL
2024-02-29,0.0035950516523062,0.12137530172730018,2,BULL
2024-03-01,0.0093881875303554,0.11778171556995982,2,BULL
2024-03-04,-0.0010723399584747,0.11429738212376096,2,BULL
2024-03-05,-0.0099941619078035,0.12037852093494139,2,BULL
2024-03-06,0.005067226674692,0.12095871727999923,2,BULL
2024-03-07,0.0099264925335822,0.12225505498426643,2,BULL
2024-03-08,-0.0060023102443348,0.12522406061882416,2,BULL
2024-03-11,-0.000859778546371,0.12432869559114658,2,BULL
2024-03-12,0.0107572445722476,0.12884977654448132,2,BULL
2024-03-13,-0.0015674732389481,0.11621941767154739,2,BULL
2024-03-14,-0.001976675663549,0.11413396436442316,2,BULL
2024-03-15,-0.0068667236904791,0.11616567322306055,2,BULL
2024-03-18,0.0059431694245692,0.11523261466892638,2,BULL
2024-03-19,0.0055573166858398,0.11298171384820743,2,BULL
2024-03-20,0.0092492915757786,0.11570699088909642,2,BULL
2024-03-21,0.0033045722363582,0.09376172437608059,2,BULL
2024-03-22,-0.0018958212889339,0.09454080720370812,2,BULL
2024-03-25,-0.0027627035676313,0.09394473857856617,2,BULL
2024-03-26,-0.0018470447793349,0.09468369392969178,2,BULL
2024-03-27,0.0084039066965415,0.0973263858345711,2,BULL
2024-03-28,-0.0001911612929368,0.09733710229471491,2,BULL
2024-04-01,-0.0017398526870687,0.09351005670023076,2,BULL
2024-04-02,-0.0063580795307727,0.0969369653891365,2,BULL
2024-04-03,0.0010985566264991,0.088141052759212,2,BULL
2024-04-04,-0.0122061481192939,0.09914924581482912,2,BULL
2024-04-05,0.0104467444739875,0.09982031492046707,2,BULL
2024-04-08,0.0005594244284525,0.0968017744030873,2,BULL
2024-04-09,0.0011568075884846,0.09659312608873123,2,BULL
2024-04-10,-0.0100131209102959,0.09676963449421869,2,BULL
2024-04-11,0.0075469899570943,0.10026328304700459,2,BULL
2024-04-12,-0.0138031848355447,0.11203291523080454,2,BULL
2024-04-15,-0.0125280933297824,0.11812393284060843,2,BULL
2024-04-16,-0.0018237875514618,0.1156939074315274,2,BULL
2024-04-17,-0.0059182807948413,0.11437253840889561,2,BULL
2024-04-18,-0.0020576654546632,0.10713580430507816,2,BULL
2024-04-19,-0.0087284408646508,0.10769995993803426,2,BULL
2024-04-22,0.0092091841135451,0.11562999696189072,2,BULL
2024-04-23,0.0118666675566958,0.1257025949075984,2,BULL
2024-04-24,-0.0004746094136539,0.12572448676403408,2,BULL
2024-04-25,-0.0037989249291648,0.12061923539467852,2,BULL
2024-04-26,0.009473840439663,0.12712586618801539,2,BULL
2024-04-29,0.0035414757424736,0.12831782156871005,2,BULL
2024-04-30,-0.0158412225184463,0.13751752692503372,2,BULL
2024-05-01,-0.0032471260745061,0.13724522352629595,2,BULL
2024-05-02,0.0093533527156923,0.13696698147450445,2,BULL
2024-05-03,0.0123954274889437,0.1392364273149755,2,BULL
2024-05-06,0.0103268380904149,0.14458183610680608,2,BULL
2024-05-07,0.001103263362622,0.14457545267307362,2,BULL
2024-05-08,9.681572711817132e-05,0.13982285005198558,2,BULL
2024-05-09,0.0057619070007992,0.13874098908959012,2,BULL
2024-05-10,0.0012880715120617,0.12843211382197872,2,BULL
2024-05-13,0.0001342558982064,0.11819966953632968,2,BULL
2024-05-14,0.0045882661613305,0.11790350389263285,2,BULL
2024-05-15,0.0123830783262768,0.11958221901110298,2,BULL
2024-05-16,-0.0020575896789805,0.11958217760773,2,BULL
2024-05-17,0.0014373739880122,0.1116902774887791,2,BULL
2024-05-20,0.0011523233712613,0.10975508217043038,2,BULL
2024-05-21,0.0024525588658239,0.10460502282220761,2,BULL
2024-05-22,-0.0028795465946193,0.1058540013222337,2,BULL
2024-05-23,-0.0073040322395584,0.10924592196452079,2,BULL
2024-05-24,0.0066162705344796,0.10717649133487084,2,BULL
2024-05-28,0.0006988263391816,0.10713211246469864,2,BULL
2024-05-29,-0.007002448067707,0.09108600172343867,2,BULL
2024-05-30,-0.0066337102556919,0.09457968341697884,2,BULL
2024-05-31,0.0091080261870963,0.09433713354177066,2,BULL
2024-06-03,0.0008154236490591,0.08632613476154888,2,BULL
2024-06-04,0.0011177689228343,0.07993749984457649,2,BULL
2024-06-05,0.0118853662718407,0.088561810446307,2,BULL
2024-06-06,-1.889155106860052e-05,0.08859024361635208,2,BULL
2024-06-07,-0.0012154960292007,0.08778170617597894,2,BULL
2024-06-10,0.0030894334952735,0.08800336205893737,2,BULL
2024-06-11,0.0024082958984357,0.08793343963767326,2,BULL
2024-06-12,0.0082133558883614,0.09050831472003099,2,BULL
2024-06-13,0.0020135768729012,0.08131245885850676,2,BULL
2024-06-14,0.0006082729255789,0.08044416947771225,2,BULL
2024-06-17,0.0079589134661577,0.08382150984316827,2,BULL
2024-06-18,0.0025406231313291,0.08385611232372148,2,BULL
2024-06-20,-0.002716521433885,0.08525587093804513,2,BULL
2024-06-21,-0.001340702141738,0.08438631322064917,2,BULL
2024-06-24,-0.0032505624480881,0.07985552946968189,2,BULL
2024-06-25,0.0038507809774992,0.07820426031982146,2,BULL
2024-06-26,0.0012481745646617,0.07814398104716928,2,BULL
2024-06-27,0.0015765589226079,0.07119301675493547,2,BULL
2024-06-28,-0.003935306992848,0.06736242672181182,2,BULL
2024-07-01,0.0020581080343411,0.06222277442324211,2,BULL
2024-07-02,0.0067296453585163,0.06442684147747964,2,BULL
2024-07-03,0.0044627038991094,0.06481510537373282,2,BULL
2024-07-05,0.0057665432972542,0.05584167336559688,2,BULL
2024-07-08,0.00115393489221,0.055432309192142454,2,BULL
2024-07-09,0.0009725173469941,0.0542484432646458,2,BULL
2024-07-10,0.0098951900397552,0.06076525293010693,2,BULL
2024-07-11,-0.0086226014974541,0.07249523169617392,2,BULL
2024-07-12,0.0063074529264053,0.07060550209232633,2,BULL
2024-07-15,0.0027501773520342,0.07067459727302608,2,BULL
2024-07-16,0.0059300896015852,0.0718978694332612,2,BULL
2024-07-17,-0.0140210571670033,0.08876664982256696,2,BULL
2024-07-18,-0.0076849735539245,0.09379502590390854,2,BULL
2024-07-19,-0.006640511709623,0.09660333449926799,2,BULL
2024-07-22,0.0103098070412122,0.10255129630701311,2,BULL
2024-07-23,-0.00156850757703,0.10181018468874442,2,BULL
2024-07-24,-0.0226625960716281,0.13128816754441097,2,BULL
2024-07-25,-0.0052103261236523,0.132276757467986,2,BULL
2024-07-26,0.0111997988711203,0.13865468739576778,2,BULL
2024-07-29,0.0005876627131091,0.13794053400082307,2,BULL
2024-07-30,-0.0050664696772205,0.1389042477654114,2,BULL
2024-07-31,0.0162546930545659,0.14901762064386045,2,BULL
2024-08-01,-0.0141609350100833,0.15643974042564673,0,BEAR
2024-08-02,-0.0186184963966379,0.16663247389485228,0,BEAR
2024-08-05,-0.0291235142188778,0.19190724459090722,0,BEAR
2024-08-06,0.0092195204455929,0.1966080477416342,0,BEAR
2024-08-07,-0.0066841215319495,0.19085761075844995,0,BEAR
2024-08-08,0.0231174437078307,0.21242229603463111,0,BEAR
2024-08-09,0.0044095718042258,0.21150857312208757,0,BEAR
2024-08-12,0.0005254262704272,0.21093909236578523,0,BEAR
2024-08-13,0.0164455037061208,0.21963244721473013,0,BEAR
2024-08-14,0.0031548439610622,0.21555579071868441,0,BEAR
2024-08-15,0.0171401975808958,0.22338232323099225,0,BEAR
2024-08-16,0.0022422784443707,0.2220319585278195,0,BEAR
2024-08-19,0.0095611159086428,0.22161211982401344,0,BEAR
2024-08-20,-0.0016260166213304,0.2216194644976027,0,BEAR
2024-08-21,0.0034366485968408,0.2040530750864287,0,BEAR
2024-08-22,-0.0078484858764502,0.20547203064574718,0,BEAR
2024-08-23,0.0106251974235025,0.20512982717521341,0,BEAR
2024-08-26,-0.0023837003542713,0.20561020738312716,0,BEAR
2024-08-27,0.0013731268980929,0.20413495930757497,0,BEAR
2024-08-28,-0.0058053756527934,0.19843226886618,0,BEAR
2024-08-29,8.950103839011625e-05,0.19051928820969483,0,BEAR
2024-08-30,0.0095460343679945,0.17688943178552674,0,BEAR
2024-09-03,-0.0205789584463699,0.15798135666555002,0,BEAR
2024-09-04,-0.0020468181220516,0.1574412761230973,0,BEAR
2024-09-05,-0.0024321834692743,0.15476828304455778,0,BEAR
2024-09-06,-0.0168302309326832,0.15062167730417375,0,BEAR
2024-09-09,0.0111964168521676,0.15456425599414558,2,BULL
2024-09-10,0.0043554097130005,0.15491073966616897,2,BULL
2024-09-11,0.0102590939621751,0.14840417892203314,2,BULL
2024-09-12,0.0084232122435152,0.1505015236440268,2,BULL
2024-09-13,0.0052228545016383,0.13955416849945648,2,BULL
2024-09-16,0.0014767499248853,0.13947850441520002,2,BULL
2024-09-17,0.0004086709801092,0.13558339185862384,2,BULL
2024-09-18,-0.0029657106060716,0.13592441150951579,2,BULL
2024-09-19,0.0170642876018056,0.14818212997600413,2,BULL
2024-09-20,-0.0017286083761041,0.14491484796209414,2,BULL
2024-09-23,0.0024989974134466,0.14076347002553286,2,BULL
2024-09-24,0.0028611525291442,0.14039257244911033,2,BULL
2024-09-25,-0.0022054111364639,0.1408805957048244,2,BULL
2024-09-26,0.003964492822305,0.13893083339681364,2,BULL
2024-09-27,-0.0014502023570903,0.13923488671685405,2,BULL
2024-09-30,0.0040072655540939,0.13626810807833417,2,BULL
2024-10-01,-0.0089584390500125,0.11660028339693532,2,BULL
2024-10-02,0.0004220218475032,0.1158875630209805,2,BULL
2024-10-03,-0.0018282077257869,0.11561594727475928,2,BULL
2024-10-04,0.00908729032037,0.09495164398855227,2,BULL
2024-10-07,-0.009040383052196,0.09915965631112368,2,BULL
2024-10-08,0.0094575358071762,0.1023070587754866,2,BULL
2024-10-09,0.0069265148393351,0.09953590105144411,2,BULL
2024-10-10,-0.0017500184384802,0.09760758083653065,2,BULL
2024-10-11,0.0059881971828017,0.09801365935569478,2,BULL
2024-10-14,0.0081783048124473,0.1006517161131058,2,BULL
2024-10-15,-0.0077696741684551,0.10643739966182575,2,BULL
2024-10-16,0.0043465218367517,0.10540240007478446,2,BULL
2024-10-17,8.576257238335216e-05,0.08921247467102676,2,BULL
2024-10-18,0.0038465364627249,0.0890174227722827,2,BULL
2024-10-21,-0.0016421837079351,0.08957192084471079,2,BULL
2024-10-22,-0.0005311320001563,0.08956013422549558,2,BULL
2024-10-23,-0.009137605912411,0.09605403291597711,2,BULL
2024-10-24,0.0021628401212416,0.09545546764112516,2,BULL
2024-10-25,-0.000345290459554,0.09521791490002485,2,BULL
2024-10-28,0.003091459851523,0.09484764355669573,2,BULL
2024-10-29,0.0016183584206801,0.08783845539926803,2,BULL
2024-10-30,-0.0030252990446227,0.08906551267013647,2,BULL
2024-10-31,-0.019603082080602,0.11506728632801022,2,BULL
2024-11-01,0.0042205057916728,0.11125790580418737,2,BULL
2024-11-04,-0.0021538996042558,0.10654161238671928,2,BULL
2024-11-05,0.012091723159443,0.10993426833627354,2,BULL
2024-11-06,0.024865656308564,0.13885039604284055,2,BULL
2024-11-07,0.0077320727808856,0.14022672327784957,2,BULL
2024-11-08,0.0043318036108939,0.13967724342116453,2,BULL
2024-11-11,0.000952820323298,0.13751435127184639,2,BULL
2024-11-12,-0.0031064722137856,0.13441586547747475,2,BULL
2024-11-13,0.0004858997215497,0.13402572538024068,2,BULL
2024-11-14,-0.0064302459880087,0.13677438274116974,2,BULL
2024-11-15,-0.0128085991584083,0.14467922728434224,2,BULL
2024-11-18,0.0040973293155845,0.14517591900132507,2,BULL
2024-11-19,0.0036556405751346,0.1455701785407824,2,BULL
2024-11-20,0.0003387160175309,0.14094559917466684,2,BULL
2024-11-21,0.0053684102064324,0.14172078134016086,2,BULL
2024-11-22,0.0030993957655054,0.14172789282121392,2,BULL
2024-11-25,0.0033920694120488,0.14177832773222115,2,BULL
2024-11-26,0.0052215693244312,0.14240851956210324,2,BULL
2024-11-27,-0.003030265519589,0.14241067686257122,2,BULL
2024-11-29,0.0062122186601638,0.11888472945543557,2,BULL
2024-12-02,0.0017923129824746,0.11884671741496959,2,BULL
2024-12-03,0.0004638537904932,0.11775616466513993,2,BULL
2024-12-04,0.0062094142977813,0.11346328826990035,2,BULL
2024-12-05,-0.0016454011206917,0.07811018412890632,2,BULL
2024-12-06,0.0018954779588769,0.0744121603244778,2,BULL
2024-12-09,-0.0051495669056838,0.07640767462462933,2,BULL
2024-12-10,-0.0031091557222534,0.07747711447833874,2,BULL
2024-12-11,0.0077306802887644,0.08055771990037978,2,BULL
2024-12-12,-0.0051525334938646,0.08336958635179793,2,BULL
2024-12-13,-0.0001986960087426,0.07922387942640279,2,BULL
2024-12-16,0.0042700444181014,0.06109390058554528,2,BULL
2024-12-17,-0.0041199616676511,0.06384855167401855,2,BULL
2024-12-18,-0.0298035045202235,0.12707080911866647,2,BULL
2024-12-19,-0.0003072199867367,0.12704770596011294,2,BULL
2024-12-20,0.012011161845062,0.13305454236338815,2,BULL
2024-12-23,0.0059883091858694,0.13433918970789815,2,BULL
2024-12-24,0.0111148008496506,0.13952066935046542,2,BULL
2024-12-26,6.67532679061722e-05,0.1384120562830428,2,BULL
2024-12-27,-0.0105266984466318,0.1432502588134344,2,BULL
2024-12-30,-0.0114115605098318,0.14655107810097343,2,BULL
