date,return,market_regime,n_positions,cumulative
2021-01-04,-0.013251012104952607,BULL,82,0.9867489878950474
2021-01-05,0.01893453014828592,BULL,82,1.0054326163551368
2021-01-06,0.014760911565998612,BULL,82,1.0202737182907256
2021-01-07,0.022362043538055324,BULL,82,1.0430891235998765
2021-01-08,0.008549345776578399,BULL,82,1.05200685319332
2021-01-11,0.00011750476312676246,BULL,80,1.0521304690094122
2021-01-12,0.016965193667271825,BULL,80,1.0699800661793946
2021-01-13,-0.0003773559265554643,BULL,80,1.0695763028601255
2021-01-14,-0.0007405274954500429,BULL,80,1.0687842521993758
2021-01-15,-0.014030207811849103,BULL,80,1.0537889870349868
2021-01-19,0.009731620977181707,BULL,78,1.0640440620467395
2021-01-20,-0.0020079236672160957,BULL,78,1.0619075427915952
2021-01-21,0.0037049328296314705,BULL,78,1.065841838908917
2021-01-22,0.002414133534580669,BULL,78,1.0684149234347862
2021-01-25,-0.00391568786173422,BULL,78,1.0642313440877968
2021-01-26,-0.007661459245205006,BULL,78,1.0560777790175984
2021-01-27,-0.018880648420994767,BEAR,78,1.0361383457667421
2021-01-28,0.016604206523280318,BEAR,78,1.0533426008465432
2021-01-29,-0.016541340503764355,BEAR,78,1.0359189022188198
2021-02-01,0.008521766109119318,BEAR,78,1.0447467608115442
2021-02-02,0.009911714120203407,BEAR,62,1.0551019920327167
2021-02-03,0.004437359909369033,BEAR,62,1.059783859312458
2021-02-04,0.006425947196198906,BEAR,62,1.0665939744317838
2021-02-05,0.0072437272352187075,BEAR,62,1.0743200902532954
2021-02-08,0.008715186132434494,BEAR,62,1.0836829898056666
2021-02-09,0.0018886820551798664,BEAR,60,1.0857297224220162
2021-02-10,0.0038540094991729753,BEAR,60,1.089914135085765
2021-02-11,-0.000942386318522345,BEAR,60,1.088887014916496
2021-02-12,0.005460617993046849,BEAR,60,1.094833010942544
2021-02-16,-0.001602419324831582,BEAR,60,1.093078629368346
2021-02-17,0.004063245734066025,BEAR,67,1.097520076446126
2021-02-18,-0.004787963724123845,BEAR,67,1.0922651901336042
2021-02-19,-6.401478355375148e-05,BEAR,67,1.0921952690138745
2021-02-22,-0.0023524990950984656,BEAR,67,1.0896258806318486
2021-02-23,-0.0026203419478978583,BEAR,67,1.0867706882293138
2021-02-24,0.007552659951947291,BEAR,69,1.0949786976832536
2021-02-25,-0.016113347880023884,BEAR,69,1.0773349250062678
2021-02-26,-0.004620667226686437,BEAR,69,1.0723569188261266
2021-03-01,0.015902014743871047,BEAR,69,1.0894095543599918
2021-03-02,-0.003264375578150402,BEAR,69,1.0858533124161354
2021-03-03,-0.006439208842180491,BEAR,66,1.0788612761655143
2021-03-04,-0.01063356043661608,BEAR,66,1.0673891395826836
2021-03-05,0.010206124705529458,BEAR,66,1.0782830462505921
2021-03-08,0.0022285664425201034,BEAR,66,1.0806860716630045
2021-03-09,0.009644886569989892,BEAR,66,1.091109166241962
2021-03-10,0.006788308808742859,BEAR,56,1.0985159522064625
2021-03-11,0.006843612911955161,BEAR,56,1.1060337701609713
2021-03-12,0.0037956960515522853,BEAR,56,1.1102319381752548
2021-03-15,0.005711248410161294,BEAR,56,1.1165727485670687
2021-03-16,-0.002577919067926707,BEAR,56,1.1136943143878102
2021-03-17,-0.003583194073438666,BEAR,58,1.1097037315208735
2021-03-18,-0.004072035327166007,BEAR,58,1.1051849787234325
2021-03-19,0.0007832142249247787,BEAR,58,1.1060505753199419
2021-03-22,0.004602681230767336,BEAR,58,1.1111413735432465
2021-03-23,-0.004450000518565883,BEAR,58,1.106196793854779
2021-03-24,-0.0031133748505253736,BEAR,50,1.1027527885770598
2021-03-25,0.004087294255183862,BEAR,50,1.107260063714699
2021-03-26,0.010976595219194116,BEAR,50,1.1194140092364742
2021-03-29,0.0019549745217323743,BULL,50,1.1216024351038019
2021-03-30,-0.004237448288608374,BULL,50,1.1168497027846722
2021-03-31,0.01405085907814661,BULL,71,1.1325424005699696
2021-04-01,0.01904639647195906,BULL,71,1.1541132521525297
2021-04-05,-0.0038884412287777045,BULL,71,1.1496255506001811
2021-04-06,0.009178096865258518,BULL,71,1.160176925262366
2021-04-07,-0.009274730953961322,BULL,71,1.1494165964215632
2021-04-08,0.01074794126011944,BULL,54,1.1617704584833086
2021-04-09,0.0020986183547275403,BULL,54,1.164208571291462
2021-04-12,-0.006221173751211091,BULL,54,1.1569658274868087
2021-04-13,0.008044119506059003,BULL,54,1.1662725988675389
2021-04-14,-0.0009607957821283863,BULL,54,1.165152049073735
2021-04-15,0.0006264977822683002,BULL,57,1.1658820142484851
2021-04-16,-0.0015200826418947876,BULL,57,1.1641097772361289
2021-04-19,-0.018838034319213135,BULL,57,1.142180237301223
2021-04-20,-0.009785210367488948,BULL,57,1.131003763401642
2021-04-21,0.02086139312769942,BULL,57,1.1545980775388713
2021-04-22,-0.001865152077159995,BULL,77,1.1524445765362648
2021-04-23,0.018788350961749467,BULL,77,1.1740971097041928
2021-04-26,0.009127775666169242,BULL,77,1.1848140047318703
2021-04-27,0.0029834517975647983,BULL,77,1.1883488402040676
2021-04-28,-0.004400970663225617,BULL,77,1.1831189518206513
2021-04-29,-0.004596131410220021,BULL,70,1.177681181644162
2021-04-30,-0.0061765975215508084,BULL,70,1.1704071189764416
2021-05-03,-0.0006002796381651273,BULL,70,1.1697045474145564
2021-05-04,-0.012975136032814435,BULL,70,1.154527471793651
2021-05-05,-0.0013795116051808852,BULL,70,1.1529347877478113
2021-05-06,-0.008039131586617754,BULL,74,1.1436661932783174
2021-05-07,0.013810639541484655,BULL,74,1.1594609548294663
2021-05-10,-0.013823072822876576,BULL,74,1.1434336416155766
2021-05-11,-0.003124280845572104,BULL,74,1.1398612337908942
2021-05-12,-0.023133807076863366,BULL,74,1.1134919039139801
2021-05-13,0.006510458920769583,BULL,73,1.1207412472130216
2021-05-14,0.022699496242822175,BULL,73,1.1461815089433094
2021-05-17,0.004478618043944135,BULL,73,1.151314818130898
2021-05-18,-0.0029790807700329014,BULL,73,1.1478849582959503
2021-05-19,-0.004572882369856301,BULL,73,1.1426358154075356
2021-05-20,0.011258155443557379,BULL,70,1.1554997870327695
2021-05-21,0.005015283065323813,BULL,70,1.1612949455466601
2021-05-24,0.008068672496934135,BULL,70,1.170665054134621
2021-05-25,-0.0065468121590801474,BULL,70,1.1630009299240023
2021-05-26,0.006900561706450771,BULL,70,1.1710262896056025
2021-05-27,0.013342052365159144,BULL,69,1.1866501836824983
2021-05-28,-0.0030249549194928194,BULL,69,1.183060620371651
2021-06-01,0.007875616428352952,BULL,69,1.1923779520291873
2021-06-02,-0.0002942899063020324,BULL,69,1.192027047233408
2021-06-03,-0.004941199397300276,BULL,69,1.1861370039060526
2021-06-04,0.00855852664715637,BULL,71,1.1962885890611608
2021-06-07,0.002562588412450002,BULL,71,1.1993541843374351
2021-06-08,0.001988198113092164,BULL,71,1.2017387380636642
2021-06-09,-0.006976891229981768,BULL,71,1.1933543376013385
2021-06-10,-0.004488005136779037,BULL,71,1.187998557204186
2021-06-11,0.002047770888265257,BULL,73,1.19043130606493
2021-06-14,-0.006233898273147396,BULL,73,1.1830102784017513
2021-06-15,-0.004482174422128202,BULL,73,1.1777078199907842
2021-06-16,-0.0011405633095902634,BULL,73,1.1763645696618852
2021-06-17,-0.005048314745597137,BULL,73,1.1704259110586632
2021-06-18,-0.005423995002982547,BULL,76,1.1640775267657197
2021-06-21,0.00797305528314729,BULL,76,1.173358781240492
2021-06-22,0.007150712387087982,BULL,76,1.1817491324120069
2021-06-23,0.006347221817298943,BULL,76,1.1892499562878263
2021-06-24,0.007280889988187327,BULL,76,1.1979087543880145
2021-06-25,0.0034077870625563254,BULL,70,1.201990972343341
2021-06-28,-0.0004649996696587189,BULL,70,1.2014320469382687
2021-06-29,0.00046752979578648885,BULL,70,1.2019937522178252
2021-06-30,0.0045546376870703505,BULL,70,1.2074683982612997
2021-07-01,0.001085971344690355,BULL,70,1.2087796743414307
2021-07-02,0.0008300478862999067,BULL,73,1.2097830193551202
2021-07-06,-0.007833172774671349,BULL,73,1.200306579944648
2021-07-07,-0.007923922312361475,BULL,73,1.1907954438541501
2021-07-08,-0.0063416041654521015,BULL,73,1.1832438905072031
2021-07-09,0.015506852083538813,BULL,73,1.2015922784960493
2021-07-12,0.0073521178319525485,BULL,69,1.2104265265135166
2021-07-13,-0.012621578781788188,BULL,69,1.19514903274956
2021-07-14,-0.012018809232971137,BULL,69,1.180784764519973
2021-07-15,-0.006702725411501611,BULL,69,1.1728702884733109
2021-07-16,-0.009599559429007061,BULL,69,1.1616112504365947
2021-07-19,-0.0025955386518323447,BULL,79,1.1585962435376833
2021-07-20,0.017086106403143935,BULL,79,1.1783921422330512
2021-07-21,0.014534989999194213,BULL,79,1.1955200602355376
2021-07-22,-0.0006168762129661525,BULL,79,1.1947825723482544
2021-07-23,0.013064365243621897,BULL,79,1.2103916482601262
2021-07-26,0.007677450890316098,BULL,71,1.219684370697692
2021-07-27,-0.014038478350210812,BULL,71,1.2025618580655622
2021-07-28,0.010886700837200017,BULL,71,1.2156537892525492
2021-07-29,0.005236274972179892,BULL,71,1.222019286764048
2021-07-30,-0.005966538033577753,BULL,71,1.2147280622118048
2021-08-02,-0.0012803576570656918,BULL,70,1.2131727758360995
2021-08-03,0.01000419765774625,BULL,70,1.2253095960785605
2021-08-04,-0.003070044856860205,BULL,70,1.221547840655058
2021-08-05,0.011339654259151656,BULL,70,1.2353997708290996
2021-08-06,0.0025200261507714195,BULL,70,1.2385130105582458
2021-08-09,0.008385194204135917,BULL,69,1.2488981826761258
2021-08-10,0.0021112215409348307,BULL,69,1.251534883421826
2021-08-11,0.0028307373549166905,BULL,69,1.2550776499673097
2021-08-12,0.002502450999578142,BULL,69,1.2582184202870186
2021-08-13,0.0014421463474488458,BULL,69,1.2600329553861283
2021-08-16,-0.009027530336469768,BULL,72,1.2486579696564284
2021-08-17,-0.00645388360507028,BULL,72,1.2405992764577225
2021-08-18,-0.002846751990743306,BULL,72,1.2370675979977517
2021-08-19,-0.0077624841610651404,BULL,72,1.227464880362127
2021-08-20,0.007721570286113833,BULL,72,1.2369428367095794
2021-08-23,0.016149374992637838,BULL,71,1.2569186904240595
2021-08-24,0.00809036213619131,BULL,71,1.2670876178053376
2021-08-25,0.0017479341366014153,BULL,71,1.2693024035065645
2021-08-26,-0.0029251556102622284,BULL,71,1.265589496459828
2021-08-27,0.013195775119905434,BULL,71,1.2822899308492262
2021-08-30,0.0007623119146662552,BULL,68,1.283267435741569
2021-08-31,-0.0006916587208364349,BULL,68,1.2823798526284729
2021-09-01,-0.0010911647807509322,BULL,68,1.2809805648977401
2021-09-02,0.008305784208946215,BULL,68,1.2916201130456348
2021-09-03,0.003553867198686701,BULL,68,1.296210359398552
2021-09-07,-0.002365333095155425,BULL,70,1.2931443901371833
2021-09-08,-0.005759670005654882,BULL,70,1.2856963051803292
2021-09-09,0.0005698003394206935,BULL,70,1.286428895371413
2021-09-10,-0.003755474478982691,BULL,70,1.2815977444858195
2021-09-13,-0.004437507522839291,BULL,70,1.2759106448534099
2021-09-14,0.0013128474347077308,BULL,66,1.277585720870422
2021-09-15,0.016170702539714518,BULL,66,1.2982451795316041
2021-09-16,0.0024379584729243716,BULL,66,1.3014102473669764
2021-09-17,-0.008449129301473781,BULL,66,1.2904144639127098
2021-09-20,-0.021097563036683812,BULL,66,1.2631898634168628
2021-09-21,0.010529742804808869,BULL,65,1.2764909277922838
2021-09-22,0.014263770909670414,BULL,65,1.2946985019545856
2021-09-23,0.016447393333541047,BULL,65,1.3159929174645788
2021-09-24,-0.0012202428557948437,BULL,65,1.3143870865087661
2021-09-27,-0.006317706597751752,BULL,65,1.30608317454033
2021-09-28,-0.016182687610651714,BULL,71,1.2849472385332157
2021-09-29,0.004182860364319112,BULL,71,1.2903219934075174
2021-09-30,-0.010110922232439461,BULL,71,1.2772756480773677
2021-10-01,0.010163274788476355,BULL,71,1.290256951469407
2021-10-04,0.00016902552420740698,BULL,71,1.2904750378269916
2021-10-05,0.01060281125634666,BULL,65,1.3041577010840981
2021-10-06,-0.001693611814177972,BULL,65,1.301948964193991
2021-10-07,0.006989882236344936,BULL,65,1.3110494341314383
2021-10-08,0.006690868422758397,BULL,65,1.3198214933909436
2021-10-11,-0.0014221915877313351,BULL,65,1.317944454365736
2021-10-12,0.009390408806530708,BULL,67,1.33032049157653
2021-10-13,0.002474203208963605,BULL,67,1.3336119748057387
2021-10-14,0.01560461360949275,BULL,67,1.3544224743775748
2021-10-15,0.0011904036357031993,BULL,67,1.356034783815352
2021-10-18,0.007842027101376086,BULL,67,1.3666688453404408
2021-10-19,0.0019183172956366995,BULL,71,1.3692905498238652
2021-10-20,0.004006362686533513,BULL,71,1.3747764243897025
2021-10-21,-0.002188176415005587,BULL,71,1.3717681710419471
2021-10-22,-0.003232497208739071,BULL,71,1.3673339342580169
2021-10-25,0.009358239922557517,BULL,71,1.380129773269058
2021-10-26,0.0006327127954862382,BULL,72,1.3810029990360368
2021-10-27,-0.012838824942485484,BULL,72,1.3632725432863657
2021-10-28,0.01808708883693186,BULL,72,1.3879301748857362
2021-10-29,0.000384523734024331,BULL,72,1.3884638669791483
2021-11-01,0.007964942331403988,BULL,72,1.3995229016088753
2021-11-02,0.003996657086467132,BULL,70,1.4051163147312633
2021-11-03,0.004315223826204189,BULL,70,1.4111797061311797
2021-11-04,-0.0002775246742485334,BULL,70,1.4107880689429295
2021-11-05,0.007879934311497618,BULL,70,1.4219049862536446
2021-11-08,0.008909805238664676,BULL,70,1.4345738827490508
2021-11-09,-0.004796005026885637,BULL,77,1.4276936591959477
2021-11-10,-0.024312557567494883,BULL,77,1.3929827749179988
2021-11-11,0.007095060801290974,BULL,77,1.402866072401193
2021-11-12,0.005797753538510666,BULL,77,1.4109995441365137
2021-11-15,-0.003942094722810406,BULL,77,1.4054372502796852
2021-11-16,0.013377143429084137,BULL,78,1.4242379859572543
2021-11-17,-0.008611461705430782,BULL,78,1.4119732150817634
2021-11-18,0.002388296293809122,BULL,78,1.415345425478301
2021-11-19,-0.004669389983626689,BULL,78,1.4087366257252008
2021-11-22,-0.011316119025460047,BULL,78,1.3927951943929695
2021-11-23,0.0051734588588689175,BULL,70,1.400000763029992
2021-11-24,0.008844399789614751,BULL,70,1.4123829294839951
2021-11-26,-0.01952134111131374,BULL,70,1.3848113205377415
2021-11-29,0.015412905760411648,BULL,70,1.4061552869171408
2021-11-30,-0.021916832630423714,BULL,70,1.3753368168413922
2021-12-01,-0.020035846399826973,BULL,68,1.3477807796311312
2021-12-02,0.011841290456306415,BULL,68,1.3637402433141703
2021-12-03,-0.010809348393054861,BULL,68,1.3489990999065582
2021-12-06,-0.0011502267981934038,BULL,68,1.347447444991107
2021-12-07,0.02875997733945123,BEAR,68,1.3862000029751524
2021-12-08,0.0011113413708782472,BEAR,51,1.3877405443867703
2021-12-09,-0.004248950999881303,BEAR,51,1.3818441028131223
2021-12-10,0.007078141496553693,BEAR,51,1.391624990899012
2021-12-13,-0.0034637317667272007,BEAR,51,1.3868047752106636
2021-12-14,-0.004543085452523288,BEAR,51,1.3805044026109143
2021-12-15,0.006451861360256633,BEAR,56,1.3894112256237838
2021-12-16,0.0015887407324252387,BEAR,56,1.3916186398320214
2021-12-17,-0.008034930934906979,BEAR,56,1.380437080173242
2021-12-20,-0.0035635890323959603,BEAR,56,1.3755177697344239
2021-12-21,0.006651193931098262,BEAR,56,1.3846666051765992
2021-12-22,0.005845637565379834,BEAR,49,1.3927608642993468
2021-12-23,0.0019404290376959573,BEAR,49,1.3954634179229997
2021-12-27,0.008629348258357712,BEAR,49,1.4075053577380554
2021-12-28,0.001162991934898868,BEAR,49,1.4091422751174316
2021-12-29,0.0036957954288047933,BEAR,49,1.4143501766963462
2021-12-30,-0.0008573281335015419,BEAR,48,1.4131376144992416
2021-12-31,0.00023648372560257141,BEAR,48,1.4134717985471075
2022-01-03,-0.0028126742918483847,BEAR,48,1.4094961627570812
2022-01-04,0.004611798032582966,BEAR,48,1.4159964743874176
2022-01-05,-0.008182417971355669,BEAR,48,1.4044101993880138
2022-01-06,0.0028454231499889034,BEAR,50,1.4084063406814329
2022-01-07,0.00023338867628027284,BEAR,50,1.4087350467729491
2022-01-10,-0.002176367252422587,BEAR,50,1.4056691219498125
2022-01-11,0.0027373732678707893,BEAR,50,1.4095169630277093
2022-01-12,0.00139529314630936,BEAR,50,1.4114836523858285
2022-01-13,0.0006771080429416926,BEAR,51,1.4124393793193397
2022-01-14,0.0039533097745547904,BEAR,51,1.4180231897235689
2022-01-18,-0.008000091464180379,BEAR,51,1.4066788745074517
2022-01-19,-0.00017314900645329714,BEAR,51,1.4064353094579318
2022-01-20,-0.008399712997915476,BEAR,51,1.394621656508351
2022-01-21,-0.008375436250658442,BEAR,59,1.3829410917304776
2022-01-24,-0.0012181821414061782,BEAR,59,1.3812564175899147
2022-01-25,0.0006523853727538988,BEAR,59,1.3821575290727726
2022-01-26,-0.00297687321323925,BEAR,59,1.3780430213479988
2022-01-27,-0.00029777567579004997,BEAR,59,1.3776326736560491
2022-01-28,0.012072079664828643,BEAR,50,1.3942635650412958
2022-01-31,0.0004798504962350773,BEAR,50,1.3949326031048634
2022-02-01,0.004339172164839629,BEAR,50,1.4009854558280832
2022-02-02,0.006083660760218241,BEAR,50,1.4095085760713408
2022-02-03,-0.0030415396289548806,BEAR,50,1.405221499879868
2022-02-04,0.002067640418525626,BEAR,49,1.4081269926500009
2022-02-07,0.0007531033725681556,BEAR,49,1.4091874578371697
2022-02-08,0.0019962426319046784,BEAR,49,1.4120005379168497
2022-02-09,0.00509725487030757,BEAR,49,1.4191978645356234
2022-02-10,-0.004583750594292599,BEAR,49,1.4126926154806394
2022-02-11,-0.0008355621411998809,BEAR,49,1.4115122230139912
2022-02-14,-0.005654368411543928,BEAR,49,1.4035310128876728
2022-02-15,0.004919210645441907,BEAR,49,1.4104352775874776
2022-02-16,0.002178262875115561,BEAR,49,1.4135075763903995
2022-02-17,-0.003247997675676073,BEAR,49,1.408916507067733
2022-02-18,-0.0031512273513004873,BEAR,57,1.4044766908349624
2022-02-22,-0.005604695862266446,BEAR,57,1.39660502613719
2022-02-23,-0.008379873710401055,BEAR,57,1.384901652394849
2022-02-24,-0.0032875921166176706,BEAR,57,1.380348660640145
2022-02-25,0.01953750068774274,BEAR,57,1.4073172235467266
2022-02-28,-0.0011966176641380665,BEAR,50,1.405633202897985
2022-03-01,-0.009839216057370306,BEAR,50,1.3918028741172583
2022-03-02,0.006593728746572705,BEAR,50,1.4009800447378877
2022-03-03,0.0021094695996751412,BEAR,50,1.4039353695520138
2022-03-04,0.003134676577429785,BEAR,50,1.4083362528711738
2022-03-07,-0.0071102230739235025,BEAR,55,1.3983226679501661
2022-03-08,-0.009450293669465275,BEAR,55,1.385108108093367
2022-03-09,0.006044850201480125,BEAR,55,1.3934808791196467
2022-03-10,0.003384150261390429,BEAR,55,1.398196627800962
2022-03-11,-0.004121198258845074,BEAR,55,1.3924343822929457
2022-03-14,-0.0008507180656614427,BEAR,50,1.391249813208681
2022-03-15,0.005159039922656009,BEAR,50,1.3984273265374123
2022-03-16,-0.00031383744255022213,BEAR,50,1.3979884476816595
2022-03-17,0.011456485175366918,BEAR,50,1.4140044816078587
2022-03-18,-0.00044365400000843073,BEAR,50,1.4133771528635635
2022-03-21,0.007384628174014312,BEAR,50,1.423814417607108
2022-03-22,0.0002289046130512682,BEAR,50,1.4241403352954272
2022-03-23,0.00046993665993772275,BEAR,50,1.4248095910478784
2022-03-24,0.007635172653028217,BEAR,50,1.4356882582732193
2022-03-25,0.009219540029747961,BEAR,50,1.4489246436406082
2022-03-28,-0.001446733125288442,BEAR,53,1.4468284363626067
2022-03-29,0.005769193403121289,BEAR,53,1.455175469433118
2022-03-30,0.0035839834507142613,BEAR,53,1.4603907942334518
2022-03-31,-0.0033140101580779084,BEAR,53,1.4555510443065987
2022-04-01,0.004539662797294565,BEAR,53,1.4621587552320008
2022-04-04,-0.0014963591924624167,BEAR,54,1.45997084053777
2022-04-05,-0.003221609720180643,BEAR,54,1.4552673842867134
2022-04-06,0.0019374124179930717,BEAR,54,1.458086837388531
2022-04-07,0.005403292258108383,BEAR,54,1.4659653067086422
2022-04-08,0.00422350996858809,BEAR,54,1.4721568257951305
2022-04-11,-0.003357119952209875,BEAR,54,1.4672146187424717
2022-04-12,0.0022701013317479625,BEAR,54,1.470545344602439
2022-04-13,0.0021315990521795017,BEAR,54,1.4736799576651807
2022-04-14,0.00296152764099012,BEAR,54,1.4780443015937794
2022-04-18,-0.0009971262039783753,BEAR,54,1.4765705048900193
2022-04-19,0.004544678679598018,BEAR,53,1.483281043382516
2022-04-20,0.005431879516337574,BEAR,53,1.4913380472990374
2022-04-21,-0.0024869274591018823,BEAR,53,1.4876291977584062
2022-04-22,-0.013025343580319072,BEAR,53,1.4682523163374885
2022-04-25,-0.004758630887010243,BEAR,53,1.4612654455150407
2022-04-26,-0.010760865717033694,BEAR,50,1.4455409642789119
2022-04-27,0.0038767209824805836,BEAR,50,1.451144923266167
2022-04-28,0.010692177736498065,BEAR,50,1.4666608227071458
2022-04-29,-0.017616572037890667,BEAR,50,1.4408232866687734
2022-05-02,-0.004031847721684419,BEAR,50,1.435014106583068
2022-05-03,0.004244689314442971,BEAR,55,1.441105295627356
2022-05-04,0.014029542875292237,BEAR,55,1.461323344160171
2022-05-05,-0.009457598190789118,BEAR,55,1.4475027351442837
2022-05-06,0.002643194383328512,BEAR,55,1.4513287662436698
2022-05-09,-0.010911870163312654,BEAR,55,1.4354920551821382
2022-05-10,-0.004021285708973123,BEAR,38,1.4297195314952897
2022-05-11,0.005752238916838972,BEAR,38,1.4379436198245217
2022-05-12,0.0004923393412404329,BEAR,38,1.4386515760390468
2022-05-13,0.007585128906684194,BEAR,38,1.4495639336951074
2022-05-16,0.00541200324780677,BEAR,38,1.4574089784121687
2022-05-17,0.007713827319348709,BEAR,52,1.4686511796053086
2022-05-18,-0.013763509028292473,BEAR,52,1.4484373858353985
2022-05-19,-0.00264459657814918,BEAR,52,1.444606853281155
2022-05-20,0.002590652680551586,BEAR,52,1.4483493278979507
2022-05-23,0.008896741567406495,BEAR,52,1.4612349175675854
2022-05-24,0.008774972402584512,BEAR,54,1.4740572136429337
2022-05-25,0.0032303821704029578,BEAR,54,1.4788189817840398
2022-05-26,0.0024220967272561857,BEAR,54,1.482400824400023
2022-05-27,0.005957381648998493,BEAR,54,1.491232051867764
2022-05-31,-0.00627252359457359,BEAR,54,1.481878263637439
2022-06-01,-0.0011825525368051749,BEAR,55,1.4801258647375382
2022-06-02,0.002030039095370076,BEAR,55,1.4831305781090238
2022-06-03,-0.002134070025357677,BEAR,55,1.4799654735985899
2022-06-06,0.0017565825963404779,BEAR,55,1.4825651551926977
2022-06-07,0.0072394944462313765,BEAR,55,1.4932981773998912
2022-06-08,-0.00955388641172558,BEAR,56,1.4790313762341758
2022-06-09,-0.014440487809465281,BEAR,56,1.4576734416758494
2022-06-10,-0.007259405968955992,BEAR,56,1.4470915983925592
2022-06-13,-0.02658063679221466,BEAR,56,1.4086269822106212
2022-06-14,-0.010598543913944061,BEAR,56,1.3936975872812953
2022-06-15,0.0007846386790991965,BEAR,39,1.3947911363152437
2022-06-16,-0.013710882719478132,BEAR,39,1.3756673186270576
2022-06-17,-0.0018392289026535106,BEAR,39,1.3731371515342028
2022-06-21,0.013184696146996251,BEAR,39,1.3912415476453333
2022-06-22,-0.0008660063442088217,BEAR,39,1.3900367236387454
2022-06-23,0.006461108561921421,BEAR,35,1.3990179018152331
2022-06-24,0.009623267631445189,BEAR,35,1.412481025505584
2022-06-27,0.004808798502745895,BEAR,35,1.4192733621461922
2022-06-28,-0.005448533523543352,BEAR,35,1.4115404036534664
2022-06-29,0.0005213719689615135,BEAR,35,1.4122763412529877
2022-06-30,-0.004013490958736787,BEAR,37,1.406608182926131
2022-07-01,0.00594628582828193,BEAR,37,1.41497227723021
2022-07-05,-0.008611457366520326,BEAR,37,1.4027873037900338
2022-07-06,-0.0007786896250398215,BEAR,37,1.401694967870435
2022-07-07,0.003278225720088646,BEAR,37,1.4062900403658267
2022-07-08,-0.0006555575767548818,BEAR,39,1.40536813627475
2022-07-11,-0.0044063108068376515,BEAR,39,1.3991756474682975
2022-07-12,-0.005617893990029779,BEAR,39,1.3913152270073894
2022-07-13,-0.006285561742483584,BEAR,39,1.382570029244777
2022-07-14,-0.004300446312114099,BEAR,39,1.3766243610612716
2022-07-15,0.007978588584885512,BEAR,40,1.3876078804741103
2022-07-18,-0.010885455926123166,BEAR,40,1.3725031360484683
2022-07-19,0.004727375822030878,BEAR,40,1.3789914741894855
2022-07-20,-0.0054852704662090405,BEAR,40,1.3714273329829598
2022-07-21,-0.0006555300829034119,BEAR,40,1.3705283211096735
2022-07-22,0.0013525723362219555,BEAR,36,1.3723820598028151
2022-07-25,0.0034229528507928137,BEAR,36,1.377079658886794
2022-07-26,0.003974103695137732,BEAR,36,1.382552316247675
2022-07-27,0.004394097536083191,BEAR,36,1.388627385974005
2022-07-28,0.0007724950283512717,BEAR,36,1.3897000937259023
2022-07-29,0.001862754769472402,BEAR,50,1.3922887642036266
2022-08-01,-0.005691680154416403,BEAR,50,1.3843643018751919
2022-08-02,-0.0023113203589307436,BEAR,50,1.3811645924800908
2022-08-03,0.0023165781782751903,BEAR,50,1.3843641682356367
2022-08-04,-0.005911822354122329,BEAR,50,1.3761800531996153
2022-08-05,0.0016474224609793037,BEAR,48,1.378447203129608
2022-08-08,0.0024910381952278817,BEAR,48,1.3818809677627089
2022-08-09,0.003016234809988495,BEAR,48,1.3860490452409353
2022-08-10,0.006922467656507509,BEAR,48,1.395643924926949
2022-08-11,-0.004003078525914552,BEAR,48,1.3900570527012508
2022-08-12,0.008682897470240697,BEAR,49,1.4021267755676408
2022-08-15,-0.0012929206493257391,BEAR,49,1.400313936906537
2022-08-16,0.001960134535977922,BEAR,49,1.4030587406154786
2022-08-17,-0.001144696451203563,BEAR,49,1.401452664254266
2022-08-18,0.001016594049914086,BEAR,49,1.402877372693983
2022-08-19,-0.002743047375580015,BEAR,60,1.399029213598554
2022-08-22,-0.007627464004818042,BEAR,60,1.388358168630142
2022-08-23,0.001423810580490601,BEAR,60,1.3903349276801482
2022-08-24,0.002632103876742854,BEAR,60,1.3939944336332664
2022-08-25,0.0027461857878636727,BEAR,60,1.397822601335271
2022-08-26,-0.01498953047338108,BEAR,46,1.3768698968561752
2022-08-29,-0.002215364636220818,BEAR,46,1.373819627978003
2022-08-30,-0.00763802044976801,BEAR,46,1.3633263655652144
2022-08-31,-0.0036516967626997344,BEAR,46,1.3583479110895766
2022-09-01,-0.00217926632115066,BEAR,46,1.3553877092345339
2022-09-02,-0.004013561881416381,BEAR,39,1.34994777679021
2022-09-06,-0.0027948177734045147,BEAR,39,1.3461749187504688
2022-09-07,0.01017208874677857,BEAR,39,1.359868329492686
2022-09-08,0.00031569441897282084,BEAR,39,1.3602976323348448
2022-09-09,0.0038318215917694377,BEAR,39,1.3655100501736583
2022-09-12,0.002495275844354673,BEAR,62,1.3689173744170802
2022-09-13,-0.018181533049996708,BEAR,62,1.3440283579314014
2022-09-14,0.00740186492189962,BEAR,62,1.3539766742880122
2022-09-15,-0.005539226553176768,BEAR,62,1.346476690741414
2022-09-16,-0.0006607894951150998,BEAR,62,1.3455869530887548
2022-09-19,0.002433258677946744,BEAR,51,1.34886111421929
2022-09-20,-0.008279426041236805,BEAR,51,1.337693318384211
2022-09-21,-0.00515036670331248,BEAR,51,1.3308037072579615
2022-09-22,-0.004997932802201314,BEAR,51,1.324152439756166
2022-09-23,-0.013902881369950099,BEAR,51,1.3057429054705059
2022-09-26,-0.005413040592600887,BEAR,42,1.2986748661196934
2022-09-27,-0.00445630899722985,BEAR,42,1.292887569629328
2022-09-28,0.010273040713868684,BEAR,42,1.3061694562705848
2022-09-29,-0.008511862148938905,BEAR,42,1.295051521915655
2022-09-30,-0.00816403343225121,BEAR,42,1.2844786779942479
2022-10-03,0.013556800797800547,BEAR,46,1.3018920995608383
2022-10-04,0.011880714551822906,BEAR,46,1.317359507972994
2022-10-05,-0.0038208595744058777,BEAR,46,1.3123260622840207
2022-10-06,-0.009642982489605668,BEAR,46,1.2996713250447627
2022-10-07,-0.0066669805614180296,BEAR,46,1.2910064415844569
2022-10-10,0.0011409791823696301,BEAR,44,1.2924794530586097
2022-10-11,0.0020816465380116746,BEAR,44,1.2951699384375202
2022-10-12,0.00011672136246934273,BEAR,44,1.2953211124373638
2022-10-13,0.016621476732052023,BEAR,44,1.3168512621682773
2022-10-14,-0.0144967375820876,BEAR,44,1.297761214985983
2022-10-17,0.007630221236283251,BEAR,40,1.3076634201681938
2022-10-18,0.004714622563216524,BEAR,40,1.3138285596340116
2022-10-19,-0.0030483006457866306,BEAR,40,1.3098236151872262
2022-10-20,-0.006830434139417853,BEAR,40,1.3008769512494356
2022-10-21,0.015224268959526216,BEAR,40,1.3206818518385053
2022-10-24,0.009529454296120739,BEAR,57,1.3332672291853165
2022-10-25,0.0071561210222146525,BEAR,57,1.3428082508323194
2022-10-26,0.004190793819919106,BEAR,57,1.3484356833512436
2022-10-27,0.003314433499010811,BEAR,57,1.3529049837514044
2022-10-28,0.01425921050138815,BEAR,57,1.3721963407030928
2022-10-31,-0.0006777772131091721,BEAR,58,1.3712662972914524
2022-11-01,-0.002527580395352484,BEAR,58,1.3678003114816109
2022-11-02,-0.010371868303229156,BEAR,58,1.3536136667858079
2022-11-03,-0.006521698754311108,BEAR,58,1.3447858062213125
2022-11-04,0.0037603045726494113,BEAR,58,1.3498426104376804
2022-11-07,0.005198342610225631,BEAR,59,1.3568595547966167
2022-11-08,0.005139850761228935,BEAR,59,1.3638336104122188
2022-11-09,-0.009346112019460524,BEAR,59,1.351087068713401
2022-11-10,0.012065981855825261,BEAR,59,1.367389260770137
2022-11-11,-0.0075769388781015325,BEAR,59,1.3570286359187094
2022-11-14,0.00027221734611023883,BEAR,48,1.357398042652575
2022-11-15,0.0021991922398211182,BEAR,48,1.3603832218943246
2022-11-16,0.002195285899655123,BEAR,48,1.3633696519994767
2022-11-17,0.001302354926442409,BEAR,48,1.3651452431823203
2022-11-18,0.003432585933525378,BEAR,48,1.3698312215412871
2022-11-21,-3.620577465604773e-05,BEAR,49,1.3697816257407631
2022-11-22,0.007610551527916326,BEAR,49,1.3802064193854562
2022-11-23,-0.0002615685590448693,BEAR,49,1.379845400781153
2022-11-25,0.0015017720667797664,BEAR,49,1.3819176140605207
2022-11-28,-0.002473260966248191,BEAR,49,1.3784997711670939
2022-11-29,-0.0004373535757698343,BEAR,50,1.377896879362976
2022-11-30,0.009036487768087693,BEAR,50,1.3903482276590258
2022-12-01,0.0010721419747059947,BEAR,50,1.391838878353357
2022-12-02,0.003051962080002195,BEAR,50,1.3960867178315643
2022-12-05,-0.007476987847374394,BEAR,50,1.3856481944084569
2022-12-06,-0.0072687188072007415,BEAR,50,1.3755763073175964
2022-12-07,0.002765943703513616,BEAR,50,1.3793810739435242
2022-12-08,0.00293294623043231,BEAR,50,1.3834267244646765
2022-12-09,-0.0061011060060479514,BEAR,50,1.3749862913671178
2022-12-12,0.008684949789138897,BEAR,50,1.3869279782683954
2022-12-13,0.003936345794205179,BEAR,50,1.3923874063825177
2022-12-14,-0.0010278876956101427,BEAR,50,1.3909561884999746
2022-12-15,-0.010968418979177176,BEAR,50,1.3756995982428275
2022-12-16,-0.005372020082429949,BEAR,50,1.3683093123736763
2022-12-19,-0.0019582325653263516,BEAR,50,1.365629844518747
2022-12-20,0.0014732785318517555,BEAR,43,1.3676417976511326
2022-12-21,0.011089742582197994,BEAR,43,1.3828085931317382
2022-12-22,-0.003824293387014034,BEAR,43,1.3775203273735184
2022-12-23,0.003732968882995519,BEAR,43,1.3826625678912974
2022-12-27,-0.0001089976730115628,BEAR,43,1.3825118608888372
2022-12-28,-0.0076065954663602775,BEAR,54,1.371995652435611
2022-12-29,0.0039489126266624595,BEAR,54,1.37741354339124
2022-12-30,-0.0017980909489681536,BEAR,54,1.374936828565882
2023-01-03,-0.001599041822535094,BEAR,54,1.3727382470736613
2023-01-04,0.0027919242848042924,BEAR,54,1.376570828322346
2023-01-05,0.0016302647304270027,BEAR,58,1.3788150031926945
2023-01-06,0.01363213771366308,BEAR,58,1.397611199197882
2023-01-09,-0.010044814333635271,BEAR,58,1.38357245419133
2023-01-10,0.0009220567005621773,BEAR,58,1.38484818644343
2023-01-11,0.0004734466405382132,BEAR,58,1.3855038381649574
2023-01-12,0.0015206106439696863,BEAR,62,1.3876106500485317
2023-01-13,0.0016243986011336424,BEAR,62,1.3898646828473888
2023-01-17,-0.0027622109620526244,BEAR,62,1.386025583384658
2023-01-18,-0.01251390440631351,BEAR,62,1.3686809917294775
2023-01-19,-0.005163652265440935,BEAR,62,1.3616135990258678
2023-01-20,0.00606782555993401,BEAR,62,1.3698756328247907
2023-01-23,0.007137170958952381,BEAR,62,1.3796526694087643
2023-01-24,0.00344600730336383,BEAR,62,1.3844069625836521
2023-01-25,0.0019793004267399696,BEAR,62,1.3871471198754757
2023-01-26,0.00531808492456257,BEAR,62,1.394524086061836
2023-01-27,-0.0052322287976624225,BEAR,62,1.3872276169797093
2023-01-30,-0.0040170340868389874,BEAR,62,1.3816550763560975
2023-01-31,0.007158169465154082,BEAR,62,1.391545197535045
2023-02-01,0.002206037520614279,BEAR,62,1.394614998452438
2023-02-02,-0.0008377025182631935,BEAR,62,1.3934467259562269
2023-02-03,-0.005300450435802554,BEAR,62,1.3860608306503646
2023-02-06,0.0019950865895505886,BEAR,62,1.3888261420258965
2023-02-07,0.004650327640847352,BEAR,62,1.3952846386224909
2023-02-08,-0.005159695214560593,BEAR,62,1.3880853951496404
2023-02-09,-0.004128940924163784,BEAR,62,1.382354072555373
2023-02-10,0.0043621953531829995,BEAR,62,1.3883841710671274
2023-02-13,0.006029599198896818,BEAR,62,1.3967555711527548
2023-02-14,0.0001281426115102906,BEAR,62,1.396934555059284
2023-02-15,0.0033022782910041076,BEAR,62,1.4015476217144098
2023-02-16,-0.007189578627660407,BEAR,62,1.3914710848876837
2023-02-17,-1.4009068208047874e-05,BEAR,62,1.391451591674346
2023-02-21,-0.0089798896594144,BEAR,62,1.3789565099146937
2023-02-22,-9.346889587673194e-05,BEAR,62,1.37882762037225
2023-02-23,-0.0011704906259384154,BEAR,62,1.3772137155678192
2023-02-24,-0.0051700074389370585,BEAR,62,1.3700935104133276
2023-02-27,-0.0032323705619047047,BEAR,62,1.365664860483211
2023-02-28,-0.005183700225935797,BEAR,62,1.3585856632373714
2023-03-01,-0.0007795470851894729,BEAR,62,1.3575265817436146
2023-03-02,0.005633956799877882,BEAR,62,1.3651748278598441
2023-03-03,0.008671988195956064,BEAR,62,1.377013607852461
2023-03-06,0.0020815015889488666,BEAR,60,1.37987986386521
2023-03-07,-0.007630267580866207,BEAR,60,1.3693510112744693
2023-03-08,5.159793106632994e-05,BEAR,60,1.3694216669535546
2023-03-09,-0.010153894915522675,BEAR,60,1.3555167032522684
2023-03-10,-0.007777739699393618,BEAR,60,1.344973847176192
2023-03-13,-0.0033995605911116373,BEAR,55,1.340401527089256
2023-03-14,0.007493495396865113,BEAR,55,1.3504458197624503
2023-03-15,0.0014165729954629756,BEAR,55,1.3523588248425615
2023-03-16,0.003997921085374398,BEAR,55,1.3577654487033919
2023-03-17,-0.004088330979054237,BEAR,55,1.3522144541571683
2023-03-20,0.005685241999508597,BEAR,65,1.3599021205642852
2023-03-21,0.0017094977057580665,BEAR,65,1.3622268701194453
2023-03-22,-0.007681245748095349,BEAR,65,1.351763270765399
2023-03-23,0.0035881211244508096,BEAR,65,1.3566135611124892
2023-03-24,0.003929758544497617,BEAR,65,1.3619447248458523
2023-03-27,0.0014129656592910956,BEAR,62,1.3638691059719121
2023-03-28,0.0013971995511476505,BEAR,62,1.3657747032746004
2023-03-29,0.004787883500462515,BEAR,62,1.372313873441758
2023-03-30,0.0034482334757861945,BEAR,62,1.3770459320794455
2023-03-31,0.007896267310835918,BEAR,62,1.387919454858444
2023-04-03,0.004218171605755472,BEAR,60,1.3937739372940035
2023-04-04,-0.0025823852301299255,BEAR,60,1.3901746760641955
2023-04-05,0.000587291309839214,BEAR,60,1.3909911135706066
2023-04-06,-0.0004422569005457009,BEAR,60,1.3903759381520322
2023-04-10,0.00020664850051026312,BULL,60,1.390663257254797
2023-04-11,0.002281248609364634,BULL,74,1.393835705876504
2023-04-12,-0.004215724677286194,BULL,74,1.387959678295158
2023-04-13,0.007928934903881874,BULL,74,1.398964720233573
2023-04-14,-0.00012529640238510234,BULL,74,1.3987894349870642
2023-04-17,0.004088916449450754,BULL,74,1.4045089681171008
2023-04-18,0.00387300965080787,BULL,66,1.4099486449052647
2023-04-19,0.0009860955020677285,BULL,66,1.4113389889221524
2023-04-20,-0.00031866661780415484,BULL,66,1.4108892422999775
2023-04-21,-2.0781182217933765e-05,BULL,66,1.4108599223535438
2023-04-24,0.003975032151583597,BULL,66,1.41646813590628
2023-04-25,-0.00581956619139094,BULL,80,1.4082249058313774
2023-04-26,-0.007598492695277225,BULL,80,1.39752451917111
2023-04-27,0.009813147781296208,BULL,80,1.411238633805721
2023-04-28,0.0012752535084884985,BULL,80,1.4130383208247963
2023-05-01,0.0013872508365442918,BULL,80,1.4149985594174295
2023-05-02,-0.004964941614787742,BULL,82,1.407973174184913
2023-05-03,-0.009149952937493922,BULL,82,1.3950902859038672
2023-05-04,-0.00639226539691713,BULL,82,1.3861724985437087
2023-05-05,0.012065134960909031,BULL,82,1.4028968568177391
2023-05-08,0.004926850112621742,BULL,82,1.4098087193547484
2023-05-09,-0.0020597399440175695,BULL,82,1.4069048800220691
2023-05-10,0.001626587381066159,BULL,82,1.4091933337462734
2023-05-11,-0.0032266554436968216,BULL,82,1.4046463524047197
2023-05-12,0.005878423593150691,BULL,82,1.4129034586627285
2023-05-15,0.0013222558742708842,BULL,82,1.414771678560723
2023-05-16,-0.0051776536816493446,BULL,82,1.4074464807705298
2023-05-17,0.009231111268353088,BULL,82,1.4204387758387746
2023-05-18,0.0096000671371807,BULL,82,1.4340750834510818
2023-05-19,-0.003489574814453983,BULL,82,1.429070771157835
2023-05-22,-0.007071111187095821,BULL,82,1.4189656528407493
2023-05-23,-0.013481429538825015,BULL,86,1.3998359673739638
2023-05-24,-0.005254651055982747,BULL,86,1.3924803178297995
2023-05-25,0.009792698818052965,BULL,86,1.4061164581923735
2023-05-26,0.009949489523828774,BULL,86,1.4201065991624418
2023-05-30,-0.000200210878425492,BULL,86,1.4198222783727656
2023-05-31,0.0007680644058075353,BULL,86,1.4209127933273562
2023-06-01,0.005349827555572696,BULL,86,1.4285144317431648
2023-06-02,0.01048998044198804,BULL,86,1.4434995201932483
2023-06-05,0.003400616331572592,BULL,86,1.4484083082362347
2023-06-06,-0.00040734614115677106,BULL,86,1.4478183047010553
2023-06-07,-0.006046421595837789,BULL,80,1.4390641848366617
2023-06-08,0.008048429816278301,BULL,80,1.4506463919294394
2023-06-09,0.003916541425593197,BULL,80,1.4563279086173184
2023-06-12,0.011242059232713087,BULL,80,1.4727000332282476
2023-06-13,0.004702934673017935,BULL,80,1.4796260452774712
2023-06-14,0.0037697279448926984,BULL,74,1.4852038329283448
2023-06-15,0.008019084362170725,BULL,74,1.4971138077596167
2023-06-16,-0.007632010126051738,BULL,74,1.4856878200189434
2023-06-20,-0.003647201900013117,BULL,74,1.480269216578944
2023-06-21,-0.0028268016209635266,BULL,74,1.4760847891580562
2023-06-22,0.004223888564991295,BULL,73,1.4823196068199385
2023-06-23,-0.003985296627206204,BULL,73,1.4764121234904373
2023-06-26,-0.006032350178141488,BULL,73,1.4675058885542893
2023-06-27,0.013256394357689908,BULL,73,1.4869597253351972
2023-06-28,0.0021832307609534374,BULL,73,1.4902061015478478
2023-06-29,0.00024335783613918565,BULL,84,1.4905687548801219
2023-06-30,0.011339978018485429,BULL,84,1.5074717717955037
2023-07-03,-0.0017150722074420672,BULL,84,1.5048863488561939
2023-07-05,-0.003446554198475651,BULL,84,1.499699676492315
2023-07-06,-0.011706615570756364,BULL,84,1.4821432689080318
2023-07-07,0.002682802802451116,BULL,82,1.4861195670234921
2023-07-10,0.009350514702261805,BULL,82,1.5000155498842644
2023-07-11,0.005573782313357856,BULL,82,1.5083763100259713
2023-07-12,0.004080642475326699,BULL,82,1.51453145446544
2023-07-13,0.006160865633431734,BULL,82,1.5238622792540075
2023-07-14,-0.0022491171899024524,BULL,72,1.5204349344066934
2023-07-17,0.007307148990897745,BULL,72,1.531544979003369
2023-07-18,0.00433156318895473,BULL,72,1.5381789628566485
2023-07-19,0.0004088470614116509,BULL,72,1.5388078428055376
2023-07-20,-0.007905355863735737,BULL,72,1.5266430192022522
2023-07-21,-0.0029983535012720144,BULL,76,1.5220656037604348
2023-07-24,0.00027145638702828507,BULL,76,1.5224787781900515
2023-07-25,0.009169423898802211,BULL,76,1.5364390314842067
2023-07-26,-0.007413466266201737,BULL,76,1.5250486925542228
2023-07-27,-0.003304236946063288,BULL,76,1.5200095703197396
2023-07-28,0.016212254360743045,BULL,82,1.544652352104527
2023-07-31,0.0054797383732776575,BULL,82,1.5531166428717278
2023-08-01,-0.006705793075003446,BULL,82,1.542701764043286
2023-08-02,-0.01629238235490189,BULL,82,1.5175674770439112
2023-08-03,-0.006363864387406809,BULL,82,1.5079098834212648
2023-08-04,-0.0029924922828196672,BULL,84,1.5033974747319392
2023-08-07,0.008998836589235464,BULL,84,1.5169263029357212
2023-08-08,-0.0031930561868430086,BULL,84,1.5120826720191474
2023-08-09,-0.014625936376445546,BULL,84,1.4899670470622697
2023-08-10,-0.002399988506112173,BULL,84,1.4863911432748342
2023-08-11,-0.0007972934131266807,BULL,84,1.4852060534069713
2023-08-14,0.004313636136044116,BULL,84,1.491612691908419
2023-08-15,-0.010587657599577567,BULL,84,1.4758200074553085
2023-08-16,-0.006873315884853011,BULL,84,1.465676230354882
2023-08-17,-0.01190027952677114,BULL,84,1.4482342735179148
2023-08-18,0.003573997499758625,BULL,77,1.4534102591905325
2023-08-21,0.004664081828914086,BULL,77,1.4601890835703804
2023-08-22,-0.002318178342167703,BULL,77,1.4568041048613778
2023-08-23,0.012151959203121334,BULL,77,1.474507128910593
2023-08-24,-0.013772548019003803,BULL,77,1.4541994086733085
2023-08-25,0.005302793135975621,BULL,74,1.4619107273159613
2023-08-28,0.006948219498215085,BULL,74,1.4720684039361478
2023-08-29,0.014191546974304792,BULL,74,1.4929593318399976
2023-08-30,0.00365537882340597,BULL,74,1.4984166637658118
2023-08-31,0.00020207146201277898,BULL,74,1.4987194510117634
2023-09-01,0.0026755369485666047,BULL,85,1.502729330278481
2023-09-05,-0.006489335155195472,BULL,85,1.4929776160067616
2023-09-06,-0.00042321106503390876,BULL,85,1.4923457713598196
2023-09-07,-0.001843326175814396,BULL,85,1.4895948913361061
2023-09-08,0.00043105680551295443,BULL,85,1.490236991351474
2023-09-11,0.006282966146981358,BULL,80,1.4996000999191146
2023-09-12,-0.01081849165343553,BULL,80,1.4833766887546487
2023-09-13,-0.0034402326483149847,BULL,80,1.4782735278402457
2023-09-14,0.004475847504689582,BULL,80,1.4848900547210782
2023-09-15,-0.010538956647238001,BULL,80,1.469240862808458
2023-09-18,0.0021310347237084265,BULL,84,1.4723718661045941
2023-09-19,-0.0030939818457739283,BULL,84,1.4678163742806383
2023-09-20,-0.006068306951207278,BULL,84,1.4589092139734952
2023-09-21,-0.016309284238534175,BULL,84,1.435115448924585
2023-09-22,-0.0012555345942528565,BULL,84,1.4333136118317134
2023-09-25,0.0033161276230143834,BULL,81,1.438066662692351
2023-09-26,-0.013436968947742073,BULL,81,1.418743405600971
2023-09-27,0.005259625130319499,BULL,81,1.4262054640705446
2023-09-28,0.01069524877673991,BULL,81,1.441459086315525
2023-09-29,-0.004054025787030397,BULL,81,1.4356153740086526
2023-10-02,-0.0017722742401218038,BULL,76,1.4330710698625742
2023-10-03,-0.01701477559977347,BULL,76,1.408687687190335
2023-10-04,0.007169862787281613,BULL,76,1.418787784617623
2023-10-05,-0.0020785436593296638,BULL,76,1.4158387722639716
2023-10-06,0.014792965752454784,BULL,76,1.4367832267330702
2023-10-09,0.003112022596311986,BULL,73,1.4412545286006655
2023-10-10,0.009189560343741705,BULL,73,1.4544990240619324
2023-10-11,0.003990514345041076,BULL,73,1.4603032232823
2023-10-12,-0.0052268998839161375,BULL,73,1.4526703645340433
2023-10-13,-0.00951523762795399,BULL,73,1.4388478608204154
2023-10-16,0.008245994177065522,BULL,71,1.4507125919024237
2023-10-17,-0.0003349365974977526,BULL,71,1.4502266951629448
2023-10-18,-0.012320543613841349,BULL,71,1.4323591139152327
2023-10-19,-0.009526985760426529,BULL,71,1.4187130490331452
2023-10-20,-0.0148964704630414,BULL,71,1.3975792320026914
2023-10-23,0.0007242677725002877,BULL,62,1.3985914535999466
2023-10-24,0.010218441938161786,BULL,62,1.4128828791637669
2023-10-25,-0.017513177651512512,BULL,62,1.3881388103001913
2023-10-26,-0.009629610206348936,BULL,62,1.3747715746446956
2023-10-27,-0.0035727201480199554,BULL,62,1.3698599005410375
2023-10-30,0.008360296427203786,BULL,70,1.3813123353733006
2023-10-31,0.005550135214056044,BULL,70,1.3889788056074661
2023-11-01,0.007943234768834781,BULL,70,1.400011790349342
2023-11-02,0.021618706515917983,BULL,70,1.4302782343637293
2023-11-03,0.013275716706322232,BULL,70,1.4492662030143608
2023-11-06,1.2348546822428346e-05,BULL,84,1.4492840993459268
2023-11-07,0.007996656812789256,BULL,84,1.4608735269126285
2023-11-08,0.0022045181229468224,BULL,84,1.4640940490780407
2023-11-09,-0.005731639516909588,BULL,84,1.4557023897698729
2023-11-10,0.019388553654174263,BULL,84,1.4839263536584357
2023-11-13,0.0029166375101533164,BULL,74,1.4882544289238209
2023-11-14,0.019462042548270844,BULL,74,1.5172188999421887
2023-11-15,-0.005066911034090488,BULL,74,1.509531286756941
2023-11-16,-0.0019256627966986102,BULL,74,1.5066244385175807
2023-11-17,0.004291082439093706,BULL,74,1.5130894881880126
2023-11-20,0.009249653119397572,BULL,69,1.5270850410923584
2023-11-21,-0.002733275294957101,BULL,69,1.522911097276242
2023-11-22,0.0029309395448922533,BULL,69,1.5273746576346041
2023-11-24,0.00012582249201851213,BULL,69,1.5275668357202734
2023-11-27,0.00032161875652054453,BULL,69,1.5280581298664797
2023-11-28,0.0008732414554196651,BULL,73,1.52939249357177
2023-11-29,0.005596838282266589,BULL,73,1.5379522560284038
2023-11-30,0.0014593408973674938,BULL,73,1.5401966526538247
2023-12-01,0.006104240730730805,BULL,73,1.5495983837942893
2023-12-04,-0.00735373371248433,BULL,73,1.53820304991857
2023-12-05,-0.0005896819262065571,BULL,82,1.5372959993811972
2023-12-06,-0.006018416978525649,BULL,82,1.528043911037502
2023-12-07,0.006035896287260053,BULL,82,1.5372670256069034
2023-12-08,0.009406223986343405,BULL,82,1.551726903576582
2023-12-11,0.008868796583181446,BULL,82,1.5654888538370528
2023-12-12,0.0040155317291512465,BULL,83,1.571775124001268
2023-12-13,0.014488701225244286,BULL,83,1.594548104166194
2023-12-14,0.0011632111998886325,BULL,83,1.5964029003797213
2023-12-15,8.928262195310018e-05,BULL,83,1.596545431416361
2023-12-18,0.0057110343508166815,BULL,83,1.6056633572178192
2023-12-19,0.007241157985672367,BULL,65,1.6172902192592384
2023-12-20,-0.01838695001882292,BULL,65,1.5875531848317876
2023-12-21,0.014552731507038428,BULL,65,1.6106564200837883
2023-12-22,-0.001725692413314572,BULL,65,1.6078769225191933
2023-12-26,0.006735528374611056,BULL,65,1.6187068231537038
2023-12-27,0.0038002357480944166,BULL,73,1.6248582906887368
2023-12-28,-0.0006931027077330795,BULL,73,1.623732097007778
2023-12-29,-0.006281224060193293,BULL,73,1.6135330718927448
2024-01-02,-0.01655320375022213,BULL,73,1.5868239301959823
2024-01-03,-0.01602864614160185,BULL,73,1.561389290929845
2024-01-04,0.000983011831488018,BULL,82,1.5629241550763877
2024-01-05,0.0027905181484103453,BULL,82,1.567285523295717
2024-01-08,0.018704487051322233,BULL,82,1.5966007950719265
2024-01-09,0.0034264178064520993,BULL,82,1.6020714164659564
2024-01-10,0.008609202255205176,BULL,82,1.6158639733175948
2024-01-11,0.00023232707183020438,BULL,82,1.6162393822629917
2024-01-12,-0.0036574379674467108,BULL,82,1.6103280869818204
2024-01-16,0.0014364817792616518,BULL,82,1.6126412939374029
2024-01-17,-0.005121456985158371,BULL,82,1.6043822209180123
2024-01-18,0.0057086954810931885,BULL,82,1.6135411504525132
2024-01-19,0.01437173557673992,BULL,86,1.6367305372090053
2024-01-22,0.011331614179051217,BULL,86,1.6552773361717288
2024-01-23,-0.0014822778853549048,BULL,86,1.6528237551821923
2024-01-24,-0.004255481111819704,BULL,86,1.6457901949108475
2024-01-25,0.0034291409931950954,BULL,86,1.6514338415344147
2024-01-26,-0.00013304175022010428,BULL,88,1.6512141318857643
2024-01-29,0.017263737739434553,BULL,88,1.679720259610288
2024-01-30,-0.004070058625710896,BULL,88,1.6728836996788798
2024-01-31,-0.014901566955801724,BULL,88,1.6479551112188457
2024-02-01,0.012043673046352883,BULL,88,1.6678025437734316
2024-02-02,0.01472363152948611,BULL,86,1.692358653891891
2024-02-05,-0.0025159890625493222,BULL,86,1.6881006980287883
2024-02-06,0.008012649515579291,BULL,86,1.7016268572690976
2024-02-07,0.016073051306703383,BULL,86,1.7289771930508482
2024-02-08,0.00564228511085338,BULL,86,1.738732575324204
2024-02-09,0.013766533510958006,BULL,82,1.762668895588999
2024-02-12,-0.003175779501115897,BULL,82,1.7570710478431328
2024-02-13,-0.014598678064667522,BULL,82,1.731420133278923
2024-02-14,0.01594437644784655,BULL,82,1.759026547673303
2024-02-15,0.0055253994851551065,BULL,82,1.7687458720541913
2024-02-16,-0.005707226415100041,BULL,86,1.7586512388916045
2024-02-20,-0.011230806960914897,BULL,86,1.738900166316039
2024-02-21,-0.011189968200835248,BULL,86,1.7194419287505354
2024-02-22,0.02748613411509176,BULL,86,1.7667027402072848
2024-02-23,0.000734744441930504,BULL,86,1.7680008152261957
2024-02-26,0.00450066068065497,BULL,90,1.7759579869786501
2024-02-27,0.0032274166838043455,BULL,90,1.7816897434155607
2024-02-28,-0.002344238898986434,BULL,90,1.777513037013121
2024-02-29,0.009945313184286328,BULL,90,1.7951909608553684
2024-03-01,0.008426511188460321,BULL,90,1.810318157572439
2024-03-04,0.0009934568479750942,BULL,83,1.812116630543093
2024-03-05,-0.012835239038936257,BULL,83,1.7888576804236407
2024-03-06,0.009824710155310305,BULL,83,1.8064326886429038
2024-03-07,0.009637679155402366,BULL,83,1.823842507311875
2024-03-08,-0.010350058019348332,BULL,83,1.8049656315430433
2024-03-11,-0.007564890177840538,BULL,81,1.7913112647656435
2024-03-12,0.007221253793315978,BULL,81,1.8042467780313423
2024-03-13,-0.0008561577090017146,BULL,81,1.8027020582433892
2024-03-14,-0.008412969826984461,BULL,81,1.7875359802203448
2024-03-15,-0.0046626516043624935,BULL,81,1.7792013227143146
2024-03-18,0.003963258077498027,BULL,82,1.7862527567280573
2024-03-19,0.0040644326838081375,BULL,82,1.7935128608140454
2024-03-20,0.013868678692309748,BULL,82,1.8183865144112006
2024-03-21,0.00742290872126437,BULL,82,1.831884231527653
2024-03-22,-0.0037544427913955565,BULL,82,1.8250065269799227
2024-03-25,0.0006274488320065724,BULL,79,1.8261516251936807
2024-03-26,0.0005183417639197403,BULL,79,1.8270981958482686
2024-03-27,0.006655694926989265,BULL,79,1.8392588040414874
2024-03-28,-0.00161364427210506,BULL,79,1.836290894607427
2024-04-01,-0.0020350596038035246,BULL,79,1.8325539331869791
2024-04-02,-0.005976542389847623,BULL,82,1.8216015969236052
2024-04-03,0.004464209070108114,BULL,82,1.829733607294715
2024-04-04,-0.013149645831104931,BULL,82,1.8056732583935196
2024-04-05,0.01381808966119088,BULL,82,1.8306242133768158
2024-04-08,-0.0012202466983703161,BULL,82,1.828390400224486
2024-04-09,-0.0004638044883264283,BULL,82,1.827542384550449
2024-04-10,-0.008218820117105771,BULL,82,1.8125221424354425
2024-04-11,0.008606402868175942,BULL,82,1.8281214382007316
2024-04-12,-0.015073945473770735,BULL,82,1.8005644353218624
2024-04-15,-0.011444714316109076,BULL,82,1.7799574897518575
2024-04-16,0.004064031463656855,BULL,81,1.7871912929941807
2024-04-17,-0.014627702083843093,BULL,81,1.7610487911934234
2024-04-18,-0.0029962366380441603,BULL,81,1.7557722722838662
2024-04-19,-0.013013712327511529,BULL,81,1.7329231570197428
2024-04-22,0.008030549890119063,BULL,81,1.7468394828879323
2024-04-23,0.016023652709664563,BULL,80,1.7748302321012588
2024-04-24,-0.0014256538715359012,BULL,80,1.7722999385095446
2024-04-25,0.00013449157286845445,BULL,80,1.7725382979158695
2024-04-26,0.008442601451407602,BULL,80,1.7875031323225297
2024-04-29,0.0021156194515376805,BULL,80,1.791284808718956
2024-04-30,-0.011234316185149657,BULL,82,1.7711609488001518
2024-05-01,-0.003659128246116543,BULL,82,1.7646800437439785
2024-05-02,0.0016485307745339867,BULL,82,1.7675891731032964
2024-05-03,0.003250181497119537,BULL,82,1.7733341587282256
2024-05-06,0.015167249689785505,BULL,82,1.8002307606970822
2024-05-07,-0.0025016790360970357,BULL,86,1.7957271611429093
2024-05-08,0.0015576674300328728,BULL,86,1.798524306855047
2024-05-09,0.003939478738338607,BULL,86,1.8056095551222877
2024-05-10,-0.001534521273999548,BULL,86,1.8028388088474157
2024-05-13,-0.0029919822777612157,BULL,86,1.7974447470816841
2024-05-14,0.007807646207315508,BULL,90,1.8114785597440957
2024-05-15,0.011556332251388877,BULL,90,1.832412607846766
2024-05-16,-0.005428139586494703,BULL,90,1.822466016431321
2024-05-17,0.002660227467115971,BULL,90,1.8273141905861168
2024-05-20,0.0010701307705323834,BULL,90,1.8292696557288932
2024-05-21,0.000657459417898445,BULL,82,1.8304723262919282
2024-05-22,-0.003235680203456776,BULL,82,1.82454950322277
2024-05-23,-0.005925144644054733,BULL,82,1.813738783505937
2024-05-24,0.009752659236192063,BULL,82,1.831427559804936
2024-05-28,-0.00032219217368647304,BULL,82,1.8308374881784932
2024-05-29,-0.003928049886925862,BULL,77,1.8236458671900742
2024-05-30,-0.0033444666656489556,BULL,77,1.8175467443773086
2024-05-31,0.0041343334259946315,BULL,77,1.8250610886358956
2024-06-03,-0.0024838078995678054,BULL,77,1.820527987486748
2024-06-04,-0.0018408892377728835,BULL,77,1.817176597107519
2024-06-05,0.01564882591963315,BULL,79,1.8456132773408862
2024-06-06,3.7694116056636803e-06,BULL,79,1.8456202342169936
2024-06-07,-0.001099746823134398,BULL,79,1.843590519227701
2024-06-10,0.006888350906761886,BULL,79,1.8562898176525207
2024-06-11,-0.00044211986166491145,BULL,79,1.8554691150551301
2024-06-12,0.009179024703422738,BULL,76,1.872500511898659
2024-06-13,-0.0010430063579265566,BULL,76,1.870547481959528
2024-06-14,-0.003269571749567912,BULL,76,1.8644315927562878
2024-06-17,0.010107437716440747,BULL,76,1.8832762189566363
2024-06-18,0.0036298609482827643,BULL,76,1.8901122497586567
2024-06-20,-0.005098032102916732,BULL,72,1.880476396831271
2024-06-21,-0.007580832397539177,BULL,72,1.8662208204393649
2024-06-24,0.0022406557988629266,BULL,72,1.8704023789426412
2024-06-25,0.0006665611119725747,BULL,72,1.8716491164321851
2024-06-26,-0.0022302988129238137,BULL,72,1.8674747796295965
2024-06-27,0.0028268014839571438,BULL,72,1.872753760107906
2024-06-28,-0.0007858938777728081,BULL,72,1.8712819743932612
2024-07-01,-0.00040347187616270746,BULL,72,1.870526964744223
2024-07-02,0.0022694112416057005,BULL,72,1.8747719596657402
2024-07-03,0.004659487327386134,BULL,72,1.8835074358535417
2024-07-05,0.0038077154923966136,BULL,72,1.8906792962970853
2024-07-08,0.002863182793051535,BULL,72,1.8960926567254222
2024-07-09,0.0010661167648969877,BULL,72,1.8981141128945553
2024-07-10,0.0073735580554607815,BULL,72,1.912109967501873
2024-07-11,-0.0031339779959488937,BULL,72,1.9061174569378874
2024-07-12,0.004552315167877857,BULL,80,1.9147947043488627
2024-07-15,0.0009648563098718256,BULL,80,1.916642206101463
2024-07-16,0.007282054307503562,BULL,80,1.9305992987343474
2024-07-17,-0.021013317165742135,BULL,80,1.8900310033500831
2024-07-18,-0.008436772833164928,BULL,80,1.8740852411271798
2024-07-19,-0.0033067197672923565,BULL,86,1.8678881664147537
2024-07-22,0.006796742398312637,BULL,86,1.8805837211107312
2024-07-23,0.00018201110029408723,BULL,86,1.880926008223006
2024-07-24,-0.020567425460023856,BULL,86,1.8422402027530589
2024-07-25,-0.005373022854181438,BULL,86,1.8323418040407748
2024-07-26,0.00747048175317407,BULL,88,1.8460302800534396
2024-07-29,0.0012843666540931764,BULL,88,1.8484012597875865
2024-07-30,-0.005327174764386629,BULL,88,1.8385545032419857
2024-07-31,0.011712703697157656,BULL,88,1.860088947369534
2024-08-01,-0.007396444306955485,BEAR,88,1.8463309030643316
2024-08-02,-0.0020192909171544812,BEAR,71,1.8426026238417121
2024-08-05,-0.014473370021685477,BEAR,71,1.8159339542639226
2024-08-06,0.005362854093782819,BEAR,71,1.8256725431045862
2024-08-07,-0.0013413126595427278,BEAR,71,1.8232237454103404
2024-08-08,0.007252504437512531,BEAR,71,1.836446683714507
2024-08-09,0.0026083252314333645,BEAR,64,1.8412367339358215
2024-08-12,-0.0030561102259188235,BEAR,64,1.835609711524903
2024-08-13,0.0059151337443907335,BEAR,64,1.8464675884710755
2024-08-14,0.0035882824651114614,BEAR,64,1.853093235741183
2024-08-15,0.004283329425664366,BEAR,64,1.8610306445263327
2024-08-16,0.0027242365688173943,BEAR,65,1.866100532263841
2024-08-19,0.004576389234451087,BEAR,65,1.8746405346500967
2024-08-20,-0.0019511104122817975,BEAR,65,1.8709829039836554
2024-08-21,0.001999882239483157,BEAR,65,1.8747246494637089
2024-08-22,-0.0018847455455675592,BEAR,65,1.8711912705314664
2024-08-23,0.007698320895650203,BEAR,67,1.8855963013891572
2024-08-26,0.0010398221115546116,BEAR,67,1.8875569861168073
2024-08-27,0.0011750967726227993,BEAR,67,1.8897750482393347
2024-08-28,-0.0024066211973238537,BEAR,67,1.8852270755500684
2024-08-29,0.0011057307096992315,BEAR,67,1.8873116290222607
2024-08-30,0.005166835618711326,BEAR,62,1.897063057970701
2024-09-03,-0.005434968472897341,BEAR,62,1.886752580059532
2024-09-04,0.0017727084632590889,BEAR,62,1.8900972423262794
2024-09-05,-0.004283591348221724,BEAR,62,1.8820008381317528
2024-09-06,-0.007257342881955549,BEAR,62,1.8683425127453028
2024-09-09,0.01187522693600229,BULL,81,1.890529504078334
2024-09-10,-0.0011635757738105957,BULL,81,1.8883297297477144
2024-09-11,0.004432667014561981,BULL,81,1.896700066653384
2024-09-12,0.005976876896572909,BULL,81,1.9080364094614928
2024-09-13,0.007978205105356895,BULL,81,1.9232591152846654
2024-09-16,0.004572047519386165,BULL,80,1.9320523473518396
2024-09-17,-0.0003921493255790457,BULL,80,1.931294694326842
2024-09-18,-0.002507670183175904,BULL,80,1.9264516442069528
2024-09-19,0.006820560497860092,BULL,80,1.9395911241924686
2024-09-20,0.00034228008208264313,BULL,80,1.940255007601664
2024-09-23,0.007580895177919602,BULL,77,1.954963877432726
2024-09-24,0.0023933434776427995,BULL,77,1.9596427774778071
2024-09-25,-0.0006900475821241985,BULL,77,1.9582905307173815
2024-09-26,1.4413312581325745e-05,BULL,77,1.9583187561709257
2024-09-27,-0.0021643955887475303,BULL,77,1.954080179693708
2024-09-30,0.003024143907801082,BULL,73,1.9599895993644836
2024-10-01,-0.0030587213874939977,BULL,73,1.9539945372576417
2024-10-02,0.0007685481173766301,BULL,73,1.9554962760806154
2024-10-03,-0.0018222120433509618,BULL,73,1.9519329472156133
2024-10-04,0.004964804090257501,BULL,73,1.9616239118958576
2024-10-07,-0.004611563425740303,BULL,74,1.952577758808701
2024-10-08,0.006186346340282068,BULL,74,1.9646570810810233
2024-10-09,0.009299544945404614,BULL,74,1.9829274979088436
2024-10-10,-0.002372509933186992,BULL,74,1.9782229827232654
2024-10-11,0.00809693114182922,BULL,74,1.9942405179975597
2024-10-14,0.00966073690429961,BULL,72,2.0135063509658284
2024-10-15,-0.005916623315330336,BULL,72,2.001593192344138
2024-10-16,0.0057202207762972685,BULL,72,2.0130427473086803
2024-10-17,-0.002762427565341489,BULL,72,2.007481862533304
2024-10-18,0.007004078786505983,BULL,72,2.021542423660969
2024-10-21,-0.0024292940943873307,BULL,71,2.016631502589616
2024-10-22,-0.006161102343252755,BULL,71,2.004206829513534
2024-10-23,-0.00774998522426228,BULL,71,1.9886742561984383
2024-10-24,0.0032903077158376536,BULL,71,1.995217606447896
2024-10-25,-0.003667248320065351,BULL,71,1.987900648032485
2024-10-28,0.006834140108747165,BULL,69,2.001486239583408
2024-10-29,-0.0007265651734639512,BULL,69,2.0000320293865594
2024-10-30,0.0013350578400318862,BULL,69,2.002702187827707
2024-10-31,-0.01186629867713127,BULL,69,1.978937525505599
2024-11-01,-0.002754849043384187,BULL,69,1.9734858513565428
2024-11-04,0.0013901825602000712,BULL,76,1.9762293569699
2024-11-05,0.018758550226996233,BULL,76,2.0133005546226843
2024-11-06,0.02891811887024704,BULL,76,2.071521419382797
2024-11-07,-0.00010958758989987955,BULL,76,2.071294406343021
2024-11-08,0.007130565982562191,BULL,76,2.086063907776762
2024-11-11,0.009019116684106545,BULL,83,2.1048783615715037
2024-11-12,-0.0014807600021169956,BULL,83,2.101761541884367
2024-11-13,-0.0037270692603398256,BULL,83,2.0939281310490454
2024-11-14,-0.00761860467856137,BULL,83,2.077975320393264
2024-11-15,-0.0038200485597960905,BULL,83,2.0700373537633037
2024-11-18,0.003242614967999131,BULL,84,2.076749687870934
2024-11-19,0.006163076934484193,BULL,84,2.0895488559709485
2024-11-20,0.0012342174993637861,BULL,84,2.0921278137347636
2024-11-21,0.009756012078296693,BULL,84,2.1125386379549003
2024-11-22,0.008066461732453584,BULL,84,2.129579350036293
2024-11-25,0.008196223113920655,BULL,74,2.1470338575279886
2024-11-26,-0.0008115595395496758,BULL,74,2.1452914117191755
2024-11-27,-0.00046468004210541267,BULL,74,2.1442945376156493
2024-11-29,0.003051042654546234,BULL,74,2.150836871713825
2024-12-02,-0.008795865333891331,BULL,74,2.131918400235062
2024-12-03,0.005797192704996213,BULL,64,2.144277542032552
2024-12-04,0.011523666041604767,BULL,64,2.168987480327448
2024-12-05,-0.0047434627831027705,BULL,64,2.158698968937499
2024-12-06,0.007639823401819637,BULL,64,2.1751910478378713
2024-12-09,-0.013084713459481121,BULL,64,2.146729296257284
2024-12-10,-0.0017850463397565196,BULL,75,2.142897284984552
2024-12-11,0.00801276480964288,BULL,75,2.1600678169403555
2024-12-12,-0.004383845839704552,BULL,75,2.150598412627582
2024-12-13,0.008131431609691701,BULL,75,2.1680858565397747
2024-12-16,0.00489419850357403,BULL,75,2.1786968990944717
2024-12-17,-0.006419764025327306,BULL,75,2.164710179119573
2024-12-18,-0.03179855923581044,BULL,75,2.0958755142604772
2024-12-19,0.0009833060098421182,BULL,75,2.0979364012495303
2024-12-20,0.009055664815352056,BULL,75,2.116934610103172
2024-12-23,0.0031394216371941302,BULL,75,2.123580560422655
2024-12-24,0.011375172400814298,BULL,71,2.14773665540448
2024-12-26,0.00020278568861718886,BULL,71,2.1481721856611147
2024-12-27,-0.009413135606495395,BULL,71,2.127951149571385
2024-12-30,-0.009473044560294117,BULL,71,2.1077929735093663
