Date,IWM,QQQ,SPY
2019-01-02,,,
2019-01-03,,,
2019-01-04,,,
2019-01-07,,,
2019-01-08,,,
2019-01-09,,,
2019-01-10,,,
2019-01-11,,,
2019-01-14,,,
2019-01-15,,,
2019-01-16,,,
2019-01-17,,,
2019-01-18,,,
2019-01-22,,,
2019-01-23,,,
2019-01-24,,,
2019-01-25,,,
2019-01-28,,,
2019-01-29,,,
2019-01-30,,,
2019-01-31,,,
2019-02-01,,,
2019-02-04,,,
2019-02-05,,,
2019-02-06,,,
2019-02-07,,,
2019-02-08,,,
2019-02-11,,,
2019-02-12,,,
2019-02-13,,,
2019-02-14,,,
2019-02-15,,,
2019-02-19,,,
2019-02-20,,,
2019-02-21,,,
2019-02-22,,,
2019-02-25,,,
2019-02-26,,,
2019-02-27,,,
2019-02-28,,,
2019-03-01,,,
2019-03-04,,,
2019-03-05,,,
2019-03-06,,,
2019-03-07,,,
2019-03-08,,,
2019-03-11,,,
2019-03-12,,,
2019-03-13,,,
2019-03-14,,,
2019-03-15,,,
2019-03-18,,,
2019-03-19,,,
2019-03-20,,,
2019-03-21,,,
2019-03-22,,,
2019-03-25,,,
2019-03-26,,,
2019-03-27,,,
2019-03-28,,,
2019-03-29,,,
2019-04-01,,,
2019-04-02,,,
2019-04-03,,,
2019-04-04,,,
2019-04-05,,,
2019-04-08,,,
2019-04-09,,,
2019-04-10,,,
2019-04-11,,,
2019-04-12,,,
2019-04-15,,,
2019-04-16,,,
2019-04-17,,,
2019-04-18,,,
2019-04-22,,,
2019-04-23,,,
2019-04-24,,,
2019-04-25,,,
2019-04-26,,,
2019-04-29,,,
2019-04-30,,,
2019-05-01,,,
2019-05-02,,,
2019-05-03,,,
2019-05-06,,,
2019-05-07,,,
2019-05-08,,,
2019-05-09,,,
2019-05-10,,,
2019-05-13,,,
2019-05-14,,,
2019-05-15,,,
2019-05-16,,,
2019-05-17,,,
2019-05-20,,,
2019-05-21,,,
2019-05-22,,,
2019-05-23,,,
2019-05-24,,,
2019-05-28,,,
2019-05-29,,,
2019-05-30,,,
2019-05-31,,,
2019-06-03,,,
2019-06-04,,,
2019-06-05,,,
2019-06-06,,,
2019-06-07,,,
2019-06-10,,,
2019-06-11,,,
2019-06-12,,,
2019-06-13,,,
2019-06-14,,,
2019-06-17,,,
2019-06-18,,,
2019-06-19,,,
2019-06-20,,,
2019-06-21,,,
2019-06-24,,,
2019-06-25,,,
2019-06-26,,,
2019-06-27,,,
2019-06-28,,,
2019-07-01,,,
2019-07-02,,,
2019-07-03,,,
2019-07-05,,,
2019-07-08,,,
2019-07-09,,,
2019-07-10,,,
2019-07-11,,,
2019-07-12,,,
2019-07-15,,,
2019-07-16,,,
2019-07-17,,,
2019-07-18,,,
2019-07-19,,,
2019-07-22,,,
2019-07-23,,,
2019-07-24,,,
2019-07-25,,,
2019-07-26,,,
2019-07-29,,,
2019-07-30,,,
2019-07-31,,,
2019-08-01,,,
2019-08-02,,,
2019-08-05,,,
2019-08-06,,,
2019-08-07,,,
2019-08-08,,,
2019-08-09,,,
2019-08-12,,,
2019-08-13,,,
2019-08-14,,,
2019-08-15,,,
2019-08-16,,,
2019-08-19,,,
2019-08-20,,,
2019-08-21,,,
2019-08-22,,,
2019-08-23,,,
2019-08-26,,,
2019-08-27,,,
2019-08-28,,,
2019-08-29,,,
2019-08-30,,,
2019-09-03,,,
2019-09-04,,,
2019-09-05,,,
2019-09-06,,,
2019-09-09,,,
2019-09-10,,,
2019-09-11,,,
2019-09-12,,,
2019-09-13,,,
2019-09-16,,,
2019-09-17,,,
2019-09-18,,,
2019-09-19,,,
2019-09-20,,,
2019-09-23,,,
2019-09-24,,,
2019-09-25,,,
2019-09-26,,,
2019-09-27,,,
2019-09-30,,,
2019-10-01,,,
2019-10-02,,,
2019-10-03,,,
2019-10-04,,,
2019-10-07,,,
2019-10-08,,,
2019-10-09,,,
2019-10-10,,,
2019-10-11,,,
2019-10-14,,,
2019-10-15,,,
2019-10-16,,,
2019-10-17,,,
2019-10-18,,,
2019-10-21,,,
2019-10-22,,,
2019-10-23,,,
2019-10-24,,,
2019-10-25,,,
2019-10-28,,,
2019-10-29,,,
2019-10-30,,,
2019-10-31,,,
2019-11-01,,,
2019-11-04,,,
2019-11-05,,,
2019-11-06,,,
2019-11-07,,,
2019-11-08,,,
2019-11-11,,,
2019-11-12,,,
2019-11-13,,,
2019-11-14,,,
2019-11-15,,,
2019-11-18,,,
2019-11-19,,,
2019-11-20,,,
2019-11-21,,,
2019-11-22,,,
2019-11-25,,,
2019-11-26,,,
2019-11-27,,,
2019-11-29,,,
2019-12-02,,,
2019-12-03,,,
2019-12-04,,,
2019-12-05,,,
2019-12-06,,,
2019-12-09,,,
2019-12-10,,,
2019-12-11,,,
2019-12-12,,,
2019-12-13,,,
2019-12-16,,,
2019-12-17,,,
2019-12-18,,,
2019-12-19,,,
2019-12-20,,,
2019-12-23,,,
2019-12-24,,,
2019-12-26,,,
2019-12-27,,,
2019-12-30,,,
2019-12-31,,,
2020-01-02,0.2011716398647876,0.3186344293155645,0.26304070478902686
2020-01-03,0.21916669735447547,0.35249236634356973,0.28523985288562614
2020-01-06,0.18336240854741392,0.30356962079055316,0.2512582896940476
2020-01-07,0.164174562344646,0.2907776906533408,0.2437019920714134
2020-01-08,0.1599904727228736,0.292892750545388,0.243379874055915
2020-01-09,0.14830231176827535,0.27662329911436756,0.2337048128347874
2020-01-10,0.14308925474087641,0.27192168969780006,0.22799710736527357
2020-01-13,0.1424200290111326,0.2833530284313872,0.23100755996725608
2020-01-14,0.16384179598601745,0.304459964607142,0.24923962630917362
2020-01-15,0.14967168292555888,0.28368933320032275,0.23582430649177288
2020-01-16,0.1492030917988576,0.29681601246655376,0.24131088659518762
2020-01-17,0.14457807211090445,0.287409423846656,0.2322339452687483
2020-01-21,0.1351264764166722,0.2757630620604352,0.2161246863541333
2020-01-22,0.1583289863482622,0.30997750331050855,0.23783301218081698
2020-01-23,0.16321521661549654,0.3135545432100246,0.24066418585908766
2020-01-24,0.15855702860840593,0.3085506667152529,0.24189895465897027
2020-01-27,0.14646687040825812,0.2937716925728955,0.23151751606171245
2020-01-28,0.15264693768457582,0.32151196757986056,0.24755514134984358
2020-01-29,0.14972218467061738,0.3329845022283746,0.24890312766746292
2020-01-30,0.13439599496617327,0.29139777630586616,0.22266202163412374
2020-01-31,0.12637039626298896,0.2747503645050837,0.2149617548487408
2020-02-03,0.12621198901478792,0.3015304527126692,0.22573384916765393
2020-02-04,0.10856920122080038,0.2737865206221102,0.20795399432203343
2020-02-05,0.10887067936442918,0.2707499936609645,0.20750019274767983
2020-02-06,0.10657388315505645,0.27437294756020414,0.20569469889486447
2020-02-07,0.11919320919990106,0.30142943738008876,0.22378605421676911
2020-02-10,0.11935044550883855,0.3098877042585588,0.23058163705893198
2020-02-11,0.10593192322716893,0.30777925757905833,0.22636060683898562
2020-02-12,0.09935818013712905,0.3035913742381795,0.2191171981022968
2020-02-13,0.10030619863622792,0.29754771847289696,0.21331884215796748
2020-02-14,0.10307410633227732,0.2964862425182291,0.21876389201250368
2020-02-18,0.09978762570621491,0.3034304260895835,0.21565488582529735
2020-02-19,0.09379238194488959,0.3072952267466105,0.21733225232898445
2020-02-20,0.07963462827219359,0.30693769470174304,0.21250467194149403
2020-02-21,0.0830556931346067,0.31520182337935543,0.21697863435914555
2020-02-24,0.073036629364849,0.30973930372483194,0.21086660697036574
2020-02-25,0.05956847090409112,0.2940016415884763,0.198466750974442
2020-02-26,0.05479208891839815,0.26596047288903013,0.18010113366726266
2020-02-27,0.06207811150435205,0.2862200179100365,0.1929798654520598
2020-02-28,0.05965972557621968,0.29128648047531636,0.19421875591703053
2020-03-02,0.049882810157303226,0.28696817961941057,0.19065981977786972
2020-03-03,0.03748343412899158,0.2663422002181757,0.17330795645527886
2020-03-04,0.05395877299307572,0.28451806829435466,0.18363343510232366
2020-03-05,0.09126121844828461,0.321413506024508,0.20899646764775737
2020-03-06,0.1178728246206735,0.3422432658406085,0.2332750581923666
2020-03-09,0.11562765552830534,0.35588537521721375,0.23990430708969868
2020-03-10,0.08300043315308536,0.32254777265344137,0.21566760925145978
2020-03-11,0.08854523490359267,0.33121774344015287,0.22014150486095518
2020-03-12,0.09178104024940659,0.3215183183023056,0.2142187433945022
2020-03-13,0.10378788820194584,0.33665651969573696,0.22282447139962103
2020-03-16,0.10374518830048163,0.3226693394591582,0.21551462873270966
2020-03-17,0.0924996460814198,0.32330551607240987,0.2130630906612343
2020-03-18,0.09571475006834618,0.3193772124846552,0.2096376438430534
2020-03-19,0.11059500898029295,0.3267623475013106,0.21909063915553384
2020-03-20,0.09888731310680487,0.2942142520105995,0.2005226292310709
2020-03-23,0.12883198564841192,0.2978599725344069,0.21147562790440522
2020-03-24,0.09004368765952298,0.25019058371346636,0.1721780436957876
2020-03-25,0.04036509949725864,0.2105579210006041,0.1282487932669436
2020-03-26,0.032328679212252354,0.22466261670738819,0.1300077427629207
2020-03-27,-0.012829708623391278,0.16066369699296223,0.07518175944879535
2020-03-30,-0.03388483900865891,0.15283895595826502,0.06395536512511701
2020-03-31,-0.013613427458075256,0.19647923044603144,0.09702209050686084
2020-04-01,-0.03122568600751152,0.1537378896138959,0.06508979409948124
2020-04-02,-0.008795495666737319,0.19500842364231286,0.1081147741700792
2020-04-03,-0.04500225104604294,0.15914278026567086,0.06844426113041568
2020-04-06,-0.07261476332414452,0.13372265290028995,0.045720319496777684
2020-04-07,-0.1613987931045252,0.05229111805075415,-0.03667962182268769
2020-04-08,-0.12451866987991067,0.11349872958035401,0.01838681141030274
2020-04-09,-0.19119683213947114,0.05931545656465209,-0.034550864253550584
2020-04-13,-0.27965519373515346,-0.03552672920880673,-0.12668018086978705
2020-04-14,-0.23418340995001274,0.04166582453145029,-0.05839404244934154
2020-04-15,-0.33362854571038036,-0.08326092851758748,-0.16087870576670538
2020-04-16,-0.30471853038109,-0.0171187790388887,-0.11615176859836696
2020-04-17,-0.3526946555726078,-0.05032403285483111,-0.15884562115216583
2020-04-20,-0.32545430294187405,-0.04584690871188335,-0.15871446294710723
2020-04-21,-0.33975547201449474,-0.08581272751539804,-0.1956625605188046
2020-04-22,-0.35918234590417086,-0.09664154297856609,-0.22321288396401484
2020-04-23,-0.30272118687439264,-0.02360963955280282,-0.1509488408066577
2020-04-24,-0.2881554340154322,-0.03475763880760152,-0.13770729082761546
2020-04-27,-0.25114133991066867,0.015166788680357257,-0.09158836320676778
2020-04-28,-0.2818363553008284,-0.021646726155638008,-0.12002567165345912
2020-04-29,-0.2625817119671875,0.021856731934561946,-0.09191146476688405
2020-04-30,-0.25928024793442794,0.016401103925154148,-0.09867214844947558
2020-05-01,-0.3129560644774586,-0.022542853884438552,-0.13737365099811605
2020-05-04,-0.3194548957687213,-0.018360754466088425,-0.12602260174196478
2020-05-05,-0.33947344996263473,-0.02633163858660137,-0.1350960877816687
2020-05-06,-0.27454695552061326,0.06400686626506347,-0.06132804176432982
2020-05-07,-0.26910657213980127,0.06626460712669635,-0.05906410684682051
2020-05-08,-0.2329833664744302,0.09479707388323377,-0.024526986119693395
2020-05-11,-0.19848570957311984,0.095016953395475,-0.014632736845154204
2020-05-12,-0.19452550892906317,0.14663831891170864,0.0015400164292476148
2020-05-13,-0.18842122118322147,0.18351710889865824,0.021836745751413034
2020-05-14,-0.224056112485002,0.15364825131874515,-0.005698699585270028
2020-05-15,-0.2346879925890567,0.16300274773481194,-0.010070244520638538
2020-05-18,-0.1896830922339242,0.1862520060674575,0.023288930409311126
2020-05-19,-0.1936503490096425,0.1923301762877374,0.011951670277153825
2020-05-20,-0.22334237212986674,0.13646060195913878,-0.027541964414897868
2020-05-21,-0.20726102916117706,0.17542029135347526,-0.0028958851061162694
2020-05-22,-0.18265218816558249,0.1911405474244794,0.009365220986764511
2020-05-26,-0.1763116190171934,0.2105361794602849,0.021118626264209572
2020-05-27,-0.13680711852042948,0.22487954404272936,0.04556549025093748
2020-05-28,-0.11687886007749282,0.21177730566357145,0.047788622511598655
2020-05-29,-0.07087658557182352,0.249495673101638,0.0722897211764344
2020-06-01,-0.09351634072497417,0.2692299352664205,0.07681664849194836
2020-06-02,-0.132513692563342,0.2612265055020224,0.05098205737866235
2020-06-03,-0.1507599411818531,0.24098688076901276,0.03149054921024175
2020-06-04,-0.14437668340430687,0.24579667693623808,0.03208074760534796
2020-06-05,-0.14844825470642675,0.24358584694633523,0.01846178447388014
2020-06-08,-0.142863435720184,0.2357350580879254,0.020539449327071413
2020-06-09,-0.11499315446143865,0.2382389774030289,0.032686314036005415
2020-06-10,-0.11678726788841165,0.24760432138933952,0.033148318429582435
2020-06-11,-0.1494637763507668,0.22858387969180383,0.014347060438813841
2020-06-12,-0.18652580512722872,0.20606382429512293,-0.007687721742133391
2020-06-15,-0.17666665314554175,0.2249646072579803,0.005298616877156492
2020-06-16,-0.16929041181979898,0.2255348800750432,0.009536126376849863
2020-06-17,-0.12894246651655383,0.23048840812101723,0.02950617339582351
2020-06-18,-0.149181546422113,0.22281314657749718,0.016637357980451295
2020-06-19,-0.12752776498662421,0.23573893146650993,0.02412355076559769
2020-06-22,-0.11835732173595093,0.224095852115769,0.018533401978527708
2020-06-23,-0.10319528525911026,0.2282819579187314,0.021718443628327977
2020-06-24,-0.0716556716686999,0.24636100818423246,0.04455191554504423
2020-06-25,-0.04060321982364756,0.24736244937484853,0.061151887704456565
2020-06-26,-0.08058699393535407,0.24099542984373779,0.055451327927644956
2020-06-29,-0.09684552758864207,0.25756101808603415,0.054726710690934155
2020-06-30,-0.09170229073615621,0.2445388188632045,0.049462255299352664
2020-07-01,-0.07858101418492225,0.2479413056386517,0.05540359113900961
2020-07-02,-0.06306149386446747,0.24419165995895087,0.06096691821065825
2020-07-06,-0.06692860613663687,0.23798757365012713,0.05938503138850182
2020-07-07,-0.02155050871440989,0.2714508212096818,0.09254008503053446
2020-07-08,-0.003938096787795109,0.2749334368759706,0.10436962482477519
2020-07-09,-0.02404768798113932,0.2714988908405698,0.09092180360766111
2020-07-10,-0.04588920629550097,0.2876953902060353,0.08229753784842919
2020-07-13,-0.12543987922606314,0.21687137970942905,0.015358399368930131
2020-07-14,-0.09972573916678251,0.2226263921684417,0.027176328705475816
2020-07-15,-0.07861530492797941,0.24390907024361086,0.040121039963016525
2020-07-16,-0.0496660042998458,0.2715240350995469,0.0674041108566994
2020-07-17,-0.07034396439650603,0.27409792941322886,0.05909301608660522
2020-07-20,-0.06529491615797067,0.2869801760591013,0.06541895143995724
2020-07-21,-0.0692620526192319,0.2766109715716405,0.05673463026095993
2020-07-22,-0.06615248355756254,0.28352045328988007,0.055963856778551646
2020-07-23,-0.07748376145636315,0.2854233150080647,0.055863027477063065
2020-07-24,-0.09650131056418121,0.27097242817836564,0.03386832522333738
2020-07-27,-0.0935882287069516,0.2699968401926198,0.03799659479761486
2020-07-28,-0.11205182999291852,0.24427475559575718,0.01519166520565074
2020-07-29,-0.0928283765265362,0.2632981693954344,0.03264762717405256
2020-07-30,-0.07219225009613484,0.30612413123755644,0.057444539070714784
2020-07-31,-0.06748426777680794,0.3279711474318996,0.07420507150490763
2020-08-03,-0.05317727987015708,0.3569654875466226,0.0883155801915474
2020-08-04,-0.016816524946974165,0.44125256538919855,0.13938086145475248
2020-08-05,-0.043021485439488805,0.4115635344691859,0.1120352333361565
2020-08-06,-0.035630945840682604,0.4224719261872636,0.11987966091820423
2020-08-07,-0.07507582953375203,0.4038996375694277,0.09207735235931835
2020-08-10,-0.04819793551400353,0.4269005394818328,0.11079420140945717
2020-08-11,-0.04792834312828398,0.413771497668848,0.1147463762407206
2020-08-12,-0.04247073582607319,0.3932462862539874,0.11190003029412887
2020-08-13,0.021177516728752677,0.4390886106040992,0.15630500159046457
2020-08-14,0.019182011098257234,0.43091440725794383,0.14945979298836432
2020-08-17,0.0005855018369702591,0.4099411298013269,0.13603020728515625
2020-08-18,-0.013668966173609132,0.4272423737297977,0.13157850851007757
2020-08-19,0.006891502347511791,0.42339860217307623,0.14274218737776256
2020-08-20,-0.0008042111742144753,0.4158422084499871,0.13997200858734415
2020-08-21,0.002541120578933631,0.3833340737363726,0.12671718433805745
2020-08-24,0.019044493875498558,0.41497560158326086,0.14897502258232764
2020-08-25,0.018443456009365367,0.418794112388315,0.14469561895876293
2020-08-26,0.023474982668892252,0.40370215389278075,0.14191540635510647
2020-08-27,0.0339637179954575,0.4148178366550459,0.1478765890609668
2020-08-28,0.012129125063086166,0.40080704060240824,0.1293560157508744
2020-08-31,0.0044220418970846165,0.42922803288766964,0.13878604089818092
2020-09-01,0.03595430058155591,0.46273317214015264,0.1534479604436787
2020-09-02,0.03475342431656614,0.4472703019919191,0.14490811627647182
2020-09-03,0.03606838549511071,0.42475655945813173,0.13739752317088305
2020-09-04,0.04043099829663643,0.4450588737954524,0.1441170661185598
2020-09-08,0.04295958424117985,0.431367744781904,0.14436222046461977
2020-09-09,0.040491166374690524,0.42936369169483934,0.14805204412922457
2020-09-10,0.013734719214258728,0.38924566885949985,0.13053619030961072
2020-09-11,0.017610984976826227,0.41829106008296346,0.14234194383230658
2020-09-14,0.013736208445680242,0.4266201414478157,0.14103406886668224
2020-09-15,0.009305774680075318,0.4313377789077699,0.144603089261512
2020-09-16,0.01715103116687211,0.44104021999174026,0.1453393091452535
2020-09-17,0.013667655865541306,0.4555151941061286,0.1471276758366249
2020-09-18,0.01867857482258084,0.44332412269765675,0.1424272662768833
2020-09-21,0.01666403608868605,0.4789907475930193,0.15142436910346335
2020-09-22,0.009937499339623956,0.488584090467431,0.15578039738699467
2020-09-23,0.036159119849410004,0.5180399490098744,0.17672545774160775
2020-09-24,0.026045462375102302,0.5129920029267325,0.17389998977851318
2020-09-25,0.031125246769396764,0.5509892684517184,0.1881435919440726
2020-09-28,0.041989110020828724,0.5655828917695216,0.19719158756476807
2020-09-29,0.049567093141333896,0.5587096087559278,0.1993624001001395
2020-09-30,0.059061896426594984,0.5841512755701534,0.20940270972152408
2020-10-01,0.07933797394262054,0.6394167850678545,0.2427466263229645
2020-10-02,0.0843115538808954,0.6369739488089365,0.25047736258468367
2020-10-05,0.04240940749300748,0.5314280371287086,0.1913216129348776
2020-10-06,0.03757528998480808,0.5155955999238266,0.1867151043223687
2020-10-07,0.03442500741529364,0.46469255981793833,0.17249269841858994
2020-10-08,0.045312467021698444,0.4931431703193343,0.18439934783283096
2020-10-09,0.027586885517198123,0.4521285370207302,0.15601493011707745
2020-10-12,0.0037558104169557183,0.4237157874887494,0.14473655674219832
2020-10-13,0.03398974412174183,0.44866207026955984,0.16110683409452675
2020-10-14,0.024178647301112743,0.4507461962991586,0.15553256117141312
2020-10-15,0.032769716287746053,0.4311614720645409,0.15279858695368143
2020-10-16,0.01326388268002976,0.4050916780934892,0.1392994502514584
2020-10-19,0.015461407471891508,0.4006189723669802,0.13113408337629395
2020-10-20,-0.02920871440351458,0.3916365862618656,0.11101348438750858
2020-10-21,-0.022805479261893913,0.42886885008245934,0.12600701589758256
2020-10-22,-0.05308477634824538,0.3825729625661889,0.09670312942564507
2020-10-23,-0.05173371895537082,0.3756282712830432,0.0978321047445947
2020-10-26,-0.04143031591901347,0.39645773741557777,0.11103140217633123
2020-10-27,-0.02621344513949997,0.41153572289995966,0.12315399595553278
2020-10-28,-0.033779669602341245,0.41613763946961235,0.1173690514072585
2020-10-29,-0.027644379480169068,0.41896018363528253,0.12239765295525218
2020-10-30,-0.006537300589911643,0.4408240867702178,0.13262045620267426
2020-11-02,-0.01888846111452691,0.3876883916951903,0.11156933634701605
2020-11-03,0.002807555511494364,0.40857074203554444,0.12675412255002083
2020-11-04,-0.0013222529779233216,0.3826726217450067,0.11196563234668333
2020-11-05,0.026417897531332057,0.40975947405352686,0.1310638703171878
2020-11-06,0.03534273793462894,0.412526362223133,0.13708885029681062
2020-11-09,0.03790295190457571,0.4284084537212629,0.14442097230968143
2020-11-10,0.04683015360762255,0.47448253281101094,0.16505688083590786
2020-11-11,0.039536599423151575,0.4701891896142294,0.1550192032573352
2020-11-12,0.033675174272243646,0.4575476529840634,0.14738976416572336
2020-11-13,0.044657344900305596,0.44891574760101194,0.14430645624959526
2020-11-16,0.036712982350233236,0.4304648547479746,0.13539843611887248
2020-11-17,0.026909435943636595,0.4060028962190263,0.11731219920822111
2020-11-18,0.025333841189479678,0.4069468137929486,0.12211182066087667
2020-11-19,0.02038019550398773,0.41434242084482675,0.12416823336913652
2020-11-20,0.04311911954052228,0.41744862835974295,0.1321561165869558
2020-11-23,0.04591737770089477,0.41932670849239395,0.13347950780680606
2020-11-24,0.0020603777049037486,0.3816810941548807,0.1039767834074925
2020-11-25,-0.0072201557548094986,0.3898156008154212,0.09768379144160133
2020-11-27,-0.0445218197899484,0.32636108837844646,0.055461319639457995
2020-11-30,-0.026781322792397644,0.355739794055667,0.07015741603496783
2020-12-01,-0.03016869192250715,0.3350240016612631,0.06807466361510461
2020-12-02,-0.009721161069261464,0.34856020430555845,0.08733788182997504
2020-12-03,0.011401562028380718,0.3649734717734221,0.09974999400961271
2020-12-04,0.011531038004844785,0.42309230011587795,0.1223108531197612
2020-12-07,0.027836240057833583,0.4447374141641154,0.13384228613603333
2020-12-08,0.02174134445428111,0.4524057491743645,0.13715847763615474
2020-12-09,0.05812093055005185,0.42391364244681906,0.15273341482690594
2020-12-10,0.07811029984294082,0.39103709422561406,0.147784752393342
2020-12-11,0.06847181530552149,0.4116178977616096,0.14642970172755354
2020-12-14,0.056127885820306034,0.4003809414832149,0.1346288356615435
2020-12-15,0.07045329449756688,0.3986243573920343,0.14248787999437296
2020-12-16,0.09047833883162437,0.4087295706736511,0.1564958003574859
2020-12-17,0.09344905306619067,0.40318875424984224,0.15020389536380208
2020-12-18,0.07351294507380168,0.3841655188336679,0.13172250525360707
2020-12-21,0.08018402298819804,0.389395574864849,0.13152632501437078
2020-12-22,0.07919654210399285,0.37625645529618734,0.12206413069363542
2020-12-23,0.09687554181669689,0.37558941673486856,0.1287547952719652
2020-12-24,0.11750012144592925,0.3827153791185369,0.14086986669862145
2020-12-28,0.1191846270793897,0.3923865973234,0.13939347740809027
2020-12-29,0.12679294090355375,0.4144869149320807,0.1489008364626998
2020-12-30,0.10478311778374283,0.4147063682096692,0.14104240850491978
2020-12-31,0.11429656903111063,0.4093058632455835,0.14283453174428162
2021-01-04,0.11984591256897703,0.4241625740477435,0.15397720969464945
2021-01-05,0.12465446665516744,0.41704714989154956,0.14927826174467218
2021-01-06,0.15466725732242215,0.42302011545252993,0.16245063200017418
2021-01-07,0.15220572079602812,0.42040207059130585,0.15391248571833582
2021-01-08,0.16559766265226283,0.4132346404037528,0.14949416064719712
2021-01-11,0.16145653574268115,0.38477864143683105,0.14247240145010998
2021-01-12,0.16511701750200158,0.37448311562944103,0.13429764046352943
2021-01-13,0.15514459088726018,0.3768598832282395,0.1346978664165024
2021-01-14,0.15096848137310426,0.3862824207658382,0.12707067671034578
2021-01-15,0.16472175266798117,0.3878009722171831,0.13288359165100339
2021-01-19,0.16369143018784138,0.3885614923477414,0.13114106261339864
2021-01-20,0.18738179245845088,0.39826560889669005,0.13969829737897
2021-01-21,0.1824109452558451,0.3903650053284289,0.13501039974960993
2021-01-22,0.18258229269341197,0.3833154610314582,0.12965650565503095
2021-01-25,0.2109254107211036,0.39884856210857755,0.13787181153360906
2021-01-26,0.23526988449216102,0.42115899608437957,0.15744742180378246
2021-01-27,0.2242798877658756,0.40583611503021766,0.14990051098973822
2021-01-28,0.2267220768477436,0.417700936335756,0.16073791729207776
2021-01-29,0.20296359804093322,0.4139346230426255,0.15477585623561319
2021-02-01,0.2409517099888725,0.4367636628275029,0.17781013103067433
2021-02-02,0.2250800970086302,0.41886039499091754,0.17506538417040352
2021-02-03,0.1911057503830189,0.36752541739912736,0.1416675648719261
2021-02-04,0.1911490615413125,0.3742685260877754,0.1364073222011426
2021-02-05,0.24271097109331374,0.3436329365458288,0.13936740605571085
2021-02-08,0.2805536787665408,0.3820826675179536,0.16249158780447437
2021-02-09,0.2706187800238986,0.3831372799776622,0.16045157363978224
2021-02-10,0.2607730385642,0.3629158613823109,0.15063536898088148
2021-02-11,0.2745920255752994,0.3476214348793307,0.14351090912087772
2021-02-12,0.26217818479783217,0.358462210170738,0.14781505010407536
2021-02-16,0.29237560595391376,0.347339573644905,0.14196604443336103
2021-02-17,0.27584128830221744,0.3361544807604393,0.13656667550511425
2021-02-18,0.28558757430752824,0.3427777570549082,0.14004050212078023
2021-02-19,0.28811286301876016,0.38688699577194097,0.1605849177053631
2021-02-22,0.2900045078109619,0.4253615040226477,0.17373023874882954
2021-02-23,0.3454987009341941,0.47826367075783227,0.20969589835555347
2021-02-24,0.3937175703058817,0.5321449195660211,0.2524179639167352
2021-02-25,0.40026453287748254,0.5265185650956785,0.25507952395319244
2021-02-26,0.4247625125313006,0.5621897119933645,0.28198043914262483
2021-03-01,0.4466992853124545,0.5702108953572778,0.29846130533816817
2021-03-02,0.38045676448374843,0.4617452316440638,0.21964795386788527
2021-03-03,0.4438153909404505,0.5479083692406175,0.27649860622242306
2021-03-04,0.4238642298836204,0.5101527676085365,0.2423300080441788
2021-03-05,0.47504964199117583,0.551293687029708,0.286057882083244
2021-03-08,0.5355720947640956,0.596578392876066,0.3225377798283442
2021-03-09,0.7245306512496976,0.7215810284300206,0.44021604455691277
2021-03-10,0.715023176625807,0.6436192358890933,0.37924783352652836
2021-03-11,0.840131512803842,0.7181067142096877,0.4489639964669967
2021-03-12,1.0551428098991344,0.8872346210807776,0.6015661539999979
2021-03-15,0.9239193277301663,0.7494271648891992,0.47781983853302945
2021-03-16,1.2244718843934823,0.9986146324404661,0.6675942470162926
2021-03-17,1.1135864628015888,0.8526981356479166,0.5807990249412225
2021-03-18,1.2732233429418534,0.9016490149061334,0.6654907497667062
2021-03-19,1.1539875453253932,0.882037630395553,0.654886162409436
2021-03-22,1.2524682452464644,0.9502321320912936,0.7263594093015913
2021-03-23,1.2714655835203255,0.8983112634707069,0.7580305657528106
2021-03-24,1.0627414313291346,0.756630104634131,0.6139378953942984
2021-03-25,1.0855619246274975,0.7843238919046933,0.6076554510409462
2021-03-26,0.8908692729890595,0.6359666517038052,0.48236213757456636
2021-03-29,0.9595710377903499,0.7013309416600442,0.5199984270257874
2021-03-30,0.9854805232005095,0.6910030694090721,0.5078745784362448
2021-03-31,0.9571438116633131,0.6782133374307422,0.5187458458152889
2021-04-01,1.0775341782720473,0.7018213651180507,0.5692526665309519
2021-04-05,1.0005240847549501,0.6406699889845184,0.5148774388693111
2021-04-06,1.1024958012084118,0.6893560379648167,0.5653717916599634
2021-04-07,0.9622105093010158,0.5319941391649563,0.4595466235773664
2021-04-08,0.9983296744905072,0.593066684835243,0.4788771246470862
2021-04-09,0.9443682350996461,0.5554927386557256,0.4397529718646964
2021-04-12,0.8964053885051355,0.589019628422911,0.4325508268610414
2021-04-13,0.9606836482340582,0.5592838084034446,0.44769746381391706
2021-04-14,0.9285563679437492,0.5102587936666831,0.41461051180517194
2021-04-15,0.9769566699835086,0.536167630489844,0.4434970515370722
2021-04-16,1.0076484347863763,0.5148613742494206,0.44146538872756547
2021-04-19,0.8644197759690546,0.45454648067443637,0.3831266109996363
2021-04-20,0.9009176134927266,0.4771696683059248,0.40532687731044303
2021-04-21,0.93274123284278,0.5625280239400501,0.46090602270031344
2021-04-22,0.8402815747578711,0.5108771399168137,0.4179371897289266
2021-04-23,0.7802427987368135,0.48857068715294605,0.4108304808892673
2021-04-26,0.7916339772993606,0.4629223555330966,0.39926295359581854
2021-04-27,0.7547719253496579,0.47301810071445516,0.4016035209040414
2021-04-28,0.6809406718486026,0.500867060842431,0.40736742711070706
2021-04-29,0.629118600431199,0.44217242893422704,0.3678257807073835
2021-04-30,0.7162638982240026,0.4648438057516091,0.3862771350894023
2021-05-03,0.809818172385794,0.5330218394113415,0.4393522404286241
2021-05-04,0.8119483750388392,0.545610681076246,0.45599513831970806
2021-05-05,0.7927955915701763,0.5272231525986502,0.44181479326289574
2021-05-06,0.7769110313824976,0.5215486090766073,0.45333467824032114
2021-05-07,0.767782098043891,0.517878567870693,0.44282247207356185
2021-05-10,0.7023010019534466,0.5064285677192946,0.4296570676120468
2021-05-11,0.704145165081943,0.49113377234745226,0.42988474600213866
2021-05-12,0.7630054463586002,0.5407999732885205,0.46328805719927035
2021-05-13,0.8420429088445713,0.5415919043861985,0.4845467063651998
2021-05-14,0.8440330495406227,0.5473890356976936,0.4827498950590685
2021-05-17,0.8180508214439157,0.5392096088951315,0.48089771106992174
2021-05-18,0.6916339071629096,0.4972264682400449,0.43006344773034044
2021-05-19,0.6903766217780849,0.49004773963265924,0.4343248832134434
2021-05-20,0.6807869272678424,0.4733829102555325,0.42371041198242954
2021-05-21,0.6708443062319225,0.4716496585002694,0.42051481904266597
2021-05-24,0.6941611470000679,0.4850506490336073,0.43319502000289356
2021-05-25,0.6638144298964028,0.49876640394089344,0.4187074350607407
2021-05-26,0.6161034798975458,0.4841736354088917,0.3976067782389445
2021-05-27,0.6581468636264314,0.48108484833848,0.3997875180747328
2021-05-28,0.6615023360583905,0.46494921512813603,0.40245959710468227
2021-06-01,0.6233666193890572,0.45099486173277237,0.387635647066944
2021-06-02,0.6179234946066376,0.43365127496984757,0.3792085037705111
2021-06-03,0.560946772225376,0.40154627236863494,0.35269794255512266
2021-06-04,0.556983523553743,0.40670030506591504,0.3566846247543014
2021-06-07,0.5003102942703139,0.3897478459727226,0.3333452907545462
2021-06-08,0.49030489602509797,0.39023628470864646,0.3270091018942578
2021-06-09,0.47977282298697066,0.34538018651137525,0.3237394895104102
2021-06-10,0.5162267940325718,0.327588130631423,0.31928724085278515
2021-06-11,0.5881285138758163,0.36064496900976906,0.3702524953709476
2021-06-14,0.579465716753903,0.36035200125017086,0.370301644028028
2021-06-15,0.5814827699615281,0.37367107126975974,0.378473924613298
2021-06-16,0.5464464777678884,0.3422871218362451,0.3490018072213319
2021-06-17,0.5629616201061369,0.32901146846334517,0.34295773233955495
2021-06-18,0.5514829572239597,0.3269428745488814,0.33892096329698496
2021-06-21,0.5698911622363856,0.35283174327476186,0.3611036854485792
2021-06-22,0.5583851473299777,0.3294015432935602,0.351320240813062
2021-06-23,0.5619349986837583,0.3403528966634295,0.3588400680115742
2021-06-24,0.598711651406644,0.3704603307556986,0.3913158428746477
2021-06-25,0.6042998929400831,0.36226643219556465,0.37929088456193716
2021-06-28,0.6656485873910953,0.3899947311008982,0.4135899741809408
2021-06-29,0.611824312826263,0.3793354102843063,0.39560561034380615
2021-06-30,0.6068970609060993,0.3483212761019465,0.3767411203011626
2021-07-01,0.6242269417197497,0.33536819308818044,0.36931460211012346
2021-07-02,0.6040802159837622,0.3125643318633755,0.35676083987844276
2021-07-06,0.5994544176009844,0.3028095240069284,0.3483545130806791
2021-07-07,0.6501286725246846,0.31575568551390054,0.36108478685758794
2021-07-08,0.6552639542763423,0.2992674486921141,0.3510409182065397
2021-07-09,0.6781800494850594,0.28872048334202427,0.35674955204860237
2021-07-12,0.6393305580594482,0.29331913956347067,0.34927935919882835
2021-07-13,0.6778869552712408,0.32393526251834537,0.3633133792553531
2021-07-14,0.6457153113200678,0.3272274769104986,0.34888576148228045
2021-07-15,0.5829762133891865,0.31588109685799237,0.33415455362469504
2021-07-16,0.5890109762353533,0.3200821000324079,0.33108947932174293
2021-07-19,0.5665674348079681,0.3352975398174127,0.3268015248388778
2021-07-20,0.5376111130451855,0.28826972552859687,0.29840889070572096
2021-07-21,0.5485305375865559,0.30992653236184786,0.3142010819499115
2021-07-22,0.5547195637525997,0.31749626988626,0.31374915388518976
2021-07-23,0.558258454671938,0.35349350451602546,0.3280112125441359
2021-07-26,0.603852427231377,0.37491840635515095,0.34452651338296914
2021-07-27,0.590005196079495,0.3491551260318051,0.3395337040304671
2021-07-28,0.5932785994616807,0.38316348981656567,0.35080185912465955
2021-07-29,0.5514855308702482,0.3723514115678208,0.3351083961726127
2021-07-30,0.5578427430404573,0.3630500084090935,0.34101670391592953
2021-08-02,0.5864929350043016,0.33968098146128933,0.3378694224961325
2021-08-03,0.5462263957445899,0.33699993509162907,0.33878809704222634
2021-08-04,0.5133522996927502,0.33781249799732116,0.33120699587096447
2021-08-05,0.4700343274383547,0.3373215846537232,0.3276657759299808
2021-08-06,0.4570694829466486,0.31186916208401216,0.3081040545315723
2021-08-09,0.46458226815392645,0.3354746414902614,0.3211189527451346
2021-08-10,0.4507619129865361,0.3464434585639802,0.32190049140749055
2021-08-11,0.4316770965829304,0.3724392392151701,0.32835940492334137
2021-08-12,0.4038599392980535,0.3411682918211367,0.31204836083813836
2021-08-13,0.39883698449589833,0.3287180316689582,0.30993518341277837
2021-08-16,0.382490346151082,0.3195057991001944,0.2996220742164859
2021-08-17,0.35479468256490265,0.29367387194363515,0.2763746648541845
2021-08-18,0.41032094868663593,0.2962254055315474,0.29187459275429206
2021-08-19,0.4345206307180447,0.31507990526956586,0.30777937007422995
2021-08-20,0.4175173030298358,0.30566144419435837,0.3064502408363923
2021-08-23,0.4347264205456922,0.3118166814612602,0.31522536925543987
2021-08-24,0.42398789197655207,0.304703400387456,0.3052279002703515
2021-08-25,0.40583795289923197,0.28026214918601333,0.2947483550263619
2021-08-26,0.43550494204954004,0.25832899636817164,0.281370946334337
2021-08-27,0.4430280571575629,0.264505617452117,0.2838780590399863
2021-08-30,0.42145267758371796,0.25155112974456806,0.2694433229385882
2021-08-31,0.4297569389804079,0.2416796555611218,0.2713857748447812
2021-09-01,0.4194175518086183,0.22821313545448318,0.26976956160192067
2021-09-02,0.3906861021548893,0.2184503232711863,0.2455082497773351
2021-09-03,0.45876354325208046,0.2916671188299309,0.2980683630627665
2021-09-07,0.47711242360587236,0.3033750231356962,0.31091638322530035
2021-09-08,0.49779907436178394,0.37171285504316565,0.34664440564781196
2021-09-09,0.47837151958218826,0.325737383045547,0.32220905144084244
2021-09-10,0.5052010913836882,0.35038300804237066,0.34891682270098423
2021-09-13,0.5117021790528864,0.364720953329952,0.3522713222835747
2021-09-14,0.45949437573239194,0.3460688025390486,0.3371204075333998
2021-09-15,0.4431639220737964,0.3278324761387488,0.3335317565102458
2021-09-16,0.4122232135375541,0.3374652197740864,0.33006837509216846
2021-09-17,0.4101821269057242,0.34561391383963525,0.32718358970815453
2021-09-20,0.39692269747237874,0.3695946636709786,0.3447201734160352
2021-09-21,0.4720881338753371,0.3804704399010783,0.37067529970008906
2021-09-22,0.4886203029894476,0.3755620794340466,0.3687917876693374
2021-09-23,0.5494223385040669,0.4232202291700271,0.4035134778701124
2021-09-24,0.5548714871084908,0.41825105438549337,0.40271966675821
2021-09-27,0.5137969155048985,0.3772266995587321,0.3722537631466063
2021-09-28,0.5190340119713441,0.36231952084908614,0.3619030216040786
2021-09-29,0.5196828054823377,0.383847599119403,0.375381910920741
2021-09-30,0.5180740762151501,0.37331427306633236,0.36301053725883037
2021-10-01,0.5042856617239679,0.3540983928606509,0.3550355008420296
2021-10-04,0.50809555056197,0.3926343827423373,0.3722330539165959
2021-10-05,0.4607854587041069,0.36774850703150874,0.3479955587852177
2021-10-06,0.45489294173032935,0.3945725774503719,0.3625459789652483
2021-10-07,0.40826868680869177,0.36608674620309656,0.33760279673008275
2021-10-08,0.3917492318685891,0.354178804177707,0.3201775195397556
2021-10-11,0.3710157294962819,0.323675402760504,0.29817576220362096
2021-10-12,0.36963452751942616,0.2831496665030808,0.2808914572407426
2021-10-13,0.36124099252991493,0.27954562083382006,0.2823476150306834
2021-10-14,0.3872798249562619,0.29991578580837164,0.3012349392957474
2021-10-15,0.37411954443584694,0.30959867813398834,0.3007798556838992
2021-10-18,0.3793026284973644,0.30122176592272676,0.2888877985620544
2021-10-19,0.3627913810596439,0.2954837712738938,0.2869629668597091
2021-10-20,0.36189059867378526,0.2942956960702787,0.28061717338132874
2021-10-21,0.3950276866565543,0.30739703485388614,0.2955620468246942
2021-10-22,0.3956388679123295,0.3195060955925133,0.3041490468683934
2021-10-25,0.38090184638535396,0.3181468901349527,0.30187718639760286
2021-10-26,0.43281809592034226,0.327533143686763,0.3225942102590147
2021-10-27,0.41235880829415406,0.2799728445198293,0.30042482671644
2021-10-28,0.45412774832245506,0.32971525178639594,0.34871123842945884
2021-10-29,0.4235050180964963,0.3020616617766745,0.3188224786150371
2021-11-01,0.46584551925547046,0.3442294411506208,0.3485542728331186
2021-11-02,0.42707607564548544,0.31309017032379716,0.3164086708854781
2021-11-03,0.3925005998130575,0.3081880403606969,0.30702894447121554
2021-11-04,0.3837003898417519,0.26031194455129225,0.2837695672600733
2021-11-05,0.3667799519663486,0.2395584163637392,0.27009839028395954
2021-11-08,0.3671900180573937,0.2324563833029456,0.2680719553407027
2021-11-09,0.3118103333324693,0.2485157361713881,0.24326873038067287
2021-11-10,0.29495733509590694,0.2668566069460072,0.242029763537001
2021-11-11,0.30162256183890834,0.24905997962251747,0.2373068187811942
2021-11-12,0.34151494575430563,0.2780623879412343,0.270443345312122
2021-11-15,0.3101665357492682,0.27493099547254074,0.2626381379144367
2021-11-16,0.27896540415395,0.2777814609492433,0.2507638134784691
2021-11-17,0.27776922969579965,0.29154766810609334,0.26722863571239275
2021-11-18,0.30452901813444355,0.29946575516218044,0.28770327131504203
2021-11-19,0.2978997782983548,0.2972510833122768,0.2856492897327494
2021-11-22,0.29343913294496615,0.2952106110782977,0.2931722369371048
2021-11-23,0.2817503210876544,0.3084256614201768,0.2923606232357845
2021-11-24,0.24861342563938638,0.2943601117161243,0.2730105411056296
2021-11-26,0.22985698752829964,0.2894386836400742,0.26932803718409537
2021-11-29,0.24907596471825966,0.2918546515376863,0.27801633995159425
2021-11-30,0.2718570913990881,0.2955657804101772,0.2863042007069627
2021-12-01,0.2928193191073407,0.2835452652290049,0.2745765472780193
2021-12-02,0.2941808561044872,0.2872574664238514,0.27704289225163903
2021-12-03,0.3099330054211793,0.29908478604075595,0.28518971037255514
2021-12-06,0.2796597628978099,0.31039660338259334,0.2802140042865482
2021-12-07,0.2959078798833723,0.3042615566800235,0.28730116060844724
2021-12-08,0.2834397249063598,0.29810088790917,0.2846411931220507
2021-12-09,0.2853431375792599,0.3190296170500724,0.2919823054912474
2021-12-10,0.2529831154110196,0.29444556048174064,0.28200787127710814
2021-12-13,0.2693050865912223,0.300915995653553,0.28392790640039767
2021-12-14,0.2690932698084205,0.30513581798906664,0.2994355506485096
2021-12-15,0.23321750533819774,0.29103768744041436,0.2825417445916514
2021-12-16,0.23995062410799584,0.2931197465442934,0.2855998834919353
2021-12-17,0.20930981723271702,0.28539922583923394,0.27534549683038234
2021-12-20,0.21003910824138838,0.3026551666852102,0.2848067581642879
2021-12-21,0.19962745828415396,0.31237333108019727,0.28711164331529004
2021-12-22,0.18109466178519984,0.29362075513705355,0.28565518788518673
2021-12-23,0.16910891782905813,0.2942414588879634,0.286203911169046
2021-12-27,0.17113687767125807,0.29270576675788584,0.2846400057978056
2021-12-28,0.13119429213649036,0.25554304636028013,0.2452903611860653
2021-12-29,0.15281061022195752,0.28164378507150256,0.2629754164548912
2021-12-30,0.11792574762798513,0.26278053039902005,0.2366363615271203
2021-12-31,0.09471684796525115,0.23825077325834187,0.2167190816468756
2022-01-03,0.14014745195903822,0.2650373982893415,0.252404791019206
2022-01-04,0.09974844568468155,0.232875858653665,0.233014928821202
2022-01-05,0.07772592009050361,0.26021194014924554,0.24020359169183325
2022-01-06,0.0834409966965568,0.26749839881909465,0.24732443708250051
2022-01-07,0.09320108955045492,0.2570068188413568,0.24354235885206
2022-01-10,0.06936928893251837,0.2566698995693142,0.2435287512877231
2022-01-11,0.04763346890660314,0.2723539315138397,0.2549699103382197
2022-01-12,0.039755037513787395,0.24556033908889718,0.2405121117417346
2022-01-13,0.010614989525928875,0.23929573113757763,0.23630668032780155
2022-01-14,0.04219790897146636,0.27766909052517064,0.26484823750845154
2022-01-18,0.00820548085162276,0.22691374930564656,0.24392678250816657
2022-01-19,0.013013715011251259,0.19304142553919124,0.2138892905641956
2022-01-20,0.0075350182057718484,0.17209254728984114,0.1998876900654205
2022-01-21,0.02441377771793829,0.2017852868406147,0.22553400302315896
2022-01-24,0.035284618660898825,0.2064486868631492,0.23292551825259533
2022-01-25,0.050846068996995175,0.2137684724066662,0.24253615742298873
2022-01-26,0.08049661630450711,0.26921004194711484,0.2916902422804708
2022-01-27,0.07733931979951869,0.2558964623183486,0.2796298053398649
2022-01-28,0.0950793737122082,0.2826950832921027,0.30744097047993946
2022-01-31,0.06853392874436315,0.2476850580723995,0.2824792451977636
2022-02-01,0.05125874285764631,0.21999116881357006,0.26141031516910984
2022-02-02,0.06164117713304118,0.23664161340379275,0.26771692710850536
2022-02-03,0.03884975736575402,0.20633477880543905,0.2530504942079974
2022-02-04,-0.01005585389802699,0.16532332533921235,0.22417129192678886
2022-02-07,-0.02919860017810072,0.15675428324056573,0.21425192842516272
2022-02-08,-0.04492994817854745,0.14446351251452105,0.21025759854382464
2022-02-09,-0.04195253454319536,0.14783207136791088,0.20927839699948647
2022-02-10,-0.030652713749099836,0.15870267453585307,0.21832462590466584
2022-02-11,-0.04057828734299407,0.15683198289747002,0.2156135156871286
2022-02-14,-0.04335390257117744,0.13095114694380428,0.1999035811639096
2022-02-15,-0.03444506104770595,0.14347548969566337,0.20011882540314163
2022-02-16,-0.04891099705585422,0.11990606693454509,0.1839037334940954
2022-02-17,-0.08349080973348988,0.11245721468946579,0.1736834671732761
2022-02-18,-0.0942045093484768,0.12722540045041253,0.1696898593770022
2022-02-22,-0.10327368816245464,0.09924201317122794,0.14533713661877123
2022-02-23,-0.10378412356758326,0.09524599093082897,0.13766489311988472
2022-02-24,-0.08181011030563323,0.10850162389687812,0.15152212951314037
2022-02-25,-0.09381922762438688,0.10215185516872305,0.1545823854347772
2022-02-28,-0.14479543662790262,0.05919016769366725,0.12169076358031328
2022-03-01,-0.11103437490234669,0.11022235803838831,0.15858932325288233
2022-03-02,-0.07373590871251656,0.1799681761029448,0.1952892846817582
2022-03-03,-0.03706403103741751,0.20776370641294095,0.21844347089535665
2022-03-04,-0.06642216609726426,0.19951157893707339,0.2080557799881393
2022-03-07,-0.0884014699467982,0.1844145623702267,0.18556289846850538
2022-03-08,-0.10333477595914575,0.15384662714869757,0.17437080410111983
2022-03-09,-0.11429272484006714,0.14784073353839777,0.16336034986014814
2022-03-10,-0.11858285363239873,0.1346062649085149,0.1611591583034646
2022-03-11,-0.10711404696666527,0.16812534996685868,0.17656957285503716
2022-03-14,-0.1239266881547072,0.12961981552843316,0.14858194953589354
2022-03-15,-0.11804959494269873,0.08781592602558397,0.12735534764005907
2022-03-16,-0.12796278344401357,0.08469776206561663,0.11985106630913456
2022-03-17,-0.07647865110535712,0.14679398731718307,0.15471148177930205
2022-03-18,-0.0814841968714275,0.1424772295553065,0.15814877767749191
2022-03-21,-0.09822002915840256,0.08809021367824266,0.12443064917697089
2022-03-22,-0.07232345607156287,0.08039344496023015,0.12601217407323473
2022-03-23,-0.06373845046488935,0.08788997747761362,0.11961999414244939
2022-03-24,-0.10253733774376328,0.06186221189225982,0.09360742983481485
2022-03-25,-0.09549593200492601,0.08132552363934575,0.09246001079496025
2022-03-28,-0.048337156755945854,0.09840623262008541,0.11712810075556801
2022-03-29,-0.0603056762784564,0.10725099905742419,0.11723412499960784
2022-03-30,-0.09023408748499395,0.07386405184065192,0.09577677144129648
2022-03-31,-0.08022844712330324,0.0735826055115758,0.1040126474157872
2022-04-01,-0.0960955119595841,0.03753243488119473,0.082972221427013
2022-04-04,-0.10763053275917334,0.02320709455940917,0.07480806614829572
2022-04-05,-0.11554715200474952,-0.01690704332121451,0.041917937547134576
2022-04-06,-0.11813423934561962,-0.031580714471907134,0.029133438150111157
2022-04-07,-0.0934019779492341,-0.0027605693797793096,0.04909809157388634
2022-04-08,-0.0914806181658252,-0.012546448980566671,0.043980204467080064
2022-04-11,-0.10363240883824143,-0.04418209334647438,0.027660490521496328
2022-04-12,-0.13052021675976322,-0.05114421112778056,0.023645655477983807
2022-04-13,-0.12048894932895615,-0.03599139508293603,0.03503740961996127
2022-04-14,-0.09426995522897874,-0.001408996529624007,0.054464216475219596
2022-04-18,-0.06793692286217923,0.02001519789657702,0.07292734239321641
2022-04-19,-0.038432915453864736,0.048535385551875976,0.09267937573900231
2022-04-20,-0.06966806240230305,0.03674496341425604,0.08212070692423712
2022-04-21,-0.056438095678036926,0.07001790117296958,0.10487380454544226
2022-04-22,-0.0899754891885779,0.0415283091411045,0.07894663382921818
2022-04-25,-0.0889943069288478,0.057790749243739725,0.09292928173726156
2022-04-26,-0.08911262894208027,0.0615067081178573,0.09850361258322793
2022-04-27,-0.09035611139514566,0.08158774874180885,0.10663548622056918
2022-04-28,-0.0625215729233537,0.09625615577095026,0.11323089396951014
2022-04-29,-0.06867757326652768,0.09130036617272141,0.11367441859012328
2022-05-02,-0.08299466129750643,0.08354460937335051,0.09417367897519857
2022-05-03,-0.061507125561931164,0.1013013803995424,0.10408556414037218
2022-05-04,-0.056207871513879404,0.12776680193725887,0.11319599306385708
2022-05-05,-0.07932853656305872,0.09447628507366845,0.09042707464883737
2022-05-06,-0.10366590796276942,0.06209577164690416,0.071723358099119
2022-05-09,-0.08327190972266507,0.09220401152187385,0.08789670949776252
2022-05-10,-0.0876723050819852,0.07842573493170946,0.09475796443464968
2022-05-11,-0.06339131397369924,0.08088976381308544,0.09940327268053717
2022-05-12,-0.07742089007277342,0.06806630097251909,0.08232863866470197
2022-05-13,-0.08228937142455173,0.06623761148139118,0.07816940436767572
2022-05-16,-0.09242852064342877,0.04821472950900385,0.06746013976735044
2022-05-17,-0.09164593300447543,0.05615002947107728,0.07717979641116246
2022-05-18,-0.06635193365222769,0.07851715574475726,0.09744564982906923
2022-05-19,-0.06897935935578892,0.042619884662998375,0.08496010593638603
2022-05-20,-0.09218256230517041,0.026729392121687567,0.06961163811108051
2022-05-23,-0.12139289725833746,-0.01669459915175797,0.029765008751807764
2022-05-24,-0.107430387071622,-0.005439239019673026,0.038038068921843804
2022-05-25,-0.15139322311264158,-0.0463010745774699,0.005979054414573692
2022-05-26,-0.16353246077646155,-0.04386714265334268,0.008278340629469305
2022-05-27,-0.14735143274586893,-0.013022233630080815,0.03190128535916892
2022-05-31,-0.18126967020315476,-0.05429121599591569,-0.00535733669467775
2022-06-01,-0.17365990067133175,-0.040375982785240905,-0.0009412191908864109
2022-06-02,-0.1595551544518352,-0.029250252072015814,0.007377277133600035
2022-06-03,-0.14084585485539491,-0.013173244273233853,0.028647326690821373
2022-06-06,-0.1866064775351608,-0.06565812505091184,-0.006950590635033449
2022-06-07,-0.20852360595129027,-0.07729082743837246,-0.013088592538770705
2022-06-08,-0.2367359843092648,-0.11360430721645431,-0.04325922543866234
2022-06-09,-0.230813567618388,-0.11208777336202413,-0.04548577999177994
2022-06-10,-0.25777286829209667,-0.14066871057793107,-0.06219877392279738
2022-06-13,-0.24686124724113578,-0.15083785946161987,-0.06527072750582141
2022-06-14,-0.22076670507090368,-0.11357876370091358,-0.041164664415117236
2022-06-15,-0.22283326609052423,-0.12064228591006931,-0.03969351515000863
2022-06-16,-0.18997314358127182,-0.10917696709840141,-0.0196144903467369
2022-06-17,-0.2002003635839732,-0.1462079649465352,-0.04626914952192829
2022-06-21,-0.21565698802709465,-0.15602810970616432,-0.06548892600782175
2022-06-22,-0.22119186981301675,-0.16642122108425095,-0.07005247016950389
2022-06-23,-0.21435615359503568,-0.1529752842415072,-0.05150991598085364
2022-06-24,-0.23677559256504643,-0.1760791706360325,-0.06428608102569844
2022-06-27,-0.2243435597719916,-0.16352006245210704,-0.05936017367017021
2022-06-28,-0.2006958222803341,-0.15067279154588575,-0.04249524418670825
2022-06-29,-0.17523662763775838,-0.12611380726870258,-0.019516733353123206
2022-06-30,-0.18558439045960806,-0.12705482880398633,-0.02583807715435238
2022-07-01,-0.1972685329878826,-0.13385298553754932,-0.03903807870487397
2022-07-05,-0.1697706829640223,-0.12023158075576723,-0.028166519653629818
2022-07-06,-0.16511740866802616,-0.1468102281175685,-0.04237126074647968
2022-07-07,-0.15363284903633245,-0.14577052554857073,-0.042838198081063705
2022-07-08,-0.13199138695672474,-0.13316679759612127,-0.02571844453981542
2022-07-11,-0.16307220268647937,-0.1447450403585948,-0.04648951693956693
2022-07-12,-0.18110899104827194,-0.170890675741041,-0.07248895381931075
2022-07-13,-0.18802158564363525,-0.20013404853585348,-0.09630225756498423
2022-07-14,-0.2140406833204268,-0.2386898892973115,-0.13190940341571344
2022-07-15,-0.21337082544847907,-0.23191318733682076,-0.13155903762344134
2022-07-18,-0.19190176673474002,-0.20630401953313682,-0.11221473308096663
2022-07-19,-0.21760973644068293,-0.23203459274789573,-0.12873011288576708
2022-07-20,-0.23523080231536808,-0.2316224936982051,-0.1391877600251722
2022-07-21,-0.23470732178720455,-0.21827188392100483,-0.12460545235508791
2022-07-22,-0.2238254356874262,-0.22453824579344628,-0.12801858753583129
2022-07-25,-0.21817827864037598,-0.22207328862258058,-0.1284375561315203
2022-07-26,-0.1963063628373075,-0.19605212625656399,-0.10292935518629553
2022-07-27,-0.18379615820357698,-0.193055594054096,-0.10226431083108922
2022-07-28,-0.21072859337339866,-0.22063439630886217,-0.12024695396794616
2022-07-29,-0.22470704709767997,-0.2213034161768226,-0.12459374010009838
2022-08-01,-0.22563265911682495,-0.22693266296442394,-0.12746853660872426
2022-08-02,-0.21233937656484103,-0.22189402342329279,-0.11638650553461549
2022-08-03,-0.20908675952213207,-0.21334115603510462,-0.12186194363138558
2022-08-04,-0.20504618962644072,-0.2094394569814234,-0.11454064436021116
2022-08-05,-0.20059948232485636,-0.19761185746164067,-0.10693442278358145
2022-08-08,-0.20555702106305884,-0.1930692259133443,-0.1091414239690528
2022-08-09,-0.2172181779324449,-0.2117648900551632,-0.11860085765970929
2022-08-10,-0.22144433697457144,-0.21537916195604023,-0.12748587499945885
2022-08-11,-0.22591577805891916,-0.21564933429506894,-0.13421921181689156
2022-08-12,-0.232048280969118,-0.2156757202923293,-0.13890263956563942
2022-08-15,-0.2088640836893202,-0.20424175892596952,-0.12404517254432179
2022-08-16,-0.20368547336021892,-0.211317966310129,-0.1333187662721328
2022-08-17,-0.16541636454384456,-0.17983956309640703,-0.10402839322379642
2022-08-18,-0.14487027572016398,-0.15873773378231482,-0.0883399726145826
2022-08-19,-0.13006602748913565,-0.15076454839927522,-0.08048014241144252
2022-08-22,-0.1581633074170712,-0.17420993748909086,-0.09620325123740936
2022-08-23,-0.16959914856374247,-0.1910132995279359,-0.10299565646188524
2022-08-24,-0.18274537660739942,-0.20932372527003718,-0.11501281717765721
2022-08-25,-0.16708104997449613,-0.1768553414478461,-0.09393424819681406
2022-08-26,-0.1465877340924021,-0.16349500964174746,-0.07712204998915562
2022-08-29,-0.16410260402731347,-0.15643919172635168,-0.07196521986777826
2022-08-30,-0.1609686508543563,-0.1663031713031713,-0.07876453971490682
2022-08-31,-0.16340809785147836,-0.16811083912495406,-0.08348444622695839
2022-09-01,-0.15677842005387932,-0.14687084755263202,-0.06962650113045321
2022-09-02,-0.16436121663929082,-0.14247552009943865,-0.07310694856149658
2022-09-06,-0.15404678123702475,-0.15208874354412805,-0.07444874137252122
2022-09-07,-0.13916165337805886,-0.1560236151074751,-0.07220600865532523
2022-09-08,-0.1415370987055926,-0.1626619376286016,-0.07476328878228333
2022-09-09,-0.11659360145099118,-0.13631990296310736,-0.05126861265352989
2022-09-12,-0.10453475301351856,-0.13465445262351594,-0.04372893430218383
2022-09-13,-0.09141268409608216,-0.11719596446293223,-0.030022476237909546
2022-09-14,-0.07642420827016638,-0.10752467308073965,-0.02074077074859504
2022-09-15,-0.0850663583553668,-0.11618529002881228,-0.026950340106307147
2022-09-16,-0.10110058099339991,-0.1268668152688771,-0.032323392263106654
2022-09-19,-0.09632065657619981,-0.11427787384186361,-0.01996393491561521
2022-09-20,-0.09418122991659394,-0.11322340138927067,-0.016738703398500143
2022-09-21,-0.11418784340952937,-0.13763081902511276,-0.0363023130590131
2022-09-22,-0.126323529336405,-0.14631805450236302,-0.04792113777044282
2022-09-23,-0.1349546154424387,-0.15167221530247244,-0.05633873400647427
2022-09-26,-0.11725467819843804,-0.13748135307431275,-0.044590438497308704
2022-09-27,-0.15903918078019796,-0.16617888195835695,-0.07428174119826181
2022-09-28,-0.14739089010904705,-0.15035355820049956,-0.06149006992288719
2022-09-29,-0.15753202121142873,-0.1584358004998807,-0.07335245047700945
2022-09-30,-0.15471897110849053,-0.1602429236489532,-0.06902471413441835
2022-10-03,-0.17720950113175893,-0.1650562117806612,-0.07707172665086648
2022-10-04,-0.17611418935284506,-0.15920464639076903,-0.07487286400616089
2022-10-05,-0.18706264400423733,-0.17636204496713848,-0.08785451137787603
2022-10-06,-0.16502845909936636,-0.1650733290211599,-0.07531096370870427
2022-10-07,-0.1708462439914349,-0.1683749910428226,-0.07724472867257004
2022-10-10,-0.14777906403958807,-0.14593517418587254,-0.06119749237393757
2022-10-11,-0.13248373169021588,-0.1291040668512473,-0.04418776336110741
2022-10-12,-0.170975192382545,-0.17398023979616817,-0.0834926533119118
2022-10-13,-0.17167142245353406,-0.17404155060104298,-0.08329363062404627
2022-10-14,-0.18970694349360961,-0.20248440855592198,-0.10869335223537135
2022-10-17,-0.19896667377939192,-0.21232379771348975,-0.12217835464943028
2022-10-18,-0.1916527846607674,-0.21409296428999092,-0.11798219369738694
2022-10-19,-0.20563357219064982,-0.22621309584834715,-0.1347814791862052
2022-10-20,-0.22292867711283282,-0.2390754717517236,-0.1532003058876502
2022-10-21,-0.24236688827935327,-0.2530026231759309,-0.1624975508923674
2022-10-24,-0.2586465643020913,-0.25893827852336204,-0.17567557429307679
2022-10-25,-0.275676722278979,-0.2694835378669358,-0.18818402127023426
2022-10-26,-0.2676873334254187,-0.2714845546810405,-0.1909844110153467
2022-10-27,-0.23037263548429954,-0.2587136121747504,-0.17139530707265538
2022-10-28,-0.2623378483049543,-0.287990351201141,-0.19645723862065112
2022-10-31,-0.26751787967253626,-0.3034895858146356,-0.2104849007337103
2022-11-01,-0.2671022229897413,-0.2895779112663034,-0.1910323202313281
2022-11-02,-0.23964539725978784,-0.2702928037863447,-0.1693235899262614
2022-11-03,-0.25851334047801733,-0.2783417623507255,-0.1762864621918746
2022-11-04,-0.26239431504170896,-0.29308473992082795,-0.18860736944896828
2022-11-07,-0.29374282418674114,-0.3206695213552504,-0.2139676838776362
2022-11-08,-0.2998518160871072,-0.3265478784327158,-0.22063466375623997
2022-11-09,-0.2955480384843263,-0.33119612709184765,-0.22300206287830404
2022-11-10,-0.28623280230424997,-0.32145270981017504,-0.21928399306676027
2022-11-11,-0.27440471397328936,-0.30745948242670673,-0.19893950533891402
2022-11-14,-0.2945432389493088,-0.3352702117012356,-0.2230579763054017
2022-11-15,-0.2691455544563168,-0.313163099562075,-0.2033657891390337
2022-11-16,-0.26184531755862306,-0.3126262346303732,-0.19718299462049382
2022-11-17,-0.26476058542179237,-0.31549480342641756,-0.2009312003859577
2022-11-18,-0.2710318040005426,-0.3259707780084776,-0.2103133948926177
2022-11-21,-0.24835562265409983,-0.31399136325642096,-0.1896739997656527
2022-11-22,-0.24190996687072164,-0.2982981868248681,-0.1774429028537512
2022-11-23,-0.2198889413535774,-0.28050314762912765,-0.1654145887733357
2022-11-25,-0.21688234916943538,-0.29866027504911596,-0.1739077360473812
2022-11-28,-0.18602246051020144,-0.29812206253105533,-0.15957496336511345
2022-11-29,-0.16700061243902753,-0.2920092533892271,-0.150007240279872
2022-11-30,-0.14887720056680354,-0.28981139708304593,-0.13940165952055328
2022-12-01,-0.12809349385472468,-0.2849020726835606,-0.13354378608847206
2022-12-02,-0.17989910956705724,-0.31435520145976115,-0.16803116673160912
2022-12-05,-0.16832453320339824,-0.31585287493505765,-0.16937010347269332
2022-12-06,-0.17368443988573656,-0.3103740440244719,-0.16727707603047337
2022-12-07,-0.1887547002359884,-0.3231739473149202,-0.17634851587444578
2022-12-08,-0.1939417355128007,-0.32127842556098307,-0.17409162462315297
2022-12-09,-0.19790711727081545,-0.32703868666016267,-0.1856087410401055
2022-12-12,-0.14616944005150756,-0.28515257812591654,-0.14886668580477946
2022-12-13,-0.12640194467277388,-0.26130907943431536,-0.13294829736007352
2022-12-14,-0.12866927761848534,-0.26011536150061165,-0.13436855522076208
2022-12-15,-0.12956839567549072,-0.26659629810540775,-0.14041665158874095
2022-12-16,-0.12723441746524178,-0.25751420700327976,-0.1393846849001018
2022-12-19,-0.14321181427462049,-0.25543819576706916,-0.13278845534590167
2022-12-20,-0.12539621533745693,-0.24811848655502788,-0.1194880371633188
2022-12-21,-0.154131653935356,-0.27214299906827766,-0.137998013370489
2022-12-22,-0.1532563264353054,-0.2705434936487304,-0.13504655996526604
2022-12-23,-0.15778523612851614,-0.26873513005128813,-0.1349780775797621
2022-12-27,-0.1638442718836809,-0.2853570339030972,-0.1472400845313132
2022-12-28,-0.1756565542202807,-0.2925641698421789,-0.16016119061966605
2022-12-29,-0.17414350362982023,-0.2978143315874797,-0.1626748202253553
2022-12-30,-0.15127294389292933,-0.2636041255913728,-0.13390417590566084
2023-01-03,-0.15130261389869104,-0.25806732522168707,-0.13235476220477038
2023-01-04,-0.15722801320591584,-0.26806886067633207,-0.1383448310142119
2023-01-05,-0.1792042082752754,-0.2708961207305195,-0.15356187996488335
2023-01-06,-0.16343782128753648,-0.26337376771401555,-0.14943033939931205
2023-01-09,-0.17063145538594304,-0.26586512546822494,-0.1500787874421332
2023-01-10,-0.15484460720538018,-0.24904188358650758,-0.1400209484764663
2023-01-11,-0.1623122371802016,-0.2543211216283576,-0.14538159084509372
2023-01-12,-0.16138249365318658,-0.2561362579992035,-0.14088539418475576
2023-01-13,-0.1480943600624729,-0.25110932441720824,-0.1367158047299667
2023-01-17,-0.1458534651633031,-0.23758883791173346,-0.1302514515555384
2023-01-18,-0.16839788650526044,-0.2677445921850743,-0.1518735897979
2023-01-19,-0.14886339282903793,-0.2562101764367395,-0.1467767374995521
2023-01-20,-0.14650252893928262,-0.2585191407873568,-0.14513500909487598
2023-01-23,-0.126173057568156,-0.24934634729289273,-0.13438475001682626
2023-01-24,-0.09414790970547793,-0.21673838342471685,-0.10384957458164945
2023-01-25,-0.1261319980535811,-0.239383217227624,-0.12036978764386719
2023-01-26,-0.11027933216502006,-0.21958109243526014,-0.10437541022232255
2023-01-27,-0.10330619556825382,-0.22940929791131748,-0.10566360539918196
2023-01-30,-0.09672013113399158,-0.23184748796918875,-0.11239520104678313
2023-01-31,-0.09153049876444752,-0.23705623170499968,-0.11831501727216143
2023-02-01,-0.12104180750960714,-0.2611420108549478,-0.13619555178209808
2023-02-02,-0.13499352026297073,-0.27109564881452963,-0.14560526989823352
2023-02-03,-0.11543198118357556,-0.27352589281232575,-0.14729223429398264
2023-02-06,-0.1080253536463911,-0.2546805061126285,-0.13673360320236627
2023-02-07,-0.09190388178442477,-0.24364977557000922,-0.12106999965127618
2023-02-08,-0.09484094516020936,-0.2325801386547509,-0.11874007355577221
2023-02-09,-0.09686089411958698,-0.2346831298299873,-0.11980209318190194
2023-02-10,-0.10264279933959575,-0.23759846538060314,-0.12152680406708316
2023-02-13,-0.07335105039819145,-0.21572827876939948,-0.10219900477293398
2023-02-14,-0.05772616416963949,-0.1844618135008217,-0.08058628020410696
2023-02-15,-0.055602327173443156,-0.18381879237850085,-0.0792602072985723
2023-02-16,-0.09512724298900666,-0.21397284203864075,-0.10817929530108883
2023-02-17,-0.10565816692906027,-0.2214983364036167,-0.11566266679111192
2023-02-21,-0.06701784808258793,-0.17567446363351225,-0.07952586626888303
2023-02-22,-0.047279410295271385,-0.1476400729839379,-0.062410322523891226
2023-02-23,-0.035729867580640895,-0.1407501762340666,-0.05325655721914646
2023-02-24,-0.014608397771408876,-0.12011897748451428,-0.03579808325235567
2023-02-27,-0.034099329830846625,-0.13212786255419762,-0.039653458865471225
2023-02-28,-0.05026335017298045,-0.13687332471285119,-0.058226113996236006
2023-03-01,-0.06726590588968007,-0.1568363264851954,-0.06765701173083494
2023-03-02,-0.02627141027196722,-0.13089307289135377,-0.039317090065783766
2023-03-03,-0.0339664085178486,-0.12695786185454927,-0.04664538388938455
2023-03-06,-0.0031312664553563296,-0.08251844489118687,-0.027927800049417972
2023-03-07,0.005934134201146524,-0.08557230964224438,-0.03038238535770088
2023-03-08,0.01666120423066353,-0.05858736225655792,-0.007036211548325011
2023-03-09,0.01857610533380183,-0.034594950569308835,0.013635521274663942
2023-03-10,-0.02383105152193432,-0.08470978579949684,-0.02362598961515039
2023-03-13,-0.03623071825066515,-0.08261158289354387,-0.02769960773055824
2023-03-14,-0.018643592527398667,-0.06933199244748356,-0.012879362092365065
2023-03-15,0.013882940235670826,-0.035911363362506776,0.006061143414721082
2023-03-16,-0.0024821492639265363,-0.058325097049539476,-0.01603972105267426
2023-03-17,-0.023114513939493264,-0.0850437563402574,-0.03425887551483331
2023-03-20,-0.04741171336227079,-0.1129507792754385,-0.0593246243697132
2023-03-21,-0.05474499622140516,-0.1368760914667987,-0.07184082941034486
2023-03-22,-0.07447166750800949,-0.15496136039965536,-0.09019447342432962
2023-03-23,-0.08116637044638786,-0.1706283412509031,-0.1019565220968166
2023-03-24,-0.0582770163741716,-0.15118587267621952,-0.08540102661770554
2023-03-27,-0.07768862016910327,-0.18354579121330872,-0.1086080497818368
2023-03-28,-0.07569954943950197,-0.17701216313898227,-0.10991900742857008
2023-03-29,-0.07596420080933453,-0.1905995895524497,-0.11947207655152436
2023-03-30,-0.09890922421640291,-0.2106902472018507,-0.13356818072225018
2023-03-31,-0.07825375688291791,-0.19526939557266976,-0.12140436571828761
2023-04-03,-0.05544724206464413,-0.16832444292544368,-0.0933593325506602
2023-04-04,-0.07957113701769936,-0.1657930922719505,-0.09529523227366499
2023-04-05,-0.09174123701047032,-0.19264745975061726,-0.11672976525157841
2023-04-06,-0.0692781703289187,-0.17018990763227249,-0.10397022712938031
2023-04-10,-0.08214235867855668,-0.1664701567940844,-0.11161838003964197
2023-04-11,-0.10569922066236015,-0.18012541558688155,-0.12882731082400445
2023-04-12,-0.11319826494921437,-0.1623351585068331,-0.12773631648632766
2023-04-13,-0.09066075739710266,-0.12232231613585143,-0.09789917044601237
2023-04-14,-0.10846408252864315,-0.11397523918516905,-0.10020707558768949
2023-04-17,-0.11316151140188324,-0.10873556822045138,-0.09478793227309745
2023-04-18,-0.12864144991993443,-0.09218878527703012,-0.09409209405484709
2023-04-19,-0.11135906076634516,-0.08966646504109821,-0.08575722224482396
2023-04-20,-0.11265564994207444,-0.09685062613744688,-0.08846714039236958
2023-04-21,-0.1411027710009427,-0.09594652122966141,-0.10334081747999657
2023-04-24,-0.1253320551531505,-0.06589856091021706,-0.08726827961414196
2023-04-25,-0.09396778967986585,-0.03725038409835679,-0.05535879099965468
2023-04-26,-0.08942351091154921,-0.055973457055740417,-0.059047634630761126
2023-04-27,-0.0611419585643902,-0.02415452080674607,-0.03315906929461243
2023-04-28,-0.046517129415394765,-0.005168603523792226,-0.021856763533182555
2023-05-01,-0.06527047994164348,-0.030195755620047837,-0.04036899472955957
2023-05-02,-0.019781395028109494,0.03238859811660988,0.010500253044950725
2023-05-03,-0.02952151022845939,0.012967192225357582,0.008281546348026136
2023-05-04,-0.054634244569342405,0.008473675603367425,-0.0018879726671117147
2023-05-05,-0.08823820281014216,-0.034140487042484846,-0.033921288643762426
2023-05-08,-0.04826654740979186,0.023941425672027172,0.005588728033137924
2023-05-09,-0.021806779678589683,0.035771423211448994,0.012665512330275241
2023-05-10,0.029222645222607868,0.07103037797879241,0.04644153533763484
2023-05-11,0.021377072594257474,0.04882683317709113,0.039773940235048766
2023-05-12,0.06129937892684345,0.10205009310815427,0.07059250033554565
2023-05-15,0.03922812983570201,0.10258537929210099,0.06909340533223851
2023-05-16,0.020259376815291663,0.06408474995983249,0.047877121137518186
2023-05-17,0.020795124030553724,0.07663119527420514,0.052832510830271184
2023-05-18,-0.008218431607360466,0.04895550182008068,0.03143736865486835
2023-05-19,0.022492390591686506,0.09469704940702561,0.06889799389023765
2023-05-22,0.02213720375367645,0.10174271752017883,0.07632032909965103
2023-05-23,0.024056643095745844,0.10287350976318099,0.07697289665577767
2023-05-24,-0.013159391880651738,0.06437130149154546,0.04041112029811256
2023-05-25,-0.007986527423483936,0.09408940318797132,0.043973914371942646
2023-05-26,-0.012505201375353159,0.10832711411951501,0.05543257440247351
2023-05-30,-0.025615524204682272,0.08588627693824291,0.0435886611379015
2023-05-31,-0.05062250057623108,0.05035774936196913,0.01755464848027377
2023-06-01,-0.0584272666579867,0.04396650549552161,0.01179525276865756
2023-06-02,-0.049587140939031715,0.0448622477081464,0.013044318803402843
2023-06-05,-0.08263518682212823,0.013420967699277808,-0.012928235221956963
2023-06-06,-0.0522966211779331,0.0626091405608944,0.022119563169435308
2023-06-07,-0.058546234384919904,0.06170493214366202,0.01928839643130531
2023-06-08,-0.07625720257427115,0.04595882849483268,0.005176515439922591
2023-06-09,-0.057000329463418486,0.06500520223696182,0.020973466817605813
2023-06-12,-0.0444366310307015,0.09788332223882446,0.044022719439407165
2023-06-13,-0.019776835425017847,0.13394048813713844,0.07379026379220188
2023-06-14,0.04110807782265047,0.19567468819349987,0.1200198086258264
2023-06-15,0.030889730839070983,0.19485939793080775,0.11589759983152725
2023-06-16,0.038659767420426094,0.1798586310757413,0.1135681422339232
2023-06-20,0.09572032562230515,0.2522985464787486,0.1627789146739016
2023-06-21,0.08060294270492552,0.23446629848940503,0.15858949359890007
2023-06-22,0.07453906836489255,0.2081311210334682,0.13059839982841703
2023-06-23,0.07151506530461305,0.1945587807343543,0.11994044933296322
2023-06-26,0.04761374036049548,0.1709915830170805,0.10103362970686924
2023-06-27,0.008211259945039462,0.15974850439793253,0.07634727294400667
2023-06-28,0.015901005219427722,0.1981650855476964,0.09446724619737057
2023-06-29,0.0315220941366845,0.2414206743570897,0.11772265708571372
2023-06-30,0.031825307961224736,0.23323091149717823,0.11243037197924943
2023-07-03,0.051178930224033525,0.26314431483554124,0.1321979189984408
2023-07-05,0.07627254624621504,0.26427265943645395,0.13655021909257492
2023-07-06,0.05312095209952039,0.24386927957341942,0.13223397009273197
2023-07-07,0.08892411276178325,0.23573521668781483,0.13088001561556162
2023-07-10,0.08365211487323854,0.18932033033356044,0.11033965920058075
2023-07-11,0.07972394648852599,0.20257524448058906,0.11797568024119709
2023-07-12,0.09295606033568315,0.23352606945991394,0.13292334255363913
2023-07-13,0.10128064145445115,0.26663938935144915,0.15340783003269176
2023-07-14,0.11488113027106173,0.2790084351318787,0.16714129809045675
2023-07-17,0.11434532660987418,0.2837198920498534,0.17137606410140593
2023-07-18,0.10060319023241138,0.2758729165156837,0.1636662875517887
2023-07-19,0.09489511954554897,0.2786649175291884,0.16935804911160912
2023-07-20,0.05297252982074818,0.23873917216024654,0.1326868809704851
2023-07-21,0.03431931191582027,0.20278568778977046,0.11974693525254554
2023-07-24,0.02141331247951972,0.19975494561942453,0.11246047177621188
2023-07-25,0.022345055147804382,0.20906251520572705,0.11438970346202115
2023-07-26,0.01808925755143731,0.1996875300986316,0.10848976487059625
2023-07-27,0.039183015711696134,0.24477348565178625,0.1340596136922112
2023-07-28,0.02105355536311282,0.19663337345168452,0.10591516297521286
2023-07-31,0.018803343635112935,0.18267289468344416,0.09652077973902506
2023-08-01,0.016451899647163204,0.17940105005233642,0.09351853867081239
2023-08-02,0.01889540362829556,0.18289101892590964,0.09802818342042507
2023-08-03,0.009712752601685137,0.1863965995965371,0.10367657907376082
2023-08-04,-0.020989598291582756,0.14614859960012172,0.07815051683994079
2023-08-07,-0.008561738897510218,0.1370257621331381,0.07615567063517381
2023-08-08,0.0007360993326552823,0.14676641156415582,0.08070610229848985
2023-08-09,0.00042526631213690713,0.1561690795761581,0.08885265434611234
2023-08-10,0.02532081961164301,0.18417469865707625,0.1019896823787283
2023-08-11,0.004913353398864784,0.17158088998946108,0.08788588903250094
2023-08-14,-0.008605840057842706,0.1780198952732408,0.08720825832590973
2023-08-15,-0.018048520896988607,0.16631213579613546,0.07282148072023698
2023-08-16,-0.0094356603458291,0.16642725849179318,0.07635788575883762
2023-08-17,-0.004844092827373747,0.16889234074488169,0.07664251283516199
2023-08-18,0.003331242484705399,0.15512271268292555,0.07714547221307755
2023-08-21,-0.006444146015724517,0.14889459663215776,0.07402363341908469
2023-08-22,0.017857661002328884,0.17361202239123985,0.0935164372494206
2023-08-23,0.03916098189655193,0.21351500431014037,0.1198190660137115
2023-08-24,0.04567084537241395,0.2104794602729625,0.12270737667811948
2023-08-25,0.024319352743456868,0.20410509065349935,0.11170507023748155
2023-08-28,0.021700841153039496,0.20473550521433825,0.10696151337605753
2023-08-29,0.0686716892134902,0.256881144508728,0.1479252249137355
2023-08-30,0.07366317502644515,0.2664468998115259,0.15225923232852834
2023-08-31,0.07409160595106767,0.25260575367657734,0.1488422480892586
2023-09-01,0.0776008035035658,0.2579110301779839,0.15433356485527683
2023-09-05,0.0872916223875857,0.2514780567781374,0.1455180851463449
2023-09-06,0.09653785339927601,0.28016048386568304,0.1678307621829973
2023-09-07,0.10053072423677767,0.27845872070641864,0.16715632430352145
2023-09-08,0.06866963569351991,0.23936534723525904,0.13889342411952654
2023-09-11,0.05512467928867859,0.23525206690889222,0.13190363081316558
2023-09-12,0.0358132030295093,0.20111774523938286,0.11393852365762447
2023-09-13,0.021648250577696926,0.20032949117719046,0.10817704276456563
2023-09-14,0.04918992734827565,0.2564945687389659,0.14505798022717964
2023-09-15,0.032341692710193826,0.2334046883536467,0.13233467275649335
2023-09-18,0.027646480583817912,0.24059270265560428,0.13661068333333604
2023-09-19,0.048482174901972375,0.2466587237118767,0.14589968419595034
2023-09-20,0.03807562494903616,0.25695606057152887,0.14447972250925956
2023-09-21,0.049277858264852537,0.265245197407151,0.15463332339952718
2023-09-22,0.07691612779830725,0.30862854673974627,0.1882204761034716
2023-09-25,0.08649552670185812,0.2966142007554984,0.1816784662755555
2023-09-26,0.11772874430973479,0.32829168551990806,0.2102875231267094
2023-09-27,0.14334564605732503,0.343850493902774,0.23013162910074847
2023-09-28,0.1553561914104511,0.3726495018590228,0.2511065111010957
2023-09-29,0.12415988445337822,0.3533829275100391,0.2320183599793353
2023-10-02,0.14793249499010952,0.3977347652153116,0.2564614722175287
2023-10-03,0.17008807588729802,0.4203393946371252,0.27857624583980445
2023-10-04,0.11587395837006209,0.38954577586940076,0.24030471420190125
2023-10-05,0.06930962691237696,0.335323012507317,0.1949396679261497
2023-10-06,0.06684896169553878,0.3264786215270272,0.19405110099609546
2023-10-09,0.07048058740190988,0.33887353140205634,0.20831421557245555
2023-10-10,0.10556190009739774,0.4083117125993707,0.25116046372483836
2023-10-11,0.11067458216097403,0.4067579045462377,0.2538709854593324
2023-10-12,0.10304901619029705,0.4317862396010008,0.2633336218872837
2023-10-13,0.12167920666496435,0.44398901143199954,0.2784433499757688
2023-10-16,0.08314177689829383,0.38674129731612106,0.2305645365101221
2023-10-17,0.10555074991113655,0.43120550832489957,0.2599998412613904
2023-10-18,0.06721110093275318,0.3825026109837173,0.22588523480263922
2023-10-19,0.04414540583884752,0.3518893225153219,0.20050990436113625
2023-10-20,0.04572043935667902,0.331974232423065,0.1890938970565581
2023-10-23,0.05681444175336714,0.3389914495830677,0.19645249401148357
2023-10-24,0.03898169923989858,0.31452884411855697,0.1729788763825888
2023-10-25,0.021247155173220733,0.28069996492659643,0.14177519578678233
2023-10-26,0.0034291208414214402,0.2576848473505857,0.1242778029200915
2023-10-27,0.007518581091292553,0.2968618690828937,0.13937957181523997
2023-10-30,0.0025288317662937043,0.32186922082777714,0.1427165421246257
2023-10-31,-0.034556973015025916,0.293324595241254,0.11571855481093918
2023-11-01,-0.051687813628318535,0.28557556122315786,0.10879246781293794
2023-11-02,-0.05253684495745947,0.3165223718637926,0.1217754823692252
2023-11-03,-0.01928339178198557,0.3592342829426083,0.15021890494777934
2023-11-06,-0.003156439972700764,0.40954381689552166,0.17598410924985286
2023-11-07,-0.01074876749253717,0.3943048202147008,0.16672035144675612
2023-11-08,-0.0040634346309808,0.38677983325970344,0.16168073112579573
2023-11-09,-0.00614862492333057,0.3865705942861011,0.1601797500801292
2023-11-10,-0.0011857782447929344,0.4143908759986059,0.17736287799987016
2023-11-13,-0.06694231005854523,0.3006397502016944,0.11047333212017496
2023-11-14,-0.059583385568830916,0.29154775383304976,0.11140065370770369
2023-11-15,-0.03833927068618603,0.2986817594549769,0.12088473118623266
2023-11-16,-0.07188819246252054,0.2641521839935923,0.09659581395356276
2023-11-17,-0.07031696603475612,0.2696538683016314,0.09531639111487622
2023-11-20,-0.07373977854138536,0.25347964544640234,0.08517776567369406
2023-11-21,-0.08748546710221539,0.2572178799109317,0.07840038036865438
2023-11-22,-0.074688231822581,0.28264308982977693,0.09049629841692797
2023-11-24,-0.09958114854783395,0.23348361520304928,0.060573011593083814
2023-11-27,-0.09961099400495155,0.19794148003134704,0.04131089569207269
2023-11-28,-0.11206790149665002,0.2116641024179915,0.03682294380458262
2023-11-29,-0.08877747441527828,0.24356066806505994,0.06623289737559368
2023-11-30,-0.08357152607795959,0.25903788775249814,0.07477528060873717
2023-12-01,-0.10293000141106834,0.2250464914185939,0.05306511686489013
2023-12-04,-0.07700077629955249,0.24575622446212075,0.07403675666061038
2023-12-05,-0.05739336499309633,0.2654332138706701,0.08508754040226774
2023-12-06,-0.04280300059616049,0.292283843385269,0.10750696241989321
2023-12-07,-0.03136030830015213,0.3321014509177205,0.12690284049484113
2023-12-08,-0.038855192992199195,0.3384233793836817,0.12965019501210318
2023-12-11,-0.060538490185755855,0.3125889913881461,0.11212813834890167
2023-12-12,-0.038227006206023706,0.35071222129900814,0.13798347784615617
2023-12-13,-0.04906597969761961,0.32980919927992813,0.12074100999913573
2023-12-14,-0.005086093997215824,0.34398698512360526,0.133900649437668
2023-12-15,0.0032243904575135485,0.35504434644027394,0.14361294667586466
2023-12-18,0.012344354003218427,0.40332285288019376,0.17372268485632603
2023-12-19,0.03392575470503978,0.4171619608186472,0.18922291554134962
2023-12-20,0.054225296455066685,0.4548620116969302,0.20862565415830514
2023-12-21,0.03516894780689106,0.4475366251791464,0.20434369209907355
2023-12-22,0.024012790920248106,0.4326788094503391,0.19118213740859602
2023-12-26,0.04456938536847699,0.46653781919738013,0.20916544010561533
2023-12-27,0.03635836336303333,0.46196964311175015,0.2000847843934368
2023-12-28,0.03933059659559435,0.4868224630749971,0.20602892433995112
2023-12-29,0.061299169437577294,0.5052476343645294,0.22034679453918793
2024-01-02,0.039010062020643055,0.4657356274661617,0.20348846018411004
2024-01-03,0.07237757884779139,0.4708032850577475,0.2138056048847159
2024-01-04,0.08986074728404381,0.4670661031984995,0.21253860871087538
2024-01-05,0.06205221798081051,0.4637761471875592,0.20301203892336495
2024-01-08,0.07162724707802659,0.4784545005271599,0.21199727899422194
2024-01-09,0.05566578774366371,0.4588452692618379,0.1938674730127894
2024-01-10,0.06190054148232016,0.45592256083997684,0.19968000594576352
2024-01-11,0.048613676134352746,0.4560348230997511,0.19595933503468355
2024-01-12,0.03465258079162137,0.4426719897395106,0.18641576519199954
2024-01-16,0.05200437572580596,0.4531654873777078,0.19841359465247987
2024-01-17,0.07422700864413967,0.44198413758513055,0.19761360674199557
2024-01-18,0.06651055087682178,0.44602136389162217,0.19783596054481767
2024-01-19,0.08441944070193852,0.47429515492873353,0.22389666805417652
2024-01-22,0.11612305185592664,0.49653060176018915,0.24036861628308492
2024-01-23,0.0765493454627657,0.43502038948398525,0.20081073178696363
2024-01-24,0.08148423443063701,0.42016782599355795,0.19782441905449577
2024-01-25,0.0938969293000047,0.4252015415716257,0.2015211411827207
2024-01-26,0.10504790845894907,0.43711599837345605,0.20614250446690408
2024-01-29,0.10241802121566579,0.41250098364433785,0.1951878706580228
2024-01-30,0.09231087466250565,0.39789983446790367,0.19289849050077446
2024-01-31,0.08965794251541115,0.42057201289805923,0.20455842655008905
2024-02-01,0.05751511303997847,0.37591326660219426,0.18046041854911077
2024-02-02,0.013387154812898316,0.3328528416170662,0.15850783659134748
2024-02-05,-0.008128228805430515,0.28005258763684227,0.1382072396760341
2024-02-06,-0.00436816343372326,0.30475949946104697,0.1520112591864884
2024-02-07,0.02844033095752474,0.34308754227705096,0.17564190426790227
2024-02-08,0.011735221908836913,0.318424436850939,0.15870414987410508
2024-02-09,0.02732876369952897,0.35138948232706513,0.17813990413729242
2024-02-12,0.03424421492929275,0.36627659578850325,0.18791899412477275
2024-02-13,0.030472593323768837,0.3760084987095509,0.1859740811848174
2024-02-14,0.005626039642568692,0.3541852571873767,0.16791008907823102
2024-02-15,-0.0010734212037477597,0.3366700210785083,0.16195260648046772
2024-02-16,-0.005244924471653589,0.3453363706282433,0.16849120196934786
2024-02-20,0.01400446871488259,0.39825276598778436,0.19957455136957458
2024-02-21,0.032819982627055655,0.41002750774090413,0.2051218189459032
2024-02-22,0.061142980130222124,0.4502124176773856,0.23337888587017264
2024-02-23,0.04956932127528457,0.4571697597045872,0.2364310061488779
2024-02-26,0.05077163387487782,0.4463166094163016,0.2365781567866212
2024-02-27,0.060744419792146065,0.46218344177704695,0.24834237357287137
2024-02-28,0.07552383899494997,0.46665347600806273,0.25395787594104235
2024-02-29,0.06629819600766473,0.4587766337425825,0.25763606408490136
2024-03-01,0.03892386722821861,0.4417957148833245,0.2418786578179999
2024-03-04,0.05020476159636189,0.4468000343258012,0.2484229699718672
2024-03-05,0.030322784877155673,0.44145166554081094,0.24165222608089953
2024-03-06,0.03232652721244822,0.43793847347726356,0.23627506270459198
2024-03-07,0.05386187728294445,0.452872834169769,0.25916538096238306
2024-03-08,0.05090610139919227,0.4605289017630476,0.26759865402653205
2024-03-11,0.09736351685737432,0.48903263680409004,0.2919954994665406
2024-03-12,0.1483159678738626,0.5251069419396517,0.31848784424136234
2024-03-13,0.1885305776235533,0.5079563902815436,0.3197897639515599
2024-03-14,0.11890879587446346,0.4510911031679723,0.2804467719874566
2024-03-15,0.1640871964695021,0.45924907411304794,0.3002148129602189
2024-03-18,0.1790334513314653,0.4260036154133422,0.28661204281457175
2024-03-19,0.19526292729125916,0.4197829180564143,0.2953508200986159
2024-03-20,0.16369812070852663,0.404083211725897,0.2759504525750447
2024-03-21,0.13721728304702863,0.37877230865094536,0.26055450677980607
2024-03-22,0.17928083728215616,0.4387000632920244,0.3089552916569307
2024-03-25,0.1872111759994406,0.417652623327035,0.30632662211684947
2024-03-26,0.18398479871232354,0.41171070872455195,0.2930570214516619
2024-03-27,0.18755672200134765,0.42486877922610256,0.2930413913627785
2024-03-28,0.1794743956002649,0.42485023396145927,0.29423737306792797
2024-04-01,0.17435609417554643,0.4113258914418645,0.28028188847405655
2024-04-02,0.18843319325315422,0.41914339495232844,0.2847784591339704
2024-04-03,0.1659054478139237,0.39094755294232275,0.2655632881493548
2024-04-04,0.15422214816139568,0.3693085014851516,0.24815868108286332
2024-04-05,0.18359042567318107,0.38257669441696374,0.26148221753760326
2024-04-08,0.20527339585836457,0.41755646122668955,0.2773486022419964
2024-04-09,0.20271534118474155,0.38773791266902635,0.26474813538029096
2024-04-10,0.1805510744188854,0.38336835058498164,0.26236511152427844
2024-04-11,0.16968919108835556,0.4122625549215666,0.27560218632011524
2024-04-12,0.18293733419985503,0.41389804197005775,0.2788150624916923
2024-04-15,0.14658237749132041,0.3832459929013221,0.2595569354472296
2024-04-16,0.1595424796326057,0.36937790125840597,0.2539712675345285
2024-04-17,0.13825849053238382,0.38126771946254534,0.2569134754322011
2024-04-18,0.1479459219408481,0.3846222543214268,0.2630744598965449
2024-04-19,0.1691560128847911,0.401698725444938,0.2749724601794241
2024-04-22,0.18872430890859526,0.4191517244774803,0.2862046845871735
2024-04-23,0.1707988427192435,0.419294381971393,0.2827699343851695
2024-04-24,0.1742756297673438,0.41709755155278105,0.2778928069668496
2024-04-25,0.20182836578553842,0.43966730899722073,0.2961065048700815
2024-04-26,0.23997791634609467,0.4358622971149424,0.31255840138795365
2024-04-29,0.2274811033670363,0.39527701343209576,0.2866918839951764
2024-04-30,0.20537506557342478,0.3886512536443878,0.27358302120258626
2024-05-01,0.1825391865338446,0.37824750283923625,0.2667650429380686
2024-05-02,0.2152444491518255,0.39349441128110896,0.2825714539089532
2024-05-03,0.1986838388031853,0.381225330892212,0.27567260199581956
2024-05-06,0.21630600179633763,0.40245197266075694,0.2981942634955601
2024-05-07,0.1945770851823807,0.37366948969196767,0.27531120347851945
2024-05-08,0.20203996263899038,0.3753441678834908,0.2764461675409817
2024-05-09,0.17380389354228143,0.37202862878158527,0.2692311718089557
2024-05-10,0.17578623419573303,0.37893247428660404,0.2728624814968905
2024-05-13,0.1638031329746037,0.3525401467058975,0.2574859632194373
2024-05-14,0.14908176928385042,0.3350780113781524,0.24336119271737688
2024-05-15,0.13103893087807927,0.3280108287794177,0.2368263870606402
2024-05-16,0.13565853186522547,0.31032389301188146,0.2377781810495141
2024-05-17,0.1099764487598065,0.28726552947423367,0.22041655276609484
2024-05-20,0.10498982253425537,0.23764563832535668,0.19822153897313566
2024-05-21,0.12419973909753357,0.25291554259779336,0.21101831096686174
2024-05-22,0.12923716036498134,0.2673568240535058,0.22489161703747618
2024-05-23,0.129498026225759,0.28797737498287845,0.2382063981052609
2024-05-24,0.13466474396762163,0.2883651342652145,0.24250444444923147
2024-05-28,0.15453211687373192,0.2771692889940047,0.24350709007024052
2024-05-29,0.15076295720614308,0.25040657818846235,0.23195617365035237
2024-05-30,0.13157318581483723,0.22129003929810453,0.21197878463651199
2024-05-31,0.14523047673520506,0.21939321946782964,0.21477932458894888
2024-06-03,0.15380780551373952,0.22085346404512274,0.21460182597801247
2024-06-04,0.1244563655339781,0.236120099448746,0.2121285379441502
2024-06-05,0.15446790409348776,0.24877944279065822,0.22699711458245853
2024-06-06,0.1273707895194398,0.24918942833946822,0.22568229231242354
2024-06-07,0.10023943603472807,0.2699974975727166,0.23005389014927347
2024-06-10,0.11564043021555004,0.2571627033831816,0.2297031870168318
2024-06-11,0.11627642629615931,0.2553283367420094,0.22908203205607958
2024-06-12,0.11398989807841842,0.23731803979437394,0.2181959513291627
2024-06-13,0.11276794722428574,0.23578092685501528,0.21576987112012658
2024-06-14,0.13888835729270266,0.24604078147467145,0.2293605153142435
2024-06-17,0.12144809140161095,0.22886679764579387,0.211807367024494
2024-06-18,0.1313104177449156,0.23604678808276436,0.21769711681793824
2024-06-20,0.13877197410285524,0.2464499804122875,0.22545811301346275
2024-06-21,0.14032865808941986,0.2661431597868653,0.23479027030520094
2024-06-24,0.1391451104645427,0.2511311191298846,0.22680654228679753
2024-06-25,0.13757752443681137,0.2579737430417728,0.22712289968454802
2024-06-26,0.14902925778842602,0.28712440742973566,0.24030984879446615
2024-06-27,0.13112978131614184,0.2701475020889643,0.2277164407797163
2024-06-28,0.10898076951172664,0.25873848304402425,0.2185045864266264
2024-07-01,0.10678078068591557,0.2477519303014737,0.20566961955006313
2024-07-02,0.11080588374642697,0.2265178786079487,0.20246108291970288
2024-07-03,0.10230704748660724,0.23020616226383472,0.20205866091615055
2024-07-05,0.0990367034631443,0.2336057441008621,0.2051946917933387
2024-07-08,0.13416584025768463,0.26813296108204887,0.2291434148836209
2024-07-09,0.11426964736941869,0.27191837706178035,0.23223146540717554
2024-07-10,0.0826668858759898,0.27037666465117516,0.2276262035653247
2024-07-11,0.07533270511911638,0.2692370602056784,0.22362659521292083
2024-07-12,0.06009656803428709,0.26200866686286783,0.21678332448138393
2024-07-15,0.06774423150253384,0.2571923241678187,0.21711661954298678
2024-07-16,0.06885912376403347,0.26427340037139735,0.22032736467349068
2024-07-17,0.04072944605660034,0.2590659853351529,0.21684490442507798
2024-07-18,0.03667602455366881,0.26414779478920725,0.21748281332188002
2024-07-19,0.034106903205787464,0.26483389896783316,0.2178677698147098
2024-07-22,0.03880730709606928,0.2846993592906961,0.22267143395697864
2024-07-23,0.044465260900163006,0.285111706875248,0.22103191719910775
2024-07-24,0.04641789397101492,0.2684550717241756,0.21164987440927407
2024-07-25,0.043092559645028894,0.27432348904525194,0.2130045936666387
2024-07-26,0.0321810630932402,0.2812169960575175,0.21433181890217323
2024-07-29,0.056313126085546505,0.2875938574118291,0.22436368103190385
2024-07-30,0.04709901243385728,0.2579959708841897,0.2077215910818846
2024-07-31,0.026411755254875935,0.2647148204490837,0.20790756996023707
2024-08-01,0.03467019319725129,0.2809653385923818,0.21952601067092048
2024-08-02,0.048675471788238056,0.32062439102852625,0.24224887720152255
2024-08-05,0.046637773258625614,0.3365364773553936,0.25300317903549496
2024-08-06,0.05610173840814636,0.3460171437559112,0.2601484681574131
2024-08-07,0.050803731542151676,0.3358701759238427,0.25045929726801397
2024-08-08,0.06778655378814147,0.36137330313991467,0.26834836956082886
2024-08-09,0.1148865585269907,0.34632065213044116,0.2658746453629359
2024-08-12,0.13293164950244885,0.35173184667419966,0.2734024558810779
2024-08-13,0.1528269029632161,0.3640617032115683,0.27764923270197106
2024-08-14,0.19422194288080963,0.3494407482931119,0.27817078487350044
2024-08-15,0.19755525711345112,0.32387602489376444,0.27510236210276817
2024-08-16,0.18891987709120595,0.33171223913163095,0.2746570799195418
2024-08-19,0.19697049573464587,0.3344850398805208,0.275914830553766
2024-08-20,0.20942906884151258,0.356067806309601,0.2884493000188264
2024-08-21,0.22406596455002248,0.329862128483158,0.27811270312414615
2024-08-22,0.20136800234097763,0.2839944261663969,0.25253982148399734
2024-08-23,0.2035360407345601,0.25012219378120926,0.23228874277729838
2024-08-26,0.2406129488643911,0.2905293196461065,0.26360257101891627
2024-08-27,0.22163521795185837,0.2831750287715591,0.2554941897085805
2024-08-28,0.2154300471805477,0.25610052332672284,0.24126196463979155
2024-08-29,0.20565361520450343,0.2656318695556543,0.24346409745090858
2024-08-30,0.16206230299255098,0.22812747494284125,0.2208270842527782
2024-09-03,0.12292371005120284,0.19539371831043395,0.1998530977066073
2024-09-04,0.0740485946944398,0.16098030321638346,0.16274024645317642
2024-09-05,0.10909593723757638,0.170585442744978,0.17855411659306553
2024-09-06,0.10008676955810292,0.16819759336999618,0.17859953309766952
2024-09-09,0.13783271285265708,0.21260610926960988,0.20955901362960683
2024-09-10,0.13799908567136088,0.21723730245304096,0.21306599536070125
2024-09-11,0.12505535470646945,0.2056528276998797,0.2057734180530013
2024-09-12,0.14470386696621462,0.24942250479234396,0.2323632649202827
2024-09-13,0.14512657469827595,0.24508519687440655,0.2348113086049486
2024-09-16,0.15848854644608634,0.26618597821596834,0.2452393895951881
2024-09-17,0.1738210372336162,0.28990107248057284,0.26325139751448323
2024-09-18,0.19612372215339224,0.3054843589497298,0.27458229898662934
2024-09-19,0.18679269823122735,0.30552718381101984,0.27515421731591516
2024-09-20,0.21441478597226027,0.33079360984844297,0.2914084817970899
2024-09-23,0.22267155581445142,0.3341416679358571,0.30280626144637823
2024-09-24,0.2645741652511888,0.34842257635706697,0.3196163543066912
2024-09-25,0.25934447781955083,0.32901898649793604,0.3109577602197908
2024-09-26,0.26585145680494593,0.3533109959465748,0.33233133617103094
2024-09-27,0.24564170599977864,0.33482623244984633,0.32406828746011485
2024-09-30,0.24329581345977114,0.3218150380692568,0.3165542859521078
2024-10-01,0.2564553188852303,0.33659992464368926,0.3323558485365712
2024-10-02,0.23671613692523574,0.2852928322801014,0.30545624511678593
2024-10-03,0.25576708885329347,0.3048526190930634,0.32045977086827393
2024-10-04,0.24893351103039918,0.28853551061567884,0.30772565972150856
2024-10-07,0.22425460252966767,0.2577247628254493,0.2862008692991309
2024-10-08,0.21596116733837167,0.2529061473192098,0.2853408977772307
2024-10-09,0.20798704756367825,0.2580689232544193,0.2827271547966599
2024-10-10,0.1979612398717583,0.27830916220702373,0.28917655739929504
2024-10-11,0.21545790191621572,0.28171170249323296,0.2947322175506393
2024-10-14,0.2742376808578695,0.2919431713954852,0.3094772208875318
2024-10-15,0.28956149324953384,0.3026094402617816,0.31797622932836767
2024-10-16,0.27956266596728185,0.2887263501207875,0.3047862417359808
2024-10-17,0.26567740166170806,0.28736370410632994,0.3009761048141575
2024-10-18,0.31888550582195174,0.3374580942193306,0.34104636871345284
2024-10-21,0.32587700293301514,0.34752114091373154,0.35059512514935287
2024-10-22,0.3383324135575516,0.3715539265241834,0.3708143357539755
2024-10-23,0.3520294541474702,0.3740232976180651,0.3771237278169344
2024-10-24,0.3239858144719907,0.3620472395098342,0.36380406671578736
2024-10-25,0.35339826155998666,0.40671099910082553,0.389148521462926
2024-10-28,0.35906446046233986,0.426085005281732,0.4039456620755386
2024-10-29,0.3787297517618724,0.42311965224725867,0.41598997697232787
2024-10-30,0.35250070775790077,0.387659821326624,0.38672551488539697
2024-10-31,0.33906303275737604,0.38300658930436793,0.37865220210098594
2024-11-01,0.3225217292568827,0.35839578300098096,0.36161062314269365
2024-11-04,0.30618760755409813,0.3500504321607647,0.3481477291563131
2024-11-05,0.26162335121124447,0.32007956935572013,0.3238815988921251
2024-11-06,0.27846648480727176,0.33435137552988947,0.33333496684817665
2024-11-07,0.2858387757811869,0.332257016895692,0.338760231396644
2024-11-08,0.29247907214942903,0.32988785367646023,0.3354389852714712
2024-11-11,0.33950245521263045,0.34229671816207974,0.35399537818744764
2024-11-12,0.3344492572285036,0.3237983352733427,0.3440945767896606
2024-11-13,0.33505372495722874,0.31018923030837153,0.3349238993481001
2024-11-14,0.286376601123953,0.2827366877906019,0.3152100160426128
2024-11-15,0.28063429640204074,0.2826597891371525,0.3125440375981152
2024-11-18,0.2989715813784921,0.289963317777177,0.3159831805179214
2024-11-19,0.26125358749407646,0.2921403251632142,0.31218998836867606
2024-11-20,0.249196446592729,0.2779894005817283,0.3014748849035702
2024-11-21,0.2539444150078878,0.2657592055437903,0.2923993739775059
2024-11-22,0.24885879091212804,0.2708212794384661,0.29021347210211457
2024-11-25,0.2358157729412247,0.2803706025237267,0.28897452545781865
2024-11-26,0.2601878332859042,0.2816962118020143,0.295292025439877
2024-11-27,0.26097733044123705,0.29062868903721695,0.2961048734841021
2024-11-29,0.25265774809121555,0.28212310651312755,0.29309352160225655
2024-12-02,0.22717813806706655,0.2529088087714293,0.26277299549216715
2024-12-03,0.19901551609944468,0.25858604592424395,0.2606444720748373
2024-12-04,0.19232605359853627,0.26667879455417287,0.26456729455321737
2024-12-05,0.2312242892992753,0.27962464061883874,0.2801104720485046
2024-12-06,0.3048864289547595,0.32202972911854166,0.3172492651739145
2024-12-09,0.29093729902762444,0.32434000908889815,0.31738230146308655
2024-12-10,0.29062430115886206,0.3200047009661038,0.3174253833406122
2024-12-11,0.307298735996945,0.30806095845757864,0.3135712820114096
2024-12-12,0.28567084543991084,0.2953764553807383,0.30353711045299114
2024-12-13,0.23126825368072423,0.2774640267913284,0.2864304089277483
2024-12-16,0.18178041060073258,0.26968645737241936,0.2740695427308244
2024-12-17,0.17401772639201396,0.23347251974567484,0.25982471604627166
2024-12-18,0.17591219621315712,0.23426800056148123,0.25791092901518997
2024-12-19,0.16212238446689287,0.23644156455981413,0.2548785127580424
2024-12-20,0.18684982891176438,0.25436917815956606,0.27294317745904584
2024-12-23,0.1847292435712946,0.24440210766982862,0.2677557113253217
2024-12-24,0.19547155717622045,0.24453652063572884,0.2691346847981142
2024-12-26,0.19806674045029427,0.23892073714991535,0.26808515058656135
2024-12-27,0.1850884333830305,0.243042337051935,0.27240593820938885
2024-12-30,0.19125054057089796,0.2338547337507597,0.2680713276468303
