Date,return,exposure,n_holdings
2020-01-02,0.009937443165995598,0.6,10
2020-01-03,-0.00424041849052387,0.6,10
2020-01-06,0.0017094594316933677,0.6,10
2020-01-07,-0.0019536490480023473,0.6,10
2020-01-08,0.004809973106606046,0.6,10
2020-01-09,0.008180293745586308,0.6,10
2020-01-10,-0.0009046685091300817,0.6,10
2020-01-13,0.009113203928028413,0.6,10
2020-01-14,-0.005408972021689574,0.6,10
2020-01-15,0.0011822269888855108,0.6,10
2020-01-16,0.007401168194404409,0.6,10
2020-01-17,0.005068466787707829,0.6,10
2020-01-21,0.0005523524432847456,0.6,10
2020-01-22,-0.0009359391077944056,0.6,10
2020-01-23,0.002780604464376666,0.6,10
2020-01-24,-0.005783915694451653,0.6,10
2020-01-27,-0.011023052811860695,0.6,10
2020-01-28,0.011047368366356846,0.6,10
2020-01-29,0.003338870986912203,0.6,10
2020-01-30,6.578721791302465e-05,0.6,10
2020-01-31,-0.024957227639562436,1.0,10
2020-02-03,0.009495778369385447,0.9396338172563631,10
2020-02-04,0.019255817484183476,0.9165586256881223,10
2020-02-05,0.003640699385632859,0.8184796687310621,10
2020-02-06,0.006063682980019389,0.8209275526940814,10
2020-02-07,-0.004762545819062416,0.8186629587324765,10
2020-02-10,0.011709215440048649,0.819474026431328,10
2020-02-11,-0.001604474845750544,0.7960592479829651,10
2020-02-12,0.007921730940038245,0.8068839381623915,10
2020-02-13,-8.12647989007786e-05,0.8096926411582083,10
2020-02-14,0.008836666235440091,0.8088040654763137,10
2020-02-18,0.0029957323685217557,0.8045542090241098,10
2020-02-19,0.0106986259991417,0.8066026837724918,10
2020-02-20,-0.008000332602882907,0.7902250264417445,10
2020-02-21,-0.014314939351644743,0.7694741745980253,10
2020-02-24,-0.015488928078594052,0.36059491419290934,10
2020-02-25,-0.012764178012272562,0.3425616162625796,10
2020-02-26,0.00037212959107951337,0.3393600558574264,10
2020-02-27,-0.01038863851649288,0.2087090725234658,10
2020-02-28,0.0003835958559934644,0.2046145496083394,10
2020-03-02,0.011218843382304092,0.20459276254444878,10
2020-03-03,-0.00626177590722156,0.23223751519536948,10
2020-03-04,0.011173052836680103,0.23377067282001335,10
2020-03-05,-0.00910068474529834,0.25136871571753355,10
2020-03-06,-0.004835001684032266,0.24638707370180724,10
2020-03-09,-0.01888602273065004,0.24885352923700862,10
2020-03-10,0.013154260074237784,0.2285655999908962,10
2020-03-11,-0.008491614646470334,0.2260957942222528,10
2020-03-12,-0.02175306823346036,0.22359049027406872,10
2020-03-13,0.022200855644776852,0.21090501461763314,10
2020-03-16,-0.023105087054494954,0.18600763620071264,10
2020-03-17,0.009160013781140501,0.1783587042196989,10
2020-03-18,-0.008790322195828417,0.17488918814202817,10
2020-03-19,0.0007933073793474006,0.18070731996639183,10
2020-03-20,-0.007804202350834559,0.18022992267839702,10
2020-03-23,-0.001986786722874977,0.18299805407834333,10
2020-03-24,0.017574235597036362,0.18748933905146317,10
2020-03-25,0.0035049954263495385,0.1781449084123712,10
2020-03-26,0.009338757004487865,0.1774907542688912,10
2020-03-27,-0.006166071500733806,0.17682412708537318,10
2020-03-30,0.006180335380702468,0.17605032089806977,10
2020-03-31,-0.0030306486109967314,0.1788678178064321,10
2020-04-01,-0.007360594498285094,0.17953802845902198,10
2020-04-02,0.0034810631289499097,0.18340593746880887,10
2020-04-03,-0.002947562168910997,0.1843297225990191,10
2020-04-06,0.012754345053301495,0.18464475133453426,10
2020-04-07,-0.0011424940771409416,0.1902069232389345,10
2020-04-08,0.0035035031796609452,0.19658296716589377,10
2020-04-09,-0.0002531097363259838,0.19887402194420958,10
2020-04-13,0.008139932497466685,0.22300298412466318,10
2020-04-14,0.01349528035594283,0.24989024137364949,10
2020-04-15,-0.0001221372525628497,0.2976733942668483,10
2020-04-16,0.009321105254298098,0.3036857752056532,10
2020-04-17,-0.0018252706594126308,0.31547615861572303,10
2020-04-20,-0.00040160000212584605,0.31272401538799827,10
2020-04-21,-0.013404744608507145,0.3303805994142054,10
2020-04-22,0.008790270663969273,0.2933758661128686,10
2020-04-23,2.27730888538403e-05,0.3216740067765637,10
2020-04-24,0.00440822324250906,0.321387541259858,10
2020-04-27,0.0017876287786422983,0.330246817233875,10
2020-04-28,-0.009056047004417676,0.3428351412967812,10
2020-04-29,0.007371703138347386,0.32473121361185886,10
2020-04-30,0.0017154773304106305,0.3225569905759312,10
2020-05-01,-0.007389928358606732,0.3389282464997167,10
2020-05-04,0.0065110221308217605,0.3229596984352846,10
2020-05-05,0.004213514497229174,0.323591196939173,10
2020-05-06,0.0009004463065883222,0.3447003156239013,10
2020-05-07,-0.0009203603501165983,0.34638783950577023,10
2020-05-08,0.007436243820672484,0.5758004582357723,10
2020-05-11,0.009590837469946786,0.5666451019531835,10
2020-05-12,-0.004701454350922841,0.3360987483383796,10
2020-05-13,-0.0044924741304852855,0.357236995480984,10
2020-05-14,0.003789952811280437,0.35047966159653765,10
2020-05-15,0.0037634968130451137,0.36525450422453554,10
2020-05-18,0.006952560524853873,0.6082375382431613,10
2020-05-19,-0.0010591955297792712,0.3575125988974774,10
2020-05-20,0.005152880769254823,0.7059611963919981,10
2020-05-21,-0.006248702571155903,0.7312094439735647,10
2020-05-22,0.002222094624487974,0.6916974130095228,10
2020-05-26,-0.006839180896831167,0.6967731489765457,10
2020-05-27,-0.0015169747494202359,0.660222626313434,10
2020-05-28,0.0036015053889609863,0.7184280191053185,10
2020-05-29,0.010150060960337293,0.7414189980213274,10
2020-06-01,0.0037911615097165454,0.689360501272913,10
2020-06-02,0.0011012505727783265,0.744355179699771,10
2020-06-03,-0.001552962221165258,0.75,10
2020-06-04,-0.0026460606295874095,0.75,10
2020-06-05,0.01293723118170227,1.0,10
2020-06-08,0.0031557604606131722,0.6672203271540381,10
2020-06-09,0.009037356038137035,0.6833953500786921,10
2020-06-10,0.01664661534552411,0.6883097356702372,10
2020-06-11,-0.017308210299516538,0.36661620441579396,10
2020-06-12,0.0009047293093900496,0.3018505466081213,10
2020-06-15,0.0025679302860211087,0.3019829532407164,10
2020-06-16,0.0086512612595101,0.30234864300828074,10
2020-06-17,0.0001994035846459914,0.2996432685506588,10
2020-06-18,0.0010042027400714462,0.30054791141448195,10
2020-06-19,0.00021712694326816995,0.3016861210477684,10
2020-06-22,0.004190612884491832,0.311543028355513,10
2020-06-23,0.001227722824123868,0.3110320251820418,10
2020-06-24,-0.00595022752867093,0.32544396251023927,10
2020-06-25,0.003968433943872158,0.3158163506744172,10
2020-06-26,-0.006622682752300676,0.3156769298662949,10
2020-06-29,0.003076158676707077,0.31337155875128,10
2020-06-30,0.0076445143211606795,0.31374952991386357,10
2020-07-01,0.002503960342491094,0.514607600218143,10
2020-07-02,0.0047738948604803344,0.5180918958265137,10
2020-07-06,0.012624652988591773,0.5234657062861209,10
2020-07-07,-0.0023680787060338,0.5251499991219822,10
2020-07-08,0.0066542242256452735,0.5190856917836955,10
2020-07-09,0.00447335191588545,0.5260460483739342,10
2020-07-10,0.0031027633204898414,0.5934689167085182,10
2020-07-13,-0.009276860784103317,0.44999999999999996,10
2020-07-14,0.008017504141912485,0.7172987973652704,10
2020-07-15,0.0028626002251816835,0.6958939700277507,10
2020-07-16,-0.006836447148614306,0.7224685895935697,10
2020-07-17,0.0031955128512074537,0.6759713148861862,10
2020-07-20,0.028645062358095698,1.0,10
2020-07-21,-0.010848122056605115,0.6937843123242479,10
2020-07-22,0.007559286412721106,0.6474878448010237,10
2020-07-23,-0.011889572851660132,0.4285189802864091,10
2020-07-24,-0.004611645472812663,0.4097944659486478,10
2020-07-27,0.007615295636219869,0.6061599336547745,10
2020-07-28,-0.004755052831437132,0.4111898658440676,10
2020-07-29,0.00960120195300144,0.6065461236665122,10
2020-07-30,-0.00045572715961252834,0.6022177015532884,10
2020-07-31,0.002604610160519593,0.6006845255169494,10
2020-08-03,0.012013984259620233,0.6017182699704491,10
2020-08-04,0.0045754927511904115,0.6039171778522405,10
2020-08-05,0.00028536336571182347,0.6072885610490216,10
2020-08-06,0.006863949356453314,0.6096771062806405,10
2020-08-07,-0.009801631283769483,0.6067575459593879,10
2020-08-10,-0.005625252597037854,0.5826022396840232,10
2020-08-11,-0.013635151352892123,0.5939332249190028,10
2020-08-12,0.020795905030582477,0.5648785563032769,10
2020-08-13,0.001861603904495573,0.5163058459782236,10
2020-08-14,0.0006341688995380218,0.5252970233245456,10
2020-08-17,0.0098254175440386,0.525162797275057,10
2020-08-18,0.007042774417116115,0.6275725755221637,10
2020-08-19,-0.0036081185591324877,0.6544027274532713,10
2020-08-20,0.010630822595907403,0.6555820676306566,10
2020-08-21,0.004376287552035371,0.6850912865208668,10
2020-08-24,0.0006971658772421554,0.6994189871144307,10
2020-08-25,0.004652984636909603,0.704460715821668,10
2020-08-26,0.023355458884282306,0.7210949972320082,10
2020-08-27,-0.004863563056692936,0.6315387079077835,10
2020-08-28,0.0034697332345095173,0.6202088441426408,10
2020-08-31,0.007719828737433192,0.4136119974776298,10
2020-09-01,0.004187737034924509,0.4208464766418756,10
2020-09-02,0.003057847830022867,0.42094539511274076,10
2020-09-03,-0.014290457343314154,0.2534130389547493,10
2020-09-04,-0.003156207526678918,0.2324850998771704,10
2020-09-08,-0.011047190311999373,0.24074069699596712,10
2020-09-09,0.01398538413480818,0.38768589505888124,10
2020-09-10,-0.0082656420827798,0.40749239315861163,10
2020-09-11,-0.0013288790255930666,0.4313530937613545,10
2020-09-14,0.008626479832914632,0.4293229832287302,10
2020-09-15,0.0064283649881913185,0.4245643367506215,10
2020-09-16,-0.0093206929301199,0.42989103894537817,10
2020-09-17,-0.0043325631577225115,0.4148492477952789,10
2020-09-18,-0.003863483667404498,0.4137640040201562,10
2020-09-21,0.004625872480225325,0.42161093973727054,10
2020-09-22,0.004980637341839632,0.42137061223019107,10
2020-09-23,-0.014706166029960712,0.4193603312968182,10
2020-09-24,0.0011805220412005036,0.3919357729846552,10
2020-09-25,0.010783558432845779,0.4736342473809155,10
2020-09-28,0.007581678230649049,0.454011224292053,10
2020-09-29,0.0008126422126515168,0.4464276774017167,10
2020-09-30,0.005387982023286767,0.45648562283694705,10
2020-10-01,0.009543958084850198,0.4544131490764802,10
2020-10-02,-0.01568444688651706,0.44095073770857357,10
2020-10-05,0.011771853411906978,0.43443424743818326,10
2020-10-06,-0.008213858850925036,0.41815733025086194,10
2020-10-07,0.01063568614688679,0.4264573882559706,10
2020-10-08,0.00038713021352126785,0.43780071926677505,10
2020-10-09,0.008577301571587476,0.6776786667425032,10
2020-10-12,0.012910167875533098,0.444842149723803,10
2020-10-13,0.0013873095078265531,0.4329691361615431,10
2020-10-14,-0.005136031152644571,0.43610756748011337,10
2020-10-15,-0.004377273676741732,0.44816952921406805,10
2020-10-16,-0.0035204590845233446,0.4480763603335573,10
2020-10-19,-0.007934542350119029,0.4487177920672295,10
2020-10-20,0.0016259720261708273,0.43557700003529065,10
2020-10-21,-0.002912821294434111,0.4377055260914502,10
2020-10-22,-0.0034556385833923796,0.4806556867694895,10
2020-10-23,0.0046017329695575435,0.47550109733898954,10
2020-10-26,-0.004695112279092112,0.29509541642375786,10
2020-10-27,0.0036767065115016766,0.2968899196949872,10
2020-10-28,-0.012568806716979145,0.29567970711327957,10
2020-10-29,0.006358398744131596,0.2788486668686216,10
2020-10-30,-0.011847746807262765,0.28483204694488184,10
2020-11-02,0.0011866223557296066,0.29796739805184824,10
2020-11-03,0.005924816583375208,0.31988677299358353,10
2020-11-04,0.02303028727005133,0.5398380433293543,10
2020-11-05,0.0156427334007799,0.45007219581232843,10
2020-11-06,0.004824556929678437,0.6271551947773324,10
2020-11-09,-0.01726012614938923,0.42363905769890803,10
2020-11-10,-0.018332581424134606,0.6042407486208632,10
2020-11-11,0.019744826934141816,0.555842898953205,10
2020-11-12,-0.0024481698132962984,0.33828832782936996,10
2020-11-13,0.0006946636218969221,0.5088609410168436,10
2020-11-16,0.0011543682928318278,0.5103225836432161,10
2020-11-17,0.0027995239319077428,0.5182368041129713,10
2020-11-18,-0.0024772338734356672,0.5178531199733658,10
2020-11-19,0.005634734196361784,0.5182013195618896,10
2020-11-20,-0.00460624864536623,0.5181296734798823,10
2020-11-23,-0.0036833366575884435,0.5159327055950587,10
2020-11-24,0.0026920809849236235,0.5170824180742533,10
2020-11-25,0.002245801888803527,0.5176040393783501,10
2020-11-27,0.0025910519162594767,0.5404045298494623,10
2020-11-30,0.008391238998845262,0.5433540045623925,10
2020-12-01,0.007636862221782353,0.5636245436592959,10
2020-12-02,0.0012517703857250642,0.5601341627505215,10
2020-12-03,-0.001517871653135153,0.5614771641956556,10
2020-12-04,0.004710273406509355,0.6379592856666437,10
2020-12-07,0.0072757701823888,0.685568849729865,10
2020-12-08,-0.0013026258320063052,0.6788323782946784,10
2020-12-09,-0.019633356052971285,0.7854098077530045,10
2020-12-10,0.005459320464453453,0.7650033523971538,10
2020-12-11,-0.006515412706781642,0.9224003015631066,10
2020-12-14,0.01132072530938598,0.8962541322319331,10
2020-12-15,0.008270060107165118,0.8384578456885211,10
2020-12-16,-0.0003655800452697957,0.8162740295422415,10
2020-12-17,0.008203244931683224,0.8156235144754755,10
2020-12-18,0.0008934181242995127,0.8042231537266433,10
2020-12-21,-0.003954701399186016,0.5401772533014505,10
2020-12-22,0.0006346767987004178,0.8136712082377628,10
2020-12-23,-0.009164662552992937,0.826661993535018,10
2020-12-24,0.003240429231180407,0.7780698034883328,10
2020-12-28,0.0063277067373303944,0.7770005010098573,10
2020-12-29,0.0025160723898550305,0.7685451373549701,10
2020-12-30,0.00019522739399860674,0.7868314258736853,10
2020-12-31,0.004080147696634314,0.8042367195348812,10
2021-01-04,-0.0030944981921515353,0.5334434183308316,10
2021-01-05,0.006857897334346248,0.5305569260129895,10
2021-01-06,-0.006614345164795737,0.5250021989940551,10
2021-01-07,0.023880602880584783,0.7832697903886172,10
2021-01-08,0.008336179464000568,0.6351628207058612,10
2021-01-11,-0.006063705471644217,0.7562998025680037,10
2021-01-12,-0.00586481021588876,0.7326486568703744,10
2021-01-13,0.004480330028170265,0.73630206903371,10
2021-01-14,-0.007965662002542099,0.7626436235509495,10
2021-01-15,-0.00815077255184326,0.7446504286498754,10
2021-01-19,0.008390954249085127,0.7177973160319777,10
2021-01-20,0.023097741024914596,0.7169628563890671,10
2021-01-21,0.0040776162260010825,0.6076408647541591,10
2021-01-22,0.0018836501956173105,0.6142312630633212,10
2021-01-25,0.004420738539609407,0.6148159347901152,10
2021-01-26,-0.0028905859514319053,0.6438021185930844,10
2021-01-27,-0.01002634761590722,0.25449602693270096,10
2021-01-28,0.0014576289132824554,0.24331766065500535,10
2021-01-29,-0.0006673971528065976,0.24330767330978043,10
2021-02-01,0.006286844953083165,0.24302348379300467,10
2021-02-02,0.007374250608960271,0.40334963510026767,10
2021-02-03,-0.009508463650035968,0.6058364152577282,10
2021-02-04,-3.745754172237125e-06,0.5858303512001997,10
2021-02-05,0.0020011976068117932,0.5976500122412394,10
2021-02-08,0.007070678484046068,0.7096563637229815,10
2021-02-09,-0.00410896303846886,0.7146722151882091,10
2021-02-10,-0.0006112629580345576,0.721913821679985,10
2021-02-11,0.005380349642717105,0.7367176120434596,10
2021-02-12,0.004942503282501516,0.9794913854966448,10
2021-02-16,-0.0037970182511585537,0.7630872179549764,10
2021-02-17,-0.004588398359988138,0.7901296140893327,10
2021-02-18,-0.00322529737305431,0.7899959119554371,10
2021-02-19,-0.005688224245401567,1.0,10
2021-02-22,-0.034789754785518,1.0,10
2021-02-23,-0.00326698718471118,0.6093869028060599,10
2021-02-24,0.006714478759546192,0.617575493867008,10
2021-02-25,-0.014334910142593743,0.4019392019331634,10
2021-02-26,0.003177859020997318,0.3918969670726667,10
2021-03-01,0.015246233782890988,0.5853196749012042,10
2021-03-02,-0.008058599288538205,0.5434039915282738,10
2021-03-03,-0.011265851900133437,0.36419220222778087,10
2021-03-04,-0.009485905223641223,0.36594269419264586,10
2021-03-05,0.007047660513992956,0.5489541344380049,10
2021-03-08,-0.011061554846597248,0.3582252682796382,10
2021-03-09,0.024743738792538474,0.5320361705442396,10
2021-03-10,-0.0027117484340975335,0.4654883333708387,10
2021-03-11,0.013190829718824959,0.46574093674724426,10
2021-03-12,-0.002682511686166247,0.448023495008388,10
2021-03-15,0.003684613993022283,0.45180120432090853,10
2021-03-16,0.002056004289385224,0.604013709953741,10
2021-03-17,0.0007594484645924729,0.6027811326409819,10
2021-03-18,-0.012709251547185217,0.45231520618160953,10
2021-03-19,0.004990058939379637,0.4436160639291835,10
2021-03-22,0.009804512096271034,0.5887480526733628,10
2021-03-23,-0.0052350349882304545,0.5462297885827855,10
2021-03-24,-0.010910384432752334,0.5436258343401957,10
2021-03-25,0.0024108262157697944,0.7107246214568212,10
2021-03-26,0.016169526490867604,0.7477162545232303,10
2021-03-29,-0.002282447444176057,0.5307485898392447,10
2021-03-30,-0.005955285813807274,0.7421985581253345,10
2021-03-31,0.013472509559779954,0.7481967366978447,10
2021-04-01,0.011627369016456848,0.7486073675480208,10
2021-04-05,0.013294772148517158,0.7587795309517147,10
2021-04-06,-0.00308775415234552,0.7413165039508252,10
2021-04-07,0.0017043179709804515,0.7745635936687795,10
2021-04-08,0.008043349927024821,0.9013025294124558,10
2021-04-09,0.005690674143760899,0.9011763212062435,10
2021-04-12,0.0012357093261286503,0.9371500983119123,10
2021-04-13,0.0058181382186577495,0.9473037419299256,10
2021-04-14,-0.003908499834952977,0.9440466443052081,10
2021-04-15,0.014850689036915193,0.9277380124146921,10
2021-04-16,0.0019649703019684844,0.880724096267923,10
2021-04-19,-0.013504548527128932,0.9776792164888718,10
2021-04-20,-0.011003562889828242,0.8732936971278122,10
2021-04-21,0.009807305199574737,0.8357832400106898,10
2021-04-22,-0.013732005245458064,0.8366719100631133,10
2021-04-23,0.013589645056195617,0.8147024545312697,10
2021-04-26,0.00616492829277097,0.7877608364793375,10
2021-04-27,-0.004289732242854165,0.8276630118479179,10
2021-04-28,-0.004658723803172448,0.8215208971931637,10
2021-04-29,0.007471356501673431,0.8268213837987927,10
2021-04-30,-0.010343375517642152,0.8528997137636687,10
2021-05-03,0.0015200090862219386,0.8386667405903953,10
2021-05-04,-0.008630352124383428,0.8832216511899181,10
2021-05-05,0.004312510831566809,0.861578658495837,10
2021-05-06,0.00920938730817811,0.8576817188608195,10
2021-05-07,0.0110974557118969,0.852260358706942,10
2021-05-10,-0.013598835786733354,0.8295258301006047,10
2021-05-11,-0.007867779737284968,0.5865059131137352,10
2021-05-12,-0.011106344476237167,0.38864576148061913,10
2021-05-13,0.006852813804631521,0.5678185979600237,10
2021-05-14,0.015725705789710026,0.7985967072139876,10
2021-05-17,-0.004290851237963317,0.7417811658030407,10
2021-05-18,-0.006322991247145779,0.5797631168122375,10
2021-05-19,-0.002289810987897617,0.5930375111627754,10
2021-05-20,0.008394206843792454,0.610357863552622,10
2021-05-21,0.003150149974521704,0.6335513528261598,10
2021-05-24,0.009227972771088408,0.8958867140850596,10
2021-05-25,0.0002965744539233534,0.8808660861884422,10
2021-05-26,0.004539253309629284,0.8875513175810741,10
2021-05-27,0.011987847409151096,0.8917096587806399,10
2021-05-28,0.0019130907374397283,0.8669718918668476,10
2021-06-01,0.008583063600512805,0.9114835104981768,10
2021-06-02,0.0022192574780653933,0.8962621289278363,10
2021-06-03,-0.0029788694009513393,0.9389588840038573,10
2021-06-04,0.010386744773432724,0.9293648161148301,10
2021-06-07,-0.003999899710733844,0.9228774134855872,10
2021-06-08,-0.0012462325449868017,0.9412295060778515,10
2021-06-09,-0.007791760799339566,1.0,10
2021-06-10,-0.009443121998356608,1.0,10
2021-06-11,0.003304357340592745,1.0,10
2021-06-14,-0.0011990148173733621,1.0,10
2021-06-15,-0.004860641867664895,1.0,10
2021-06-16,-0.0026373267297693983,1.0,10
2021-06-17,-0.009012146434325664,1.0,10
2021-06-18,-0.014172201159057563,0.8743543081032712,10
2021-06-21,0.018839471258710033,1.0,10
2021-06-22,0.0019714249861555,0.9187631737639606,10
2021-06-23,0.005676475683156452,0.9463031117181164,10
2021-06-24,0.011893854182434717,0.9359078305672173,10
2021-06-25,-0.001668640132129602,0.8971962988790174,10
2021-06-28,0.002653837478502032,0.9414068504602126,10
2021-06-29,0.0025214274417432953,0.9402840387220789,10
2021-06-30,0.00784917174215374,0.9662850030611432,10
2021-07-01,0.0035785840835181443,0.9442736837612306,10
2021-07-02,0.0036250551410050734,0.9451313332987941,10
2021-07-06,-0.009312072065460851,0.9815325641113488,10
2021-07-07,0.0017479379769752299,0.9514342237500332,10
2021-07-08,-0.013325578153471369,0.9510841405525053,10
2021-07-09,0.0197723142793352,0.9077606457651027,10
2021-07-12,0.008430291883662335,0.8283188794834262,10
2021-07-13,-0.007417667417422428,0.8168189606170113,10
2021-07-14,-0.002530349912506212,0.7993784002486427,10
2021-07-15,-0.0007350927717072391,0.8049859950012055,10
2021-07-16,-0.012041599482656852,0.8078877662296353,10
2021-07-19,-0.014306653698081135,0.5931235494855097,10
2021-07-20,0.019964295543000374,0.789877391633804,10
2021-07-21,0.013312090462473955,0.7808383813404662,10
2021-07-22,-0.004237543481990899,0.7528726416871658,10
2021-07-23,0.0031355544686348705,0.7489404407629409,10
2021-07-26,0.0033509731335545053,0.771044890037583,10
2021-07-27,-0.0009452484823217269,0.7717560352102992,10
2021-07-28,0.0022152266556357673,0.7712119015324373,10
2021-07-29,0.007090451256073743,0.7713741988992164,10
2021-07-30,-0.0065858502575357,0.7734294812608329,10
2021-08-02,0.0001050634759039116,0.7635803344952149,10
2021-08-03,0.006959123173017071,0.7655985947162951,10
2021-08-04,-0.004423639153641522,0.7791842881244988,10
2021-08-05,0.008059361274569134,0.7728583022775047,10
2021-08-06,0.006559871109823512,0.8126181538036006,10
2021-08-09,0.00044104001731430593,0.900376339851462,10
2021-08-10,0.007182334589605364,0.9188559168277398,10
2021-08-11,0.005884666400928586,0.9336123457979629,10
2021-08-12,0.0014844119217263146,0.9346338215680211,10
2021-08-13,-0.005324475685214257,0.9375347818572067,10
2021-08-16,-0.007790525156583423,0.9992782313952119,10
2021-08-17,-0.013855541532919893,1.0,10
2021-08-18,-0.008525227782567799,0.854844171292543,10
2021-08-19,-0.01071087359691232,0.8983496355115849,10
2021-08-20,0.009686368776201632,1.0,10
2021-08-23,0.020981205533270042,1.0,10
2021-08-24,0.00791388776639995,0.8969817644824649,10
2021-08-25,0.010868696153985606,0.8835202946231898,10
2021-08-26,-0.0065658546952318065,0.8574643921864051,10
2021-08-27,0.013455128663947382,0.8481323849198613,10
2021-08-30,-0.005205311290771376,0.8283884245007617,10
2021-08-31,-0.0015507824988730324,0.8160556696283344,10
2021-09-01,-0.003937213988354097,0.8206224633195206,10
2021-09-02,0.003022183571309998,0.8220176655418115,10
2021-09-03,-0.0030576335941142558,0.8330975915492033,10
2021-09-07,-0.004155851557445162,0.8371780983556364,10
2021-09-08,-0.005853075563648573,0.83112725043676,10
2021-09-09,-0.0036566593092526548,0.8345991004260785,10
2021-09-10,-0.0034867489044536396,0.6318336773406752,10
2021-09-13,0.006936529141101206,0.8417940258583625,10
2021-09-14,-0.010826453819613434,0.8326039134770096,10
2021-09-15,0.00830516113188604,0.8185117627696031,10
2021-09-16,-0.004908988948830124,0.8530777851754148,10
2021-09-17,-0.006345414055979291,0.6517493909635717,10
2021-09-20,-0.009850132362606059,0.44760261765593384,10
2021-09-21,-0.0009868422756826626,0.6649679261847068,10
2021-09-22,0.01360660216231003,0.8137149944613482,10
2021-09-23,0.024460048677575112,1.0,10
2021-09-24,-0.0006363516113913329,0.8383499087159758,10
2021-09-27,0.004959031929262983,0.8505808839972194,10
2021-09-28,-0.011018192541314267,0.673807617557655,10
2021-09-29,-0.0009578658314491569,0.6521617929325125,10
2021-09-30,-0.008646231007672997,0.6523827527399351,10
2021-10-01,0.010172869654132525,0.6404009918864779,10
2021-10-04,-0.006780647196862634,0.6196976932540224,10
2021-10-05,0.008965165040009028,0.6132302213497516,10
2021-10-06,-0.0017330574874500505,0.6009266775268831,10
2021-10-07,0.010152963553028086,0.8092973650088333,10
2021-10-08,0.0016501054414648077,0.7927970239982086,10
2021-10-11,-0.006060564527237486,0.7978328202525615,10
2021-10-12,-0.0034318136190665265,0.7944319107109367,10
2021-10-13,-0.0015156537916551176,0.8232080302336025,10
2021-10-14,0.013274233270351639,0.8366210318324979,10
2021-10-15,0.010265443142979459,0.8071355607137659,10
2021-10-18,0.005962020664706145,0.8064860797147217,10
2021-10-19,0.005069133430553447,0.844401736836263,10
2021-10-20,0.002730959176636011,0.8484447903209437,10
2021-10-21,-0.0031698629811368834,0.881157007424569,10
2021-10-22,0.006696465951776699,1.0,10
2021-10-25,0.011673642252689395,1.0,10
2021-10-26,0.012999203078014103,1.0,10
2021-10-27,-0.0014078796251976423,1.0,10
2021-10-28,0.007524939292157003,1.0,10
2021-10-29,0.005055724346262567,1.0,10
2021-11-01,0.004743887744130982,1.0,10
2021-11-02,0.009296042767198146,1.0,10
2021-11-03,0.004046761996552141,1.0,10
2021-11-04,0.006898898577264682,1.0,10
2021-11-05,0.0032118449865579115,1.0,10
2021-11-08,0.0009403807574506056,1.0,10
2021-11-09,-0.004902769280085295,1.0,10
2021-11-10,-0.00495918810630725,1.0,10
2021-11-11,-0.002298802949885223,1.0,10
2021-11-12,-2.575036456562308e-05,1.0,10
2021-11-15,-0.0011909836769727468,1.0,10
2021-11-16,-0.002703399610436867,1.0,10
2021-11-17,-0.005652346586736472,1.0,10
2021-11-18,-0.005666066801035569,1.0,10
2021-11-19,-0.005616352316169593,1.0,10
2021-11-22,0.006462823819504728,1.0,10
2021-11-23,0.007842115379840607,1.0,10
2021-11-24,0.0016229971073136347,1.0,10
2021-11-26,-0.023332379278695855,0.7367265321618623,10
2021-11-29,0.008682794280555921,0.7752072418813412,10
2021-11-30,-0.010772674788873348,0.5042037694427053,10
2021-12-01,-0.001324690302772606,0.2921096847879596,10
2021-12-02,0.007102251352933182,0.511950574745224,10
2021-12-03,-0.004732125955974447,0.3010719009436637,10
2021-12-06,0.0035091551033257186,0.516828488830311,10
2021-12-07,0.01858837895205977,0.7740617264923502,10
2021-12-08,-0.0005835433009491399,0.8763656957117839,10
2021-12-09,-0.004765503017581233,0.6610882317845732,10
2021-12-10,0.006591332546559799,0.881954123311122,10
2021-12-13,-0.009588969491054545,0.6505090650378516,10
2021-12-14,-0.005332834780382575,0.6328490427584973,10
2021-12-15,0.0190974810280887,0.8383918284342531,10
2021-12-16,0.0002496632913838207,0.5638186111667359,10
2021-12-17,-0.011443258833288918,0.5690086829603743,10
2021-12-20,-0.008716103462142048,0.5542466883686772,10
2021-12-21,0.010154726986434562,0.5481262208385052,10
2021-12-22,0.01141066251041846,0.7201133200794257,10
2021-12-23,0.0055321707924544895,0.7088521967115883,10
2021-12-27,0.012324969038955432,0.7048353936709711,10
2021-12-28,-0.002523293237684684,0.80091438107163,10
2021-12-29,0.0008596403765864604,0.8065989488949117,10
2021-12-30,-0.00424083549658279,0.8490022631326412,10
2021-12-31,-0.0018686646644616917,0.8408527583439465,10
2022-01-03,0.01036431038097179,0.8441453687920323,10
2022-01-04,0.0017669898208173241,0.8382482007634419,10
2022-01-05,-0.022252484096088997,0.8384379077698507,10
2022-01-06,0.0016806111935983399,0.7753023780124524,10
2022-01-07,-0.009353234562110317,0.7751662491818082,10
2022-01-10,-0.0006767203503581257,0.7609816055446581,10
2022-01-11,0.009274869229248361,0.7696939542530754,10
2022-01-12,0.00026793562663814075,0.7736932499376566,10
2022-01-13,-0.011141303633076726,0.5866225263589046,10
2022-01-14,-0.00513347837129635,0.8356883341977298,10
2022-01-18,-0.012478734287243462,0.622702431160735,10
2022-01-19,-0.00798931383025594,0.618147410276754,10
2022-01-20,-0.0072403553361548,0.41353623291557823,10
2022-01-21,-0.005505268531984465,0.42581483387880126,10
2022-01-24,0.004092931557131937,0.45181733436468263,10
2022-01-25,-0.0035357989546667464,0.2732477561333855,10
2022-01-26,0.0012688588852847044,0.30110057788888156,10
2022-01-27,-0.0032905304906909005,0.29842502329491805,10
2022-01-28,0.013623424032304607,0.5011430253528383,10
2022-01-31,0.014251861829343434,0.6725154234578123,10
2022-02-01,0.0075029701575091,0.6150310761964608,10
2022-02-02,0.01525807413774673,0.6269273744639088,10
2022-02-03,-0.010550408706498876,0.5790415796928524,10
2022-02-04,0.0003247672077204625,0.6477002219538996,10
2022-02-07,-0.0033533017385867533,0.6486192672130267,10
2022-02-08,0.006386550202868975,0.6651893364682204,10
2022-02-09,0.013617653067356083,0.8739130436582968,10
2022-02-10,-0.016281171484272484,0.634033268849647,10
2022-02-11,-0.008742361140159532,0.39038081483807613,10
2022-02-14,-0.00039910638724297617,0.39547025715129963,10
2022-02-15,0.006315918573049697,0.3981907724273065,10
2022-02-16,-0.00044320976937393166,0.6209083632608561,10
2022-02-17,-0.009005918219135848,0.4245744438252549,10
2022-02-18,-0.0029135901816457186,0.4200458788966892,10
2022-02-22,-0.008509395480110043,0.423884487557613,10
2022-02-23,-0.0037882178413240855,0.24799884999963867,10
2022-02-24,0.0035996970579633488,0.24783227231182728,10
2022-02-25,0.009806714153473775,0.41196135080584234,10
2022-02-28,0.0004424518350104347,0.2427436665804575,10
2022-03-01,-2.9846276055849077e-05,0.2552818479520909,10
2022-03-02,0.004677390396825584,0.2735946062900435,10
2022-03-03,0.00036059636409834384,0.277341207242708,10
2022-03-04,0.0017372869719474344,0.30932394606809677,10
2022-03-07,-0.002846915170936786,0.3244720417581191,10
2022-03-08,-0.0029741367035834637,0.3235095257748363,10
2022-03-09,0.0019505008320490277,0.32386546544588124,10
2022-03-10,1.0531747196092108e-05,0.33141419572640435,10
2022-03-11,-0.0031473624572784533,0.3800042316604037,10
2022-03-14,0.0005893710362646526,0.44999999999999996,10
2022-03-15,0.01003819352826819,0.75,10
2022-03-16,0.0033747453984090533,0.75,10
2022-03-17,0.009864957666992729,0.75,10
2022-03-18,0.008206897911551596,1.0,10
2022-03-21,0.0032919513396737566,1.0,10
2022-03-22,0.00318571473957567,1.0,10
2022-03-23,-0.007244809347796232,1.0,10
2022-03-24,0.010360445520757112,1.0,10
2022-03-25,0.0031055712481308324,1.0,10
2022-03-28,0.00196343918095838,1.0,10
2022-03-29,0.006288617376921119,1.0,10
2022-03-30,-8.687346188608993e-05,1.0,10
2022-03-31,-0.013433955737581714,1.0,10
2022-04-01,0.005134153388992098,1.0,10
2022-04-04,0.005536793119330331,1.0,10
2022-04-05,-0.0044055772461602805,0.9581615751059335,10
2022-04-06,0.009730439785442692,0.946114870642648,10
2022-04-07,0.013252182469169692,0.9112753383604447,10
2022-04-08,0.0007377731129845544,0.8562721658190822,10
2022-04-11,-0.023266886723546012,0.8751815849059239,10
2022-04-12,-0.0004724244198314677,0.6433186023606299,10
2022-04-13,0.0010760525982334544,0.6563701692468323,10
2022-04-14,-0.0029783945098461077,0.6569314970668003,10
2022-04-18,-0.0013610121759317314,0.6699679553414125,10
2022-04-19,0.0013662041217627388,0.6828783750445596,10
2022-04-20,-0.0013256379720424554,0.6847502786295424,10
2022-04-21,-0.008700353265002136,0.6862218042494715,10
2022-04-22,-0.012828829861804926,0.45336071671475286,10
2022-04-25,0.0013763891675519619,0.44727219769821547,10
2022-04-26,-0.005854847293668301,0.2695052692091796,10
2022-04-27,0.0003313337965570537,0.2685233858856963,10
2022-04-28,0.011298521309529342,0.45764876391553116,10
2022-04-29,-0.009877656888527524,0.2588534715107341,10
2022-05-02,-0.00036544381149425386,0.2657511877921963,10
2022-05-03,0.00164068757152563,0.4493655162053269,10
2022-05-04,0.011573426306375867,0.45605396681843824,10
2022-05-05,-0.005217736140810905,0.2590813865979009,10
2022-05-06,0.0007446221475613837,0.2685184274065713,10
2022-05-09,-0.008243842681946905,0.2933735777578673,10
2022-05-10,0.0013499376125847122,0.29012502111860566,10
2022-05-11,-0.00042539027978935904,0.36921225184694767,10
2022-05-12,0.0004114326509868728,0.369191095391155,10
2022-05-13,0.007843168868826965,0.6165093075540232,10
2022-05-16,0.005480213944394956,0.5860722738654036,10
2022-05-17,0.00607047169015602,0.5728267723518207,10
2022-05-18,-0.012398722327593783,0.3360032951717984,10
2022-05-19,-0.004670325983152376,0.5194005701028929,10
2022-05-20,0.0033907478759202755,0.5323442238306163,10
2022-05-23,0.006446660537036184,0.5786494493418513,10
2022-05-24,0.0027685519513019306,0.5661732810209158,10
2022-05-25,0.004551258457828183,0.5795181460882635,10
2022-05-26,0.007727766626102233,0.5752441525122803,10
2022-05-27,0.010180023758357222,0.5977434967830988,10
2022-05-31,-0.009184824394921375,0.6192099668691853,10
2022-06-01,-0.0031401797179104393,0.5744527242321212,10
2022-06-02,-0.0006446314837525548,0.851194866007106,10
2022-06-03,-0.004878090442290815,0.912922340313471,10
2022-06-06,0.0006059945488178285,0.6102316247041271,10
2022-06-07,0.013679538574547163,0.9153491486269068,10
2022-06-08,-0.004077085653158267,0.8764644434830373,10
2022-06-09,-0.011517691228964948,0.572751188396006,10
2022-06-10,-0.007603224795664536,0.5244811217568173,10
2022-06-13,-0.008320528635774085,0.3041778018075769,10
2022-06-14,-0.002872710783884327,0.30248776445020076,10
2022-06-15,0.0014417934589633285,0.5113534758736986,10
2022-06-16,-0.0057527126500763175,0.31325658774447784,10
2022-06-17,-0.0026686855992927557,0.3322394167833895,10
2022-06-21,0.011264766318521961,0.3346130524541231,10
2022-06-22,0.00182338697198818,0.5228783964585151,10
2022-06-23,0.003567377660496459,0.5338044926491551,10
2022-06-24,0.010372534654111537,0.5322539474212394,10
2022-06-27,0.004022303670934229,0.5092371520790766,10
2022-06-28,-0.004648472223148253,0.5203487941856242,10
2022-06-29,0.0013567303815196132,0.5479686739405873,10
2022-06-30,-0.0037117773689756394,0.5700048894562936,10
2022-07-01,0.006958890359484979,0.5688337309773487,10
2022-07-05,-0.005605071175485575,0.5520972237272878,10
2022-07-06,-0.0007988336461337091,0.5497791545977946,10
2022-07-07,0.0007233840220156848,0.5497988798693748,10
2022-07-08,0.0013832918661698882,0.934758613672708,10
2022-07-11,-0.0005621623199042873,0.6265151450794834,10
2022-07-12,-0.0057945942162205034,0.6932627316516354,10
2022-07-13,-0.004880351662873552,0.7087830522558405,10
2022-07-14,-0.0013477071272622592,0.741596344076639,10
2022-07-15,0.015251983590411551,1.0,10
2022-07-18,-0.009527794682171024,0.6239174663587909,10
2022-07-19,0.009999061418831962,0.8951541264781415,10
2022-07-20,-0.010647892420830068,0.8602651039017378,10
2022-07-21,0.004717465992172322,0.8460928555727614,10
2022-07-22,0.0033408542720692485,0.8381649634461803,10
2022-07-25,0.008116151827931547,0.8388030773178949,10
2022-07-26,0.005024369583112037,0.8586073726880711,10
2022-07-27,0.0016484782547437433,0.8544000234408327,10
2022-07-28,0.004752509470387165,0.8684013084395213,10
2022-07-29,0.004282956346873494,0.8605437899577442,10
2022-08-01,-0.005517862960146853,0.8678629688177913,10
2022-08-02,-0.005553937119371865,0.8636299280289029,10
2022-08-03,-0.0014955864337120857,0.8639703765441524,10
2022-08-04,-0.011905138539512089,0.862604912537566,10
2022-08-05,-4.7885121902441585e-05,0.7928371947909203,10
2022-08-08,0.0029505777716923947,0.7935848667513916,10
2022-08-09,0.0019971947118425032,0.7904024674550608,10
2022-08-10,0.005828050234272718,1.0,10
2022-08-11,0.0006758692168692196,0.8082863409831298,10
2022-08-12,0.013019763427736135,1.0,10
2022-08-15,0.0031710352923507395,1.0,10
2022-08-16,0.0023972404556661915,1.0,10
2022-08-17,0.003602540558276632,1.0,10
2022-08-18,0.005455056446078211,1.0,10
2022-08-19,0.0015473222814447927,1.0,10
2022-08-22,-0.009786004671519234,1.0,10
2022-08-23,-0.002396996056705549,0.9899446796104077,10
2022-08-24,0.0005865581675990702,0.9946571097685784,10
2022-08-25,0.006909787445337755,0.9953642148217986,10
2022-08-26,-0.013574834480172479,0.6520423214343323,10
2022-08-29,-0.0021948960934573677,0.5765749473073625,10
2022-08-30,-0.006590498737907667,0.5857845271062669,10
2022-08-31,-0.005770700624933755,0.5811531883921297,10
2022-09-01,0.006475021807707925,0.5705275007190158,10
2022-09-02,-0.006680200869424485,0.6119693194611024,10
2022-09-06,0.0006325507158948189,0.591177257711872,10
2022-09-07,0.008511677918632369,0.890678117479248,10
2022-09-08,0.004730574882792496,0.8563881556065325,10
2022-09-09,0.005423496459892991,0.8617609362613712,10
2022-09-12,0.005744487244940759,0.8500874577432541,10
2022-09-13,-0.018164681522054957,0.6151887500851657,10
2022-09-14,0.004195172868897062,0.5128923838238201,10
2022-09-15,-0.0021554324567917213,0.5094347051500138,10
2022-09-16,0.0009396738422238697,0.513506947262955,10
2022-09-19,-0.00027707422603656467,0.5231549966371899,10
2022-09-20,-0.0031160271472437605,0.5248586723653826,10
2022-09-21,-0.006644357059388476,0.5453472667490289,10
2022-09-22,0.006361759127570792,0.5364923105338838,10
2022-09-23,-0.008380484064000248,0.5226537580575156,10
2022-09-26,-0.0025659325137574337,0.3155854205646805,10
2022-09-27,-0.0009470902196558197,0.3429111485838666,10
2022-09-28,0.007739881579470292,0.34323388493723367,10
2022-09-29,-0.0031261953907050447,0.3367209403503562,10
2022-09-30,-0.006717173945697365,0.3412722141644514,10
2022-10-03,0.007196350369485973,0.3427514965771172,10
2022-10-04,0.011333058470191558,0.5652866167804622,10
2022-10-05,0.0016279239055410353,0.5283336385804538,10
2022-10-06,-0.0031346680400459103,0.3281990692695627,10
2022-10-07,-0.004567197041006698,0.33060031311189947,10
2022-10-10,-0.0006857381813174227,0.3340192979430217,10
2022-10-11,0.002114780453211078,0.3427440905247631,10
2022-10-12,0.0012384709353665492,0.4299808471383851,10
2022-10-13,0.011484147281851088,0.43695730143433603,10
2022-10-14,-0.0048231570557609104,0.3923227412805398,10
2022-10-17,0.005236696222348686,0.38440855150230524,10
2022-10-18,0.0030395504951300327,0.3777384342984244,10
2022-10-19,-0.001428455425741101,0.3800457640062052,10
2022-10-20,0.0005440272749741626,0.6590929704769543,10
2022-10-21,0.015266084100328219,0.6753121658084733,10
2022-10-24,0.013161530913774987,0.6253193785124331,10
2022-10-25,0.0024427500392473016,0.587139494679372,10
2022-10-26,0.006139694077599563,0.5924289706483825,10
2022-10-27,0.0013298807016019533,0.5974978676852957,10
2022-10-28,0.006946182288605863,0.6113669736445768,10
2022-10-31,-0.001532306287326944,0.6528100176021548,10
2022-11-01,-0.0032530667031797048,0.6468723177250103,10
2022-11-02,-0.007125020543374805,0.6637745258353348,10
2022-11-03,0.001316271112835114,0.6204430321911804,10
2022-11-04,0.004049874767087589,0.9496797801447623,10
2022-11-07,0.011269474980384584,0.9856621874559122,10
2022-11-08,0.0044834035292517175,0.6310076201366561,10
2022-11-09,-0.008401686964782799,0.6312950239096159,10
2022-11-10,0.009911035232270167,0.8668425179773027,10
2022-11-11,-0.013312610626885574,0.8801098352630367,10
2022-11-14,0.004330656139996065,0.7860082217696123,10
2022-11-15,-0.003129271914913769,0.7876720316110981,10
2022-11-16,0.0031558903783687493,0.7763242303262402,10
2022-11-17,0.007359116357254994,0.7812931055126686,10
2022-11-18,0.007172865752094323,0.7739391675205523,10
2022-11-21,0.0008122480975786792,0.8336585887512618,10
2022-11-22,0.009448885991383292,0.8989406136079408,10
2022-11-23,-0.00011301985893410172,0.8668112694850691,10
2022-11-25,0.002659651267314795,0.8743848881130332,10
2022-11-28,-0.006377390842218617,0.8740567129700474,10
2022-11-29,-0.0013875649747801182,0.8572895098207911,10
2022-11-30,0.014179268490090881,0.8576779934435144,10
2022-12-01,-0.0017813935542306332,1.0,10
2022-12-02,0.002230734250135894,1.0,10
2022-12-05,-0.008968633285835833,0.826471559142796,10
2022-12-06,-0.005599375301269196,0.7775008837783465,10
2022-12-07,0.0036358465705078075,0.7988575911455728,10
2022-12-08,0.004615830800528276,0.801164991000103,10
2022-12-09,-0.012510000050936236,0.8363422304705187,10
2022-12-12,0.010187524192686658,0.7931000869847057,10
2022-12-13,0.002213565144306577,0.8452664590238286,10
2022-12-14,0.0004587672031392239,0.8491216524619367,10
2022-12-15,-0.015245494289546236,0.8594324371636093,10
2022-12-16,-0.004633235583121553,0.7484798385110818,10
2022-12-19,0.0007484842015829074,0.7569643782213441,10
2022-12-20,0.0035001645920756646,0.7762535600295921,10
2022-12-21,0.010525235211747775,0.7714396686922764,10
2022-12-22,-0.005149396119464359,0.7633973487549031,10
2022-12-23,0.007242876345800331,0.7546626774139582,10
2022-12-27,0.003378099579195147,0.7385154686730117,10
2022-12-28,-0.007278607125866394,0.7492844908089928,10
2022-12-29,0.002758588357793449,0.7314094280195397,10
2022-12-30,-0.0009753817501327097,0.8044796980178468,10
2023-01-03,-0.006475740346921608,0.8051091857347408,10
2023-01-04,-0.0004787625453490934,0.794450304676501,10
2023-01-05,-0.0018794421778659763,0.8243381826689886,10
2023-01-06,0.013312871992337591,0.8361128067577858,10
2023-01-09,-0.01322207829739556,0.7670034289382825,10
2023-01-10,0.0011955417747062994,0.7183732617972141,10
2023-01-11,0.002097640152731066,0.7672339180437534,10
2023-01-12,-0.0001655628725771916,1.0,10
2023-01-13,0.003132994083944586,1.0,10
2023-01-17,-0.0043106983943026035,1.0,10
2023-01-18,-0.019281307630478937,0.9156343999711907,10
2023-01-19,0.003030460734554059,0.7544718043243822,10
2023-01-20,0.0052697682228325824,1.0,10
2023-01-23,-0.0017834763861759653,0.9931276152703847,10
2023-01-24,0.0032153455674157425,1.0,10
2023-01-25,0.002972139983019394,1.0,10
2023-01-26,0.0025193103991954357,1.0,10
2023-01-27,-0.011276600873992038,1.0,10
2023-01-30,-0.004022951973783409,1.0,10
2023-01-31,0.007350308468258881,1.0,10
2023-02-01,-0.005753566207221449,1.0,10
2023-02-02,-0.015504947097153922,1.0,10
2023-02-03,0.001460007532204981,0.9344604726725756,10
2023-02-06,0.004117159078775424,0.931060722445207,10
2023-02-07,0.005772442829902282,1.0,10
2023-02-08,-0.00617812603385879,1.0,10
2023-02-09,-0.0004850674081049281,0.7837078853363331,10
2023-02-10,0.010611904811208366,0.788303411030076,10
2023-02-13,0.007170221519272771,0.73784024270013,10
2023-02-14,-0.007463189476945079,0.9631815692121807,10
2023-02-15,-0.004232346547986306,0.9503336565418975,10
2023-02-16,-0.008494019384033527,0.840515732814207,10
2023-02-17,0.004812764681551724,0.8160447233487518,10
2023-02-21,-0.007718676369998221,0.8184092652477825,10
2023-02-22,-0.002839554017231985,0.7986735843118482,10
2023-02-23,0.002419307493843952,0.8058177951045884,10
2023-02-24,-0.004767832488560541,0.8077519060402706,10
2023-02-27,0.0010976003637306541,0.8105630387892113,10
2023-02-28,-0.006904195303689781,0.8530441719213596,10
2023-03-01,0.001474353560529685,0.8408381046362168,10
2023-03-02,0.011100552442983582,1.0,10
2023-03-03,0.010187891582608523,1.0,10
2023-03-06,0.0057697001472307545,1.0,10
2023-03-07,-0.013252359626989686,1.0,10
2023-03-08,-0.004152932946872554,1.0,10
2023-03-09,-0.007787407209310781,0.7956154340341253,10
2023-03-10,-0.00802529090077082,0.7873194904692601,10
2023-03-13,-0.0024215285110862437,0.5117549543861772,10
2023-03-14,0.009729686191017176,0.826603973804376,10
2023-03-15,-0.006178926541873013,0.5358094330457065,10
2023-03-16,0.006446386659541977,0.8095410891548327,10
2023-03-17,-0.005850023824765754,0.5257268133614025,10
2023-03-20,0.010978242765998158,0.8022332244770638,10
2023-03-21,0.0068173244630066595,0.7609150059056637,10
2023-03-22,-0.011935205348571077,0.7638610731480383,10
2023-03-23,0.003928037339070253,0.7192870171902673,10
2023-03-24,-6.789967788596537e-05,0.7161826535426596,10
2023-03-27,0.007270317799248074,0.7229143647377599,10
2023-03-28,0.001747219106987794,0.9442301523983485,10
2023-03-29,0.010024527609893136,0.9661057744529756,10
2023-03-30,0.005808652405736182,0.9340652553888635,10
2023-03-31,0.011502333817382332,0.9647946042018712,10
2023-04-03,0.013471548032345943,0.9542492699337791,10
2023-04-04,-0.006878244598653337,0.9062818547821323,10
2023-04-05,0.0061384092390683945,0.9618109228589247,10
2023-04-06,0.00019399166113995102,0.9702351330765211,10
2023-04-10,0.0012992784524516075,1.0,10
2023-04-11,0.00277934725989166,1.0,10
2023-04-12,0.002580401462442863,1.0,10
2023-04-13,0.010227410409312252,1.0,10
2023-04-14,-0.003148218150418656,1.0,10
2023-04-17,0.0034132263482869784,1.0,10
2023-04-18,0.005597684997286466,1.0,10
2023-04-19,-0.0007287784895138196,1.0,10
2023-04-20,-0.005540504922859904,1.0,10
2023-04-21,0.0057120395288130866,1.0,10
2023-04-24,0.0056257871787204275,1.0,10
2023-04-25,-0.0014982548195519156,1.0,10
2023-04-26,-0.00792181466399276,1.0,10
2023-04-27,0.013098749625655584,1.0,10
2023-04-28,0.009426448006351413,1.0,10
2023-05-01,0.006587700106271991,1.0,10
2023-05-02,-0.01156641025765678,1.0,10
2023-05-03,-0.008062715207676853,1.0,10
2023-05-04,-0.007211080577215929,0.8651774666229888,10
2023-05-05,0.01458147712171589,1.0,10
2023-05-08,0.005618420640042675,1.0,10
2023-05-09,-0.0036124707815747598,1.0,10
2023-05-10,0.0025089750294237244,1.0,10
2023-05-11,-0.0005389358281314078,1.0,10
2023-05-12,-0.002387906341531584,1.0,10
2023-05-15,0.007924385103610956,1.0,10
2023-05-16,-0.0053763146749486795,1.0,10
2023-05-17,0.014309225354638402,1.0,10
2023-05-18,0.01667483030704349,0.9393643700721052,10
2023-05-19,-0.0006537116665253366,0.886119789429659,10
2023-05-22,-0.007463820155905254,0.8860940933835977,10
2023-05-23,-0.010667815505537465,0.8622005490337553,10
2023-05-24,-0.0002766804954082368,0.6179275251586761,10
2023-05-25,0.017104455017522693,0.8466864659699388,10
2023-05-26,0.018507504546458952,0.818274334900168,10
2023-05-30,-0.00023169776010339237,0.7686724058618142,10
2023-05-31,-0.0017347573735278763,0.77168110990964,10
2023-06-01,0.006895656824491335,0.8113992816238915,10
2023-06-02,0.007963242769458402,0.8377087349834521,10
2023-06-05,-0.0028023937279601546,0.8653229624713361,10
2023-06-06,-0.004721320098122924,0.8909759108268641,10
2023-06-07,-0.006711346057307121,0.8753585311091256,10
2023-06-08,0.01362337655205875,0.8610605553870903,10
2023-06-09,0.005358905242368067,0.8279620431359658,10
2023-06-12,0.003921545190349579,0.8301575719401437,10
2023-06-13,0.002176712429662344,0.8391370438472723,10
2023-06-14,0.0013577124067488612,0.8442256336787077,10
2023-06-15,0.009120127468355287,0.8654207109358608,10
2023-06-16,-0.00370597225748797,0.8920428990951488,10
2023-06-20,-0.000753518644108459,0.9446113666875591,10
2023-06-21,-0.0021437950333326045,0.9443748151247241,10
2023-06-22,0.0036217728144479844,0.975955297029137,10
2023-06-23,-0.003499098643329835,1.0,10
2023-06-26,-0.008736928936037773,1.0,10
2023-06-27,0.00899457435196132,1.0,10
2023-06-28,0.0036857926900503053,1.0,10
2023-06-29,0.0018734110152504647,1.0,10
2023-06-30,0.014681879486927138,1.0,10
2023-07-03,-0.0034615098379580473,1.0,10
2023-07-05,0.004130903362244138,1.0,10
2023-07-06,-0.007949026052612714,1.0,10
2023-07-07,-0.003659004149393909,1.0,10
2023-07-10,0.008416805741419116,1.0,10
2023-07-11,0.004484783982967797,1.0,10
2023-07-12,0.011605875517572646,1.0,10
2023-07-13,0.005617581211903122,1.0,10
2023-07-14,-0.0028902304312804932,1.0,10
2023-07-17,0.007904528781976514,1.0,10
2023-07-18,0.005728126198473177,1.0,10
2023-07-19,0.002112490621715369,1.0,10
2023-07-20,-0.01319260757973905,1.0,10
2023-07-21,-0.00795574739973701,1.0,10
2023-07-24,0.0009492858800757265,1.0,10
2023-07-25,0.01283862932670902,1.0,10
2023-07-26,0.00318444799935467,1.0,10
2023-07-27,0.0031612061001302033,1.0,10
2023-07-28,0.012980480436764155,1.0,10
2023-07-31,0.0005064339486532042,0.9907977000031578,10
2023-08-01,0.008940669224129384,1.0,10
2023-08-02,-0.01678278662639286,1.0,10
2023-08-03,-0.0028309751395210725,0.903291278342584,10
2023-08-04,-0.0015285678955971125,0.9298431455579582,10
2023-08-07,0.013729037346951209,0.9373524144708274,10
2023-08-08,0.012938542458712714,0.9038654965933237,10
2023-08-09,-0.010084597119621359,0.8708530837859456,10
2023-08-10,-0.0003607822931484608,0.8511207890659283,10
2023-08-11,-0.0023226876474813584,0.8545759703781106,10
2023-08-14,0.011210348664787397,0.8559127718996374,10
2023-08-15,-0.00948071954496551,0.8410741624977465,10
2023-08-16,-0.006809428825310362,0.8159346584332068,10
2023-08-17,-0.01241566940614854,0.8027533866666275,10
2023-08-18,0.0026421461309697847,0.8077143238871747,10
2023-08-21,0.011176893333381918,0.8258753126967504,10
2023-08-22,-0.003350735486918322,0.8016022282678726,10
2023-08-23,0.010491524464745144,0.8308904166880706,10
2023-08-24,-0.016168377638090082,0.8089010268825616,10
2023-08-25,0.005225308395178769,0.7492161671900648,10
2023-08-28,0.0068522648958260855,0.7783906170327556,10
2023-08-29,0.011546579708772283,0.7681638001902483,10
2023-08-30,-0.0008280807522388375,0.7573799081816408,10
2023-08-31,-0.00028551282722749297,0.8255219037947623,10
2023-09-01,-0.001416404989432083,0.8289774097874837,10
2023-09-05,-0.0018819555014594274,0.8291295351165097,10
2023-09-06,-0.004433504017978442,0.8753355394782328,10
2023-09-07,-0.005178668976331486,0.9261546579792048,10
2023-09-08,-0.0010288195826320791,0.9532119252863934,10
2023-09-11,0.008015207920958684,0.9530048364958389,10
2023-09-12,-0.005644479804445138,0.9298867291119981,10
2023-09-13,-0.003879667864867501,0.9699036452379761,10
2023-09-14,0.009063332372447023,1.0,10
2023-09-15,-0.016785554771486792,0.98462605556019,10
2023-09-18,0.0009763736765429933,0.931878663817506,10
2023-09-19,0.0010753412260728595,0.9339269806637261,10
2023-09-20,-0.012245832217055814,0.9852816576523685,10
2023-09-21,-0.01828340185210015,0.9333247867119748,10
2023-09-22,-0.0009300238966671535,0.8864682635984892,10
2023-09-25,0.005325253204717242,0.959827627001879,10
2023-09-26,-0.012040715207122268,0.9592765227837602,10
2023-09-27,0.0026586233145322906,0.9498397545205209,10
2023-09-28,0.006731634749722819,1.0,10
2023-09-29,-0.00603896113206817,0.9866873779282933,10
2023-10-02,0.005130594419144479,0.9841067207147312,10
2023-10-03,-0.01713616686828027,0.9592716894631519,10
2023-10-04,0.009027860154491476,0.8860301853414299,10
2023-10-05,-0.0009558068731073239,0.8443765702646775,10
2023-10-06,0.0205717141892691,0.8458165543284865,10
2023-10-09,0.0017789337672080173,0.7335176576649085,10
2023-10-10,0.005515935234288305,0.7482815834070787,10
2023-10-11,0.008194780325426535,0.7430112286283361,10
2023-10-12,0.0005620389640602528,0.7302215622187695,10
2023-10-13,-0.012277477370577577,0.7474060659826613,10
2023-10-16,0.008123486140807039,0.7725447540168465,10
2023-10-17,-0.0026636903310699412,0.7578327138726242,10
2023-10-18,-0.016030287699405617,0.7571739377753752,10
2023-10-19,0.0006196226667397041,0.5530528743349167,10
2023-10-20,-0.00702439344445679,0.6049151836727965,10
2023-10-23,0.002096588024663474,0.5959869862462562,10
2023-10-24,0.014209704532726474,0.8003628774576432,10
2023-10-25,-0.013814217337846086,0.5948970140760694,10
2023-10-26,-0.01689233899911139,0.561956033710535,10
2023-10-27,-0.0010053628379375575,0.5315254925732086,10
2023-10-30,0.014349541610831195,0.7133635248057634,10
2023-10-31,-0.004012080141432104,0.6841091341648253,10
2023-11-01,0.012973409063226839,0.7300087128963668,10
2023-11-02,0.010383820551286243,0.715757692557542,10
2023-11-03,0.00787848953271811,0.7019422317427608,10
2023-11-06,0.00886908185199375,0.7626031363003145,10
2023-11-07,0.00876004204437785,0.749899222473519,10
2023-11-08,0.005855596015073736,0.7423852654227704,10
2023-11-09,-0.0057847154337441154,0.7476583673762024,10
2023-11-10,0.019720432716172406,0.7392496161183827,10
2023-11-13,-0.0020492151031690498,0.7144693713209198,10
2023-11-14,0.012058502826702424,0.7177754900765975,10
2023-11-15,-0.0014049568420055165,0.7055235174625915,10
2023-11-16,0.011361405634930223,0.7680156839426182,10
2023-11-17,0.00023774525676253897,0.7573396334040675,10
2023-11-20,0.01142251721152437,0.7798057971203065,10
2023-11-21,-0.005644806512154202,0.7704582158781972,10
2023-11-22,0.0029630654698151195,0.7714885083208349,10
2023-11-24,-0.00121550966503651,0.8493296942536257,10
2023-11-27,-0.004071683369470004,1.0,10
2023-11-28,0.002320889343876305,0.9866520066847321,10
2023-11-29,-0.0053074003706446195,1.0,10
2023-11-30,-0.006359405317383404,1.0,10
2023-12-01,-0.002639397037164838,1.0,10
2023-12-04,-0.013667873047658806,1.0,10
2023-12-05,0.0014906442419940487,0.9184889558750292,10
2023-12-06,-0.009374065455546551,0.9380152991762453,10
2023-12-07,0.018310830089748355,0.9211669043083239,10
2023-12-08,0.009484376509204882,0.8341436753080834,10
2023-12-11,0.006363923737182817,0.8313034086379867,10
2023-12-12,0.016063795993294046,0.9267865973683042,10
2023-12-13,0.0051363105120358354,0.863087600010345,10
2023-12-14,-0.012798621740280174,0.8917140152072595,10
2023-12-15,0.008098570241667246,0.8339364814975416,10
2023-12-18,0.013970417774848918,0.8493564706414092,10
2023-12-19,0.004860440729964901,0.8082191742050495,10
2023-12-20,-0.013750923555068904,0.8300643577845676,10
2023-12-21,0.011136552635439311,0.787122566929975,10
2023-12-22,-0.0019414344611119703,0.7664811102324636,10
2023-12-26,0.004317088444787632,0.7655905923612923,10
2023-12-27,0.003119768548468958,0.770679748137021,10
2023-12-28,0.0012012890055558322,0.7703718774958607,10
2023-12-29,-0.0029687453196493786,0.7816935177317896,10
2024-01-02,-0.02028545119377081,0.7921939556543247,10
2024-01-03,-0.011615679815331249,0.7023581219553724,10
2024-01-04,-0.0019226041205955367,0.7117999003599929,10
2024-01-05,0.00482999246986826,0.7099122177396755,10
2024-01-08,0.022573163747201405,0.7293967810348947,10
2024-01-09,0.0032735471848040114,0.7030823400143449,10
2024-01-10,0.006681411970957353,0.711668146340877,10
2024-01-11,0.004064899020658296,0.7111909851755172,10
2024-01-12,-0.001990082858070168,0.7469776437797023,10
2024-01-16,0.0030615646890109023,0.7479432480657989,10
2024-01-17,-0.004136250469865147,0.7897599368413762,10
2024-01-18,0.01003392567695501,0.7922772943574731,10
2024-01-19,0.023070373706578228,0.8126488226004618,10
2024-01-22,-0.002797114597755773,0.719261289895683,10
2024-01-23,0.0002285500905218913,0.7621827476702778,10
2024-01-24,0.01003113409000985,0.7781038656902526,10
2024-01-25,-0.002424681557653571,0.7688899491350325,10
2024-01-26,-0.009598660409505197,0.7649023770690033,10
2024-01-29,0.01218072625773019,0.7393820248644091,10
2024-01-30,-0.0027358486696328964,0.7203165967807659,10
2024-01-31,-0.01348415644941412,0.7207155885901204,10
2024-02-01,0.0129695931250155,0.7704007332131457,10
2024-02-02,0.030481300103547986,0.7965656989126854,10
2024-02-05,0.003894734969786387,0.6805063643425995,10
2024-02-06,-0.007225254363078914,0.6802540637949123,10
2024-02-07,0.013590832728362244,0.7092189791534943,10
2024-02-08,0.0018574787853859983,0.6947729797710988,10
2024-02-09,0.007223403418294599,0.6949148712884956,10
2024-02-12,-0.003459362673163966,0.6934439194870973,10
2024-02-13,-0.0062178106531094665,0.6903512604012735,10
2024-02-14,0.01469416941712099,0.6754278402811738,10
2024-02-15,-5.029948206526777e-05,0.6694476228408659,10
2024-02-16,-0.007094595726632231,0.6712052163148884,10
2024-02-20,-0.00928230364752873,0.7138545490530106,10
2024-02-21,-0.005471644888773417,0.6961109737127686,10
2024-02-22,0.02879743267041794,0.6878347203194272,10
2024-02-23,0.0008375067041715076,0.6086214309081347,10
2024-02-26,0.0027930322544894534,0.6112170108275791,10
2024-02-27,-0.0018657310626060259,0.6297716215503775,10
2024-02-28,-0.002059790306638671,0.6356492249059515,10
2024-02-29,0.011386446534339411,0.6365189845872122,10
2024-03-01,0.020944237858057456,0.6663595455525207,10
2024-03-04,0.0037212807800093683,0.6408117149800091,10
2024-03-05,-0.021449941801561866,0.7473577442910642,10
2024-03-06,0.0064886879489657245,0.6555398747023431,10
2024-03-07,0.012914668098144459,0.6657160262711697,10
2024-03-08,-0.014169396955282774,0.6676538178702258,10
2024-03-11,-0.007981572868209877,0.6332130530518162,10
2024-03-12,0.013421275550675113,0.626450025148452,10
2024-03-13,-0.006743554253832942,0.6138981604497052,10
2024-03-14,-0.0027724297560713196,0.612949723669232,10
2024-03-15,-0.016669257533623378,0.6299557511746816,10
2024-03-18,0.008256504066645761,0.5979007711941329,10
2024-03-19,0.0009065712946398214,0.5981730709526915,10
2024-03-20,0.005956551250199446,0.609530476080722,10
2024-03-21,0.0030240343136492564,0.6133986828121872,10
2024-03-22,0.0016012088755675098,0.7119006985967772,10
2024-03-25,-0.0003914889576931825,0.711811050814536,10
2024-03-26,-0.0033282645407418407,0.7122295265897706,10
2024-03-27,-0.001657222363617651,0.7106354688938231,10
2024-03-28,-0.0001566072379046406,0.7109712116541314,10
2024-04-01,4.621588481796274e-05,0.7318407283627485,10
2024-04-02,-0.005541540710940736,0.8314177934651836,10
2024-04-03,0.014592924623176956,0.8327476916188072,10
2024-04-04,-0.014540833454951154,0.8950243545258992,10
2024-04-05,0.024542667555451956,0.84544615910327,10
2024-04-08,-0.003205011866874327,0.7436750435841493,10
2024-04-09,-0.004643494405817089,0.7835561820273331,10
2024-04-10,0.0018435056703151333,0.7939102463031779,10
2024-04-11,0.011319872173862836,0.8359057053308476,10
2024-04-12,-0.01332944992413287,0.8191224781798192,10
2024-04-15,-0.01722782314431279,0.7760367078282842,10
2024-04-16,0.006560929316796379,0.7718946577681501,10
2024-04-17,-0.009366688215345228,0.7770070041978677,10
2024-04-18,-0.005682872540721381,0.75862937605845,10
2024-04-19,-0.027250975668126554,0.761561627079086,10
2024-04-22,0.007956281918956603,0.6573500307855096,10
2024-04-23,0.019335972725997828,0.6461529763767215,10
2024-04-24,-0.007760684266284729,0.5983488764005118,10
2024-04-25,-0.0012452324532780342,0.5944971907042262,10
2024-04-26,0.009553372827259054,0.5945173861217656,10
2024-04-29,0.0014162077881610293,0.5841875682164327,10
2024-04-30,-0.005023532003309199,0.5838359126590686,10
2024-05-01,-0.006302874906100534,0.5842790576106788,10
2024-05-02,0.006464371119388792,0.6056473335741575,10
2024-05-03,0.007034067490662829,0.6185597022624836,10
2024-05-06,0.017712398091562408,0.694909395534787,10
2024-05-07,0.0019802204437578508,0.6472369749546667,10
2024-05-08,0.0015762019325529996,0.64900653744076,10
2024-05-09,-0.0005448305320762757,0.6491288745344747,10
2024-05-10,-0.0011698384851478924,0.6671863496615364,10
2024-05-13,-0.002059354298967158,0.6911950955997292,10
2024-05-14,0.004819257737820127,0.7420939289303021,10
2024-05-15,0.011994995520045012,0.7454432067373565,10
2024-05-16,-0.007796178028233212,0.7437534355661011,10
2024-05-17,0.0015350004688066774,0.7371735058956337,10
2024-05-20,0.00923965940791503,0.9811311798833351,10
2024-05-21,0.004577789329554585,0.9749471233570854,10
2024-05-22,-0.0023675737679687957,1.0,10
2024-05-23,-8.739954879682498e-06,1.0,10
2024-05-24,0.009260502943549053,1.0,10
2024-05-28,0.007017824448391569,1.0,10
2024-05-29,-0.01090818712896339,1.0,10
2024-05-30,-0.007436356333779671,1.0,10
2024-05-31,-0.0037481318623555793,1.0,10
2024-06-03,0.0028846211998554477,1.0,10
2024-06-04,0.002164358580095784,1.0,10
2024-06-05,0.0161400267377438,1.0,10
2024-06-06,8.252790767388938e-05,1.0,10
2024-06-07,0.0010113997496082282,1.0,10
2024-06-10,0.009930476299419575,1.0,10
2024-06-11,-0.005062282136475775,1.0,10
2024-06-12,0.007133265344783771,1.0,10
2024-06-13,0.006305678252140971,1.0,10
2024-06-14,0.003350444902086561,1.0,10
2024-06-17,0.016128014953531014,1.0,10
2024-06-18,0.004342462245330954,1.0,10
2024-06-20,-0.006516845108843091,1.0,10
2024-06-21,-0.008378761187104561,1.0,10
2024-06-24,-0.012673335770542613,0.9844947170228523,10
2024-06-25,0.006683531466796018,0.9041502931922476,10
2024-06-26,0.00392765923158435,0.9157466873427634,10
2024-06-27,0.0005191715965643931,0.9249036480417162,10
2024-06-28,-0.0006350816572217381,0.9868023867542474,10
2024-07-01,0.003799460313505516,1.0,10
2024-07-02,0.008813544696365286,1.0,10
2024-07-03,0.008173511767555172,1.0,10
2024-07-05,0.013604377542867495,1.0,10
2024-07-08,0.0047071621622363545,1.0,10
2024-07-09,0.005610358547800866,1.0,10
2024-07-10,0.008343139248383296,1.0,10
2024-07-11,-0.026821069656863823,1.0,10
2024-07-12,-0.0016762098895457024,0.7779882261855523,10
2024-07-15,0.006410817247640649,0.7803985730778028,10
2024-07-16,0.0010442678189904518,0.7801926789746503,10
2024-07-17,-0.029372817066212573,0.7805655707670731,10
2024-07-18,-0.005820864647242934,0.6667577968197635,10
2024-07-19,-0.004744529356245708,0.6668122297331954,10
2024-07-22,0.01324267719292215,0.6690801547176097,10
2024-07-23,0.005359913892455077,0.6528917994730012,10
2024-07-24,-0.025392641976748245,0.6735440558584354,10
2024-07-25,-0.00910045061902372,0.6006050413181334,10
2024-07-26,0.005683522255862999,0.5961946461611546,10
2024-07-29,-0.002652856068852008,0.5920361719512882,10
2024-07-30,-0.008863907772673551,0.5917837359721341,10
2024-07-31,0.02034547832184431,0.588960873399465,10
2024-08-01,-0.006632101601646201,0.557104919556493,10
2024-08-02,-0.015337691635442782,0.4218414364403835,10
2024-08-05,-0.004696887048874221,0.17119880416400513,10
2024-08-06,0.00580868100622714,0.2882102791614137,10
2024-08-07,-0.003311998808313065,0.2880449774402851,10
2024-08-08,0.01781240006548998,0.4425184083706597,10
2024-08-09,0.007062744447565758,0.45094659814836136,10
2024-08-12,0.0003991831342392491,0.44506747902759947,10
2024-08-13,0.012452278824534192,0.5995489451205711,10
2024-08-14,0.00474662524300092,0.5813428832603222,10
2024-08-15,0.014661862446242966,0.6713583632974967,10
2024-08-16,-0.0005461119468916379,0.6517549460084469,10
2024-08-19,0.006464975564954445,0.6561809023893401,10
2024-08-20,0.0016289871227601967,0.6716525445424903,10
2024-08-21,0.0005853685129318375,0.6741386914962598,10
2024-08-22,-0.00796203107420662,0.8093448451038507,10
2024-08-23,0.006296715202325292,0.8154645205791685,10
2024-08-26,-0.0023281123938408864,0.814366528579788,10
2024-08-27,0.0048583532326498206,0.8151611330142864,10
2024-08-28,-0.00802987724223422,0.8499600607655476,10
2024-08-29,-2.3772868163392042e-05,0.9174281970443819,10
2024-08-30,0.013795090378484757,0.9428379862648502,10
2024-09-03,-0.02593746576218956,0.7753546047382339,10
2024-09-04,0.0011386624310811243,0.5837820820688104,10
2024-09-05,-0.005186265384427136,0.7807577404548794,10
2024-09-06,-0.015255646265728817,0.5816697414117651,10
2024-09-09,0.01601424403531083,0.7757102711959829,10
2024-09-10,-0.00896179534723351,0.7369721783924705,10
2024-09-11,0.01445421104084473,0.7205064538675282,10
2024-09-12,0.008289454370808363,0.7117161457422058,10
2024-09-13,0.005442256836863709,0.7048652725420235,10
2024-09-16,0.0034745083340476223,0.7352228269087535,10
2024-09-17,-0.00047532232542694735,0.733570017156882,10
2024-09-18,-0.002315913195003497,0.7405586467749086,10
2024-09-19,0.01761444894167689,0.740063722437451,10
2024-09-20,0.0003695342895458716,0.6898559753443168,10
2024-09-23,0.0010080674825254654,0.7021424973405525,10
2024-09-24,0.0006740013726381043,0.7066074911209956,10
2024-09-25,0.0006172814741044073,0.7083693935908505,10
2024-09-26,-0.00029385135065874355,0.7108770576459075,10
2024-09-27,-0.004798425365966489,0.7245476789443905,10
2024-09-30,0.002121249730590496,0.718740558948365,10
2024-10-01,-0.00786407868559614,0.7496342199580146,10
2024-10-02,0.004092572651242994,0.917282433449014,10
2024-10-03,-0.0020916346229366708,0.6860196667197768,10
2024-10-04,0.018392820788756765,0.9261772326313021,10
2024-10-07,-0.004774662677376769,0.7114451439153473,10
2024-10-08,0.008986822437774614,0.7492030229849472,10
2024-10-09,0.008729974076792218,0.7847679233404596,10
2024-10-10,-0.003955281235991811,0.8268322255151528,10
2024-10-11,0.009919996732105998,0.8224835463271815,10
2024-10-14,0.0013353838219394877,1.0,10
2024-10-15,-0.005431856280255796,0.8015744058334067,10
2024-10-16,0.003428504023439002,1.0,10
2024-10-17,0.0009394084338250994,1.0,10
2024-10-18,0.01220230878223009,1.0,10
2024-10-21,-0.0035993506696157147,1.0,10
2024-10-22,-0.005997514077293401,1.0,10
2024-10-23,-0.006611827719860022,1.0,10
2024-10-24,0.00022189336495722592,1.0,10
2024-10-25,-0.0030795079758237265,0.782949294396577,10
2024-10-28,0.0034595546745415703,1.0,10
2024-10-29,0.004232350994709994,1.0,10
2024-10-30,-0.0051719848732302495,0.8253549177763798,10
2024-10-31,-0.013002058092144924,0.8061871598338788,10
2024-11-01,0.0021228037325447357,0.7343941937150604,10
2024-11-04,-0.004151796177209412,0.8639365787897555,10
2024-11-05,0.015250109240412668,0.8670286869823298,10
2024-11-06,0.04104559344986392,1.0,10
2024-11-07,0.0025428920377327207,0.6615680073949295,10
2024-11-08,0.005535870404377321,0.6668761227418978,10
2024-11-11,0.001011626473968162,0.6733828984256596,10
2024-11-12,-0.003375113124799862,0.6732844070676949,10
2024-11-13,-0.002144998511490108,0.6771932693859005,10
2024-11-14,-0.005648360270843607,0.674705544764924,10
2024-11-15,-0.012021425258956457,0.6669014784032934,10
2024-11-18,0.0005655649176526163,0.6600846771069634,10
2024-11-19,0.004425201698384903,0.6624717925377267,10
2024-11-20,0.002939859655834346,0.6675133211367034,10
2024-11-21,0.009130909263612007,0.6764150239213882,10
2024-11-22,0.004644148084297651,0.6696219496564932,10
2024-11-25,-0.00021565957379064002,0.67305315857142,10
2024-11-26,0.007928276438158903,0.672171728653001,10
2024-11-27,-0.005472978989605501,0.6684784005877035,10
2024-11-29,0.005843182575095907,0.6678263224170933,10
2024-12-02,0.003109708631605004,0.704843853856412,10
2024-12-03,0.005501948240650658,0.7051324762930352,10
2024-12-04,0.005579669703802477,0.7150432805735617,10
2024-12-05,-0.005137648631657061,0.7376511207013045,10
2024-12-06,0.011754700697841848,1.0,10
2024-12-09,-0.013855109751938387,1.0,10
2024-12-10,-0.003138881139562122,1.0,10
2024-12-11,0.011687090050802974,1.0,10
2024-12-12,-0.010320462026829307,1.0,10
2024-12-13,0.01281000078490791,0.9923577242709465,10
2024-12-16,0.008409046300935436,0.956898210589315,10
2024-12-17,-0.008151558389061163,1.0,10
2024-12-18,-0.0155540651953877,0.49025495392167306,10
2024-12-19,0.001767307014410519,0.6543006051033455,10
2024-12-20,0.005597021038834624,0.8731247258661201,10
2024-12-23,0.005334613683096724,0.886730875460367,10
2024-12-24,0.014446626866486253,0.885036243241086,10
2024-12-26,-0.00016951089763353388,0.8370476261978512,10
2024-12-27,-0.010364923035910243,0.8467264704775498,10
2024-12-30,-0.009472802914592028,0.8223838165377193,10
