,meta_return,exposure,base_return
2020-01-02,0.010857065935384705,0.6,0.01809510989230784
2020-01-03,-0.004577165543835983,0.6,-0.007628609239726639
2020-01-06,0.00130873647002586,0.6,0.0021812274500431
2020-01-07,-0.001835790364588476,0.6,-0.0030596506076474603
2020-01-08,0.004206186530976576,0.6,0.00701031088496096
2020-01-09,0.007608839200737672,0.6,0.01268139866789612
2020-01-10,-0.001126893314082816,0.6,-0.00187815552347136
2020-01-13,0.008736857823222756,0.6,0.01456142970537126
2020-01-14,-0.004082838642492899,0.6,-0.006804731070821499
2020-01-15,0.001020935012634204,0.6,0.00170155835439034
2020-01-16,0.0068932744402480555,0.6,0.01148879073374676
2020-01-17,0.005671805117135244,0.6,0.009453008528558739
2020-01-21,-0.00019944059062898395,0.6,-0.00033240098438163995
2020-01-22,-0.000613781505618996,0.6,-0.00102296917603166
2020-01-23,0.0021787990864690202,0.6,0.0036313318107817003
2020-01-24,-0.005946183507746891,0.6,-0.009910305846244818
2020-01-27,-0.010542674991854867,0.6,-0.01757112498642478
2020-01-28,0.01075862643281791,0.6,0.01793104405469652
2020-01-29,0.0025645519793782794,0.6,0.0042742532989637995
2020-01-30,0.002271367159314624,0.6,0.00378561193219104
2020-01-31,-0.015836392683793426,0.6,-0.026393987806322378
2020-02-03,0.008059815080406778,0.6976773860201766,0.0115523524796799
2020-02-04,0.01418440674888404,0.6930593184448299,0.02046636755525158
2020-02-05,0.0023521635393050945,0.6465928684791242,0.0036377814448181403
2020-02-06,0.00405660155196879,0.650728742345678,0.00623393633627736
2020-02-07,-0.0036170631863697692,0.651464645746552,-0.0055522018116958005
2020-02-10,0.00895850200214586,0.6568528499186679,0.01363852193570464
2020-02-11,-0.0008252373342440498,0.6430069759563924,-0.0012834033923451802
2020-02-12,0.005512238903617843,0.660355435741547,0.00834738173606138
2020-02-13,0.0006537264028473037,0.666689133724743,0.0009805565589392203
2020-02-14,0.007174672902286683,0.6664246760452557,0.010765917229930819
2020-02-18,0.0014803180087211492,0.668101605376126,0.002215707905518
2020-02-19,0.008888255151254795,0.6749313009566531,0.01316912571495278
2020-02-20,-0.006178612172567769,0.6608155557928572,-0.009349979912556039
2020-02-21,-0.010649241026110286,0.6439488771712406,-0.01653740134293054
2020-02-24,-0.02541283878210999,0.6056147242787251,-0.04196205568214374
2020-02-25,-0.01653730615284525,0.4817444799955524,-0.03432796189589536
2020-02-26,0.00027438276457800463,0.4012992487198405,0.0006837360534645799
2020-02-27,-0.02114373885077517,0.4198032404211848,-0.05036583050088382
2020-02-28,0.000333856243155372,0.3,0.0011128541438512399
2020-03-02,0.01786267394579819,0.3,0.05954224648599396
2020-03-03,-0.008699056361227416,0.3,-0.028996854537424722
2020-03-04,0.013941292395461082,0.3,0.04647097465153694
2020-03-05,-0.009815417988325973,0.3,-0.03271805996108658
2020-03-06,-0.0056250296109963595,0.3,-0.0187500987033212
2020-03-09,-0.023030653597331106,0.3,-0.07676884532443702
2020-03-10,0.018254636456667084,0.3,0.06084878818889028
2020-03-11,-0.01120052684096245,0.3,-0.037335089469874835
2020-03-12,-0.030178092151043164,0.3,-0.10059364050347722
2020-03-13,0.03038936616326641,0.3,0.10129788721088803
2020-03-16,-0.0394981306146466,0.3,-0.13166043538215533
2020-03-17,0.016196009880717076,0.3,0.05398669960239026
2020-03-18,-0.01698639984609729,0.3,-0.0566213328203243
2020-03-19,0.008578884468135659,0.3,0.0285962815604522
2020-03-20,-0.0127212901330153,0.3,-0.042404300443384335
2020-03-23,-0.00060090951883788,0.3,-0.0020030317294596
2020-03-24,0.0288368113598203,0.3,0.09612270453273433
2020-03-25,0.001755361503364656,0.3,0.00585120501121552
2020-03-26,0.014375004043797959,0.3,0.0479166801459932
2020-03-27,-0.010563350506556922,0.3,-0.03521116835518974
2020-03-30,0.009970239936462582,0.3,0.03323413312154194
2020-03-31,-0.004424212779261251,0.3,-0.014747375930870839
2020-04-01,-0.012024285950956769,0.3,-0.040080953169855896
2020-04-02,0.005975805365182434,0.3,0.01991935121727478
2020-04-03,-0.005194928175477726,0.3,-0.01731642725159242
2020-04-06,0.025173704506102044,0.3,0.08391234835367348
2020-04-07,-0.00161991966009258,0.3,-0.0053997322003086
2020-04-08,0.0060188613710186935,0.3,0.02006287123672898
2020-04-09,-0.000853107886252416,0.3,-0.0028436929541747202
2020-04-13,0.006509514528115261,0.3,0.021698381760384203
2020-04-14,0.016331518840105873,0.3,0.05443839613368624
2020-04-15,-0.003699208867217868,0.3,-0.012330696224059561
2020-04-16,0.006177986212051235,0.3,0.02059328737350412
2020-04-17,0.001176314925985548,0.3,0.00392104975328516
2020-04-20,-0.004430644290730585,0.3,-0.014768814302435282
2020-04-21,-0.012730381671135155,0.3,-0.04243460557045052
2020-04-22,0.011779945781648501,0.3,0.03926648593882834
2020-04-23,-0.0026894234030082837,0.3,-0.008964744676694279
2020-04-24,0.005695847484400428,0.3,0.01898615828133476
2020-04-27,0.0041019111621643746,0.3,0.013673037207214581
2020-04-28,-0.00558307476977151,0.3,-0.0186102492325717
2020-04-29,0.0077719952129598965,0.3,0.025906650709866322
2020-04-30,-0.002181618710101062,0.3,-0.00727206236700354
2020-05-01,-0.008299493021078004,0.3,-0.02766497673692668
2020-05-04,0.006629393341690446,0.3,0.02209797780563482
2020-05-05,0.0036102013653509573,0.3,0.012034004551169859
2020-05-06,0.001135371607512846,0.3,0.00378457202504282
2020-05-07,-0.000441121577548902,0.3,-0.00147040525849634
2020-05-08,0.0039957885451324315,0.3,0.013319295150441439
2020-05-11,0.004907188132469898,0.3,0.01635729377489966
2020-05-12,-0.004440061993528466,0.30038501819458935,-0.01478123649513104
2020-05-13,-0.0034014179977774855,0.3,-0.01133805999259162
2020-05-14,0.0036073796209928877,0.3,0.01202459873664296
2020-05-15,0.0031149701431750316,0.3,0.01038323381058344
2020-05-18,0.0032720807979266337,0.3,0.01090693599308878
2020-05-19,-0.0009265513358121441,0.3281378147223522,-0.00282366522308966
2020-05-20,0.0029598791369407113,0.3703474625820114,0.00799216799355082
2020-05-21,-0.00434843742608023,0.4649806600107477,-0.009351867292673462
2020-05-22,0.0012814213248230977,0.43793341463470276,0.0029260642874030995
2020-05-26,-0.004767890766155445,0.47604493658280167,-0.0100156317182593
2020-05-27,-0.001119892034650382,0.47728128185646024,-0.0023463983969670603
2020-05-28,0.0018614389018511935,0.5121596951360566,0.0036344892414009603
2020-05-29,0.0085550033436243,0.5407227819011466,0.015821422048365442
2020-06-01,0.003645305709180669,0.5528219275301669,0.0065939962357621
2020-06-02,0.0007864420588314668,0.6532223732765079,0.00120394231888712
2020-06-03,-0.0016987169769372096,0.7509168220540056,-0.00226219060093854
2020-06-04,-0.003255857401278353,0.79591585218962,-0.0040907055592890405
2020-06-05,0.01096400902537915,0.7825628951265122,0.014010387016377341
2020-06-08,0.0044116979848747,0.7075169370885879,0.00623546625332916
2020-06-09,0.010414303105015059,0.7788042595098319,0.013372170192764059
2020-06-10,0.019752098898660572,0.7483551568093963,0.02639401722421934
2020-06-11,-0.03482140822988819,0.7069598912872369,-0.04925513973145656
2020-06-12,0.001071287328998976,0.3,0.00357095776332992
2020-06-15,0.0032509591673209838,0.3171688704253994,0.01024993141023162
2020-06-16,0.008718420179824512,0.34560228994402153,0.02522674309026328
2020-06-17,0.0005175719344655789,0.3405706051612517,0.0015197199248024398
2020-06-18,0.0011583711845471875,0.3449102309812649,0.00335847151083816
2020-06-19,0.00022870076955440417,0.3543521600718283,0.00064540532081996
2020-06-22,0.004527271579826144,0.32454150543897325,0.0139497460385
2020-06-23,0.0012874889973422537,0.37485326967261084,0.0034346479049435002
2020-06-24,-0.007540407022012654,0.38991283579630365,-0.01933869913929142
2020-06-25,0.004060895883815325,0.33067354438488744,0.01228067969988142
2020-06-26,-0.00777349227480233,0.3535063263308332,-0.02198968362316496
2020-06-29,0.0032599260015786545,0.30061770083218686,0.0108440919897742
2020-06-30,0.009017439835064036,0.3426841390927833,0.026314144153087058
2020-07-01,0.002746730287282862,0.34625485646125576,0.00793268379064658
2020-07-02,0.004078283458924855,0.37247775845025766,0.0109490657264828
2020-07-06,0.01128481844424452,0.386886730261988,0.02916827474698546
2020-07-07,-0.0015225028180786678,0.3684373028965481,-0.00413232538103278
2020-07-08,0.004591211004329573,0.3457172513049948,0.013280248489188542
2020-07-09,0.004376575042073188,0.3640109210225864,0.01202319707820422
2020-07-10,0.002523308733592854,0.3594702351777361,0.0070195206352627
2020-07-13,-0.012312493929600394,0.5428279238752621,-0.02268213072330766
2020-07-14,0.004281650874205258,0.39637608689354975,0.01080199087629404
2020-07-15,0.0013754658818888046,0.4424977653748791,0.0031084131706823996
2020-07-16,-0.00499881877284687,0.49757754150943784,-0.01004631108888594
2020-07-17,0.0017110395446180834,0.479726428602634,0.0035666985235774202
2020-07-20,0.017428070063518784,0.5209725897792391,0.0334529501271917
2020-07-21,-0.0073218950179845445,0.44249011560102103,-0.01654702502911152
2020-07-22,0.005207046366149519,0.420944131385072,0.012369922699756581
2020-07-23,-0.012567377841336621,0.4233710190565076,-0.029684076792368362
2020-07-24,-0.001796872829294291,0.4222331261219481,-0.00425564153575038
2020-07-27,0.006679975761403326,0.42576750187887824,0.01568925700511458
2020-07-28,-0.005453773706579366,0.4184445213397463,-0.01303344512461976
2020-07-29,0.008139430154997247,0.4432488160400164,0.01836311764510708
2020-07-30,-1.6364346614238625e-05,0.4246175519852362,-3.853902538349994e-05
2020-07-31,0.0013062287080832485,0.41869556395415697,0.00311975769637308
2020-08-03,0.008343888022570637,0.4239416998466667,0.019681687424446558
2020-08-04,0.004299772065160394,0.444152745677331,0.00968084089765844
2020-08-05,0.00035556685855295115,0.4494390710573886,0.00079113473093564
2020-08-06,0.004149070173584461,0.462041018225595,0.00897987410191068
2020-08-07,-0.006991192967892283,0.46789441804090237,-0.01494181742360758
2020-08-10,-0.005051638402202917,0.4589956255665356,-0.01100585304264656
2020-08-11,-0.011377357512736936,0.4825036117538309,-0.023579839063549983
2020-08-12,0.017819322581937386,0.4375999684281434,0.040720575565725683
2020-08-13,0.0018510599036762687,0.3946704927526329,0.004690140098303359
2020-08-14,0.0003004797487002612,0.40078798513335323,0.0007497224463959
2020-08-17,0.008367617042682237,0.401335106037173,0.0208494520335014
2020-08-18,0.004353760149780891,0.429329596650795,0.0101408339507563
2020-08-19,-0.002326639386783687,0.44076166987954885,-0.00527867903626808
2020-08-20,0.00680679622308022,0.43215803777377804,0.01575071068478744
2020-08-21,0.004529435499628551,0.4769914704419462,0.00949584170851504
2020-08-24,-0.0009903879247996161,0.4828348377743997,-0.00205119400531402
2020-08-25,0.003510508519917732,0.48812977249375167,0.007191752516924521
2020-08-26,0.014224694397066846,0.5122790015325415,0.027767475056584476
2020-08-27,-0.0035304767261656726,0.4791392736830312,-0.00736837266339644
2020-08-28,0.002780532123992078,0.4590366476508934,0.00605732056083402
2020-08-31,0.01109436425283946,0.4746700464224371,0.02337279197719994
2020-09-01,0.0055207860998901835,0.4744949647922113,0.011635078366548781
2020-09-02,0.0009473232551353588,0.47834660883600993,0.00198041177179146
2020-09-03,-0.028346878182309392,0.47151108245146184,-0.0601192193297545
2020-09-04,-0.003709181758708134,0.3,-0.01236393919569378
2020-09-08,-0.01653170349370283,0.3,-0.05510567831234277
2020-09-09,0.011657264709085163,0.3,0.03885754903028388
2020-09-10,-0.006564018763854629,0.3,-0.0218800625461821
2020-09-11,-0.002167845559499208,0.3,-0.00722615186499736
2020-09-14,0.007349119308615414,0.3,0.02449706436205138
2020-09-15,0.005720693385903732,0.3,0.01906897795301244
2020-09-16,-0.00709260670757595,0.3,-0.0236420223585865
2020-09-17,-0.003857420811246288,0.3,-0.01285806937082096
2020-09-18,-0.0024792317581085574,0.3,-0.008264105860361859
2020-09-21,0.004478571788010396,0.3,0.01492857262670132
2020-09-22,0.002883793373362518,0.3,0.00961264457787506
2020-09-23,-0.011856342132356935,0.3,-0.03952114044118978
2020-09-24,0.0015747825020535,0.3,0.005249275006845
2020-09-25,0.007655830864577123,0.3,0.02551943621525708
2020-09-28,0.005299046824982159,0.3,0.017663489416607198
2020-09-29,0.00048509851831158603,0.3,0.00161699506103862
2020-09-30,0.003475181123825004,0.3,0.01158393707941668
2020-10-01,0.005595588070070142,0.3,0.01865196023356714
2020-10-02,-0.010025147172840023,0.3,-0.03341715724280008
2020-10-05,0.008724469959343548,0.3,0.029081566531145162
2020-10-06,-0.0051252814631773625,0.3,-0.017084271543924542
2020-10-07,0.007701681310103262,0.3,0.02567227103367754
2020-10-08,-0.00025895658291437743,0.32138939875651695,-0.00080574089847488
2020-10-09,0.00465712062175452,0.3540636465600028,0.01315334309806156
2020-10-12,0.007709825907270665,0.3342746828847229,0.02306434289529924
2020-10-13,0.0011580205482944338,0.3718912712218327,0.0031138685898429597
2020-10-14,-0.0030761135549751636,0.36512121831961664,-0.008424910415045839
2020-10-15,-0.0036160986708972808,0.37605374355093024,-0.00961590924943828
2020-10-16,-0.0022939421592874263,0.37119775723878345,-0.0061798384137643995
2020-10-19,-0.006175835618880805,0.3666353947768187,-0.016844624678531678
2020-10-20,0.0009993893132520051,0.3363659712570098,0.00297113679340766
2020-10-21,-0.0028862043821465742,0.33536094950740253,-0.00860626255497546
2020-10-22,-0.000763834092143354,0.39453869367893396,-0.0019360182014617395
2020-10-23,0.0027907594934303195,0.4015627783907928,0.00694974644964332
2020-10-26,-0.00456627685830014,0.4299318937390596,-0.01062093072134716
2020-10-27,0.004017472965467073,0.35652878710401337,0.01126829897271386
2020-10-28,-0.013335602694872111,0.3390176847866544,-0.0393360089850896
2020-10-29,0.005134877109409919,0.3,0.0171162570313664
2020-10-30,-0.010942508735410939,0.3,-0.03647502911803646
2020-11-02,0.001589478548015544,0.3,0.00529826182671848
2020-11-03,0.006199150304640457,0.3,0.02066383434880152
2020-11-04,0.012516228930892187,0.3,0.04172076310297396
2020-11-05,0.01119506717268092,0.33528317334312346,0.03338988670697192
2020-11-06,0.0026632779745414253,0.33727447732822546,0.00789647054126068
2020-11-09,-0.014302291460754724,0.33505180587573996,-0.0426868060698022
2020-11-10,-0.010138155653621146,0.3351309598284439,-0.03025132520973576
2020-11-11,0.01042447102738875,0.3,0.0347482367579625
2020-11-12,-0.001960283596463202,0.3,-0.00653427865487734
2020-11-13,0.00015918773403865094,0.3075457120996659,0.00051760674194366
2020-11-16,0.0007430998133779068,0.3,0.002476999377926356
2020-11-17,0.002289680097381992,0.30002333732373393,0.007631673315170681
2020-11-18,-0.00076427580869265,0.3,-0.0025475860289755
2020-11-19,0.003353930902300128,0.3,0.01117976967433376
2020-11-20,-0.0028267775862628438,0.3,-0.00942259195420948
2020-11-23,-0.001240293318751374,0.3,-0.00413431106250458
2020-11-24,0.002104461329500842,0.3,0.00701487109833614
2020-11-25,0.00227516221555522,0.3057362935365275,0.00744158369043418
2020-11-27,0.002109997952465043,0.3353274862169636,0.00629235013290808
2020-11-30,0.004606774337840986,0.34168047516011846,0.01348269705982514
2020-12-01,0.005397430742463367,0.37750806397137165,0.01429752436459922
2020-12-02,0.000467529061257436,0.37401302642716094,0.00125003416518298
2020-12-03,-0.00044201353113145316,0.37663694870600384,-0.00117357984300282
2020-12-04,0.003316237753313523,0.41903765475975696,0.00791393736492438
2020-12-07,0.005935128692166275,0.4625480726760517,0.012831376980621381
2020-12-08,-0.000635786975318465,0.45368656145577696,-0.00140137934277438
2020-12-09,-0.016313445366044486,0.5960505191664385,-0.02736923271010388
2020-12-10,0.0049048244494771555,0.5958896883546908,0.00823109468972328
2020-12-11,-0.0059171591232909685,0.7356662084976346,-0.0080432661646576
2020-12-14,0.010967235555980065,0.7176718444788434,0.01528168569012794
2020-12-15,0.006189496321619252,0.6685967269445844,0.00925744334691046
2020-12-16,-0.0002701868604700601,0.6894590368396092,-0.00039188239769626
2020-12-17,0.00790111874556369,0.6963243594992071,0.01134689406995058
2020-12-18,0.0019334939661143282,0.6996343085174584,0.00276357797577344
2020-12-21,-0.006778316784479221,0.7151885407823347,-0.009477664137437822
2020-12-22,0.0005090586785976116,0.7341772160109712,0.00069337302696956
2020-12-23,-0.007182533836448335,0.6841953409762906,-0.010497782440610379
2020-12-24,0.0032336741507994907,0.6694997750123749,0.004829985418202299
2020-12-28,0.00553975942614995,0.6981073964924036,0.0079353971236863
2020-12-29,0.0023003678340383312,0.6931788185428578,0.00331857779335204
2020-12-30,0.0016669553588189497,0.693974467904397,0.0024020413371296997
2020-12-31,0.0037070225339157063,0.7277863637132678,0.00509355865779342
2021-01-04,-0.0031314408488086498,0.725672834204512,-0.0043152240254953995
2021-01-05,0.007928425535107074,0.7122232125618583,0.011131939250601821
2021-01-06,-0.009708560249635439,0.7435632025380495,-0.01305680568443492
2021-01-07,0.022453436409508577,0.7389915685084719,0.030383887132605585
2021-01-08,0.007943519964043027,0.590558578416494,0.013450858652062159
2021-01-11,-0.007031560429970917,0.7116378008223103,-0.00988081355690468
2021-01-12,-0.0038395082797888997,0.6494470874244271,-0.00591196473759794
2021-01-13,0.004179443925977144,0.6667256408312175,0.006268611359788959
2021-01-14,-0.0072370015511596,0.7064091116340173,-0.0102447737889726
2021-01-15,-0.007481546032805551,0.6729667641405832,-0.011117259323140439
2021-01-19,0.006465247390701639,0.6340820413515107,0.010196231668888339
2021-01-20,0.020187881570771726,0.6525480042047199,0.030937006075706736
2021-01-21,0.004266709412910129,0.5756862952592232,0.00741151812722742
2021-01-22,0.0010697852052335428,0.5921524104908608,0.0018066044928310798
2021-01-25,0.004561761613941428,0.5854707920801021,0.007791612622952681
2021-01-26,-0.001933651725836203,0.5897997899650964,-0.00327848832559034
2021-01-27,-0.022690977082672426,0.5859915112698728,-0.038722364823169445
2021-01-28,0.001108186765971312,0.3,0.00369395588657104
2021-01-29,-0.002486884567803333,0.40610918715936595,-0.00612368458147544
2021-02-01,0.008733133743869383,0.35667022382140035,0.02448517751300268
2021-02-02,0.005998273351105634,0.3824000393878743,0.0156858596581406
2021-02-03,-0.0072052029757753685,0.4494831851221509,-0.01602997223092404
2021-02-04,-0.0012729295199797519,0.42044999503816244,-0.00302754081341876
2021-02-05,0.00031048559970728843,0.43893378679869577,0.00070736318106604
2021-02-08,0.006085918596602846,0.48707908954971285,0.01249472360275014
2021-02-09,-0.002753617558170525,0.48468077506641727,-0.005681301383974201
2021-02-10,-0.00034189128023724675,0.4848716239548824,-0.0007051171141932198
2021-02-11,0.0031069209991278664,0.4838968436606277,0.00642062670966056
2021-02-12,0.0035581505407103644,0.4912677914661857,0.007242792225582479
2021-02-16,-0.0034992353170593977,0.5107470273804878,-0.00685121034380998
2021-02-17,-0.0038420486289943876,0.5016780730831839,-0.007658394566424139
2021-02-18,-0.0036413377524625824,0.4997146081489622,-0.007286834711418161
2021-02-19,-0.0034116511874807353,0.5508326833940612,-0.006193625197508601
2021-02-22,-0.019273347516002456,0.5590748706626265,-0.034473643025949824
2021-02-23,-0.0023937918942402658,0.47128435400222335,-0.005079294217836421
2021-02-24,0.006217421234126229,0.4814327097191094,0.012914413808222058
2021-02-25,-0.017953788179844294,0.48472151343157943,-0.037039387942038496
2021-02-26,0.002963328541214776,0.4394786005413901,0.00674282783635944
2021-03-01,0.012558260028740316,0.45278918197508566,0.027735335844289943
2021-03-02,-0.007407331503648258,0.4284988193860888,-0.017286702246369683
2021-03-03,-0.013478812737932756,0.4414882831228,-0.030530397415289103
2021-03-04,-0.0116037872071252,0.43967974978866,-0.02639145244397262
2021-03-05,0.00441958046593304,0.39742845497040485,0.01112044296441268
2021-03-08,-0.01387693678106365,0.39924630312175596,-0.03475783413035556
2021-03-09,0.02002974163064653,0.4056887412344875,0.049372190043275976
2021-03-10,-0.002045617003891338,0.31750206627001154,-0.00644284627159464
2021-03-11,0.009494033723771283,0.32762416351651374,0.028978429496372422
2021-03-12,-0.0017385986970517764,0.3138663287386155,-0.00553929662999838
2021-03-15,0.0033519713269580206,0.3234312347929282,0.01036378360025762
2021-03-16,0.0001497030182904506,0.326471156860397,0.00045854898708391995
2021-03-17,0.0012807319377245684,0.32654141423553273,0.00392211181152288
2021-03-18,-0.00951399154773485,0.326025655737793,-0.029181726592052322
2021-03-19,0.0027560778000550335,0.30621158748636407,0.009000566643082259
2021-03-22,0.005152247243979053,0.3080102161102593,0.016727520629168637
2021-03-23,-0.003673209500191514,0.3244747217606521,-0.011320479697956399
2021-03-24,-0.006562244083375858,0.3211126335571413,-0.0204359573483057
2021-03-25,0.0007386584629720685,0.31342509443162914,0.0023567304472271607
2021-03-26,0.006922319848091941,0.34169941169133083,0.02025850677889114
2021-03-29,-0.0010986119725275795,0.33498980116666505,-0.00327953856714878
2021-03-30,-0.002329532044582558,0.3448097151008052,-0.00675599306678908
2021-03-31,0.006789163823802695,0.35450576158779107,0.01915106765372388
2021-04-01,0.004908639633070035,0.36701964355122957,0.013374324015942962
2021-04-05,0.006286834174274591,0.3842456331559217,0.01636149804134138
2021-04-06,-0.0013171327218384947,0.3814712497266153,-0.0034527706158260403
2021-04-07,-3.321268841449897e-05,0.42579623749352113,-7.800136659264005e-05
2021-04-08,0.005321884801982283,0.5247793848390008,0.01014118495454048
2021-04-09,0.002795945271276126,0.5276476851712469,0.0052988866432129005
2021-04-12,0.00041949132716357176,0.5799323138098756,0.00072334532353908
2021-04-13,0.006323388794755332,0.5855632773339873,0.01079881379096228
2021-04-14,-0.004039163533296238,0.5849296589389487,-0.006905383359467879
2021-04-15,0.010066468251933108,0.5772869401256773,0.01743754717496572
2021-04-16,0.0012081835251774799,0.5590169860050662,0.0021612644256332678
2021-04-19,-0.009706818938606117,0.6740665060359722,-0.0144003875755371
2021-04-20,-0.007779517404640908,0.633802178475293,-0.012274362046775721
2021-04-21,0.008697707290830825,0.6307202730132352,0.01379011847721012
2021-04-22,-0.009965481565213792,0.6387091437343014,-0.01560253467947746
2021-04-23,0.012137476736976342,0.6650196253062416,0.018251306089481244
2021-04-26,0.004957786472978667,0.6388695732020042,0.0077602482273969
2021-04-27,-0.003821241137187215,0.6714332403223275,-0.00569117062979008
2021-04-28,-0.0054867694875425435,0.6660852326570796,-0.00823733843438516
2021-04-29,0.004078575496148144,0.6617079466157149,0.0061637094083694995
2021-04-30,-0.007121750863779519,0.6975235693702955,-0.01021005049364688
2021-05-03,0.0010006697031917312,0.6930749612550491,0.0014438116497235403
2021-05-04,-0.005070970440494605,0.7310912154128457,-0.00693616655977878
2021-05-05,0.002385130345952148,0.7237276498892303,0.00329561865753948
2021-05-06,0.0075551514954399854,0.7227370456664998,0.01045352738003448
2021-05-07,0.008086515630967517,0.7217140700865335,0.01120459745228182
2021-05-10,-0.010701359509593595,0.707353895996301,-0.01512872067315164
2021-05-11,-0.009178532584814894,0.6694590198738456,-0.013710372572983659
2021-05-12,-0.01868712399160158,0.6370600145929073,-0.02933338078602058
2021-05-13,0.0060171712361911725,0.5296270845707665,0.011361147138212839
2021-05-14,0.009976483771290174,0.5611065779125152,0.01778001571182018
2021-05-17,-0.0034065582371746047,0.5650271484561862,-0.006029016918005239
2021-05-18,-0.005838457105933388,0.5778623747942576,-0.01010354257449642
2021-05-19,-0.002484963890942425,0.5662300659909536,-0.0043886116972498
2021-05-20,0.00827117429893407,0.5768561000756391,0.014338366705057861
2021-05-21,0.001847395004204052,0.5920954445562183,0.0031200966350766195
2021-05-24,0.007294973112043538,0.6360048266259977,0.01146999646330254
2021-05-25,0.00027003521390426904,0.6286642764471053,0.00042953802851717997
2021-05-26,0.002591142188960853,0.6312390151814983,0.00410485113664248
2021-05-27,0.006948637097855055,0.636226815867936,0.01092163505930786
2021-05-28,0.0016381738964899287,0.6268913452547682,0.0026131703825392196
2021-06-01,0.0030342755631820205,0.6398625812485541,0.00474207377037314
2021-06-02,0.00012617613211907464,0.6381463754172486,0.00019772286888971994
2021-06-03,-0.004158090087326631,0.6460743638272821,-0.00643593109420796
2021-06-04,0.008159487987943751,0.6396596964752932,0.01275598264656168
2021-06-07,-0.003182411165447799,0.6338201485924064,-0.00502100031454558
2021-06-08,-0.0005964612253073835,0.6435607520649941,-0.00092681417161242
2021-06-09,-0.004638644814123334,0.6756849727587652,-0.00686509986330484
2021-06-10,-0.003206584220017752,0.6989112474236049,-0.00458797054967734
2021-06-11,0.0024382046328779577,0.9168975011385646,0.0026591899638185273
2021-06-14,0.00032012611499293467,0.947759134344168,0.00033777159553777985
2021-06-15,-0.00596361932791842,1.0,-0.00596361932791842
2021-06-16,-0.0036133707849999802,1.0,-0.0036133707849999802
2021-06-17,-0.00437193744836018,1.0,-0.00437193744836018
2021-06-18,-0.01379472770357652,1.0,-0.01379472770357652
2021-06-21,0.01611576345039464,1.0,0.01611576345039464
2021-06-22,0.002781220074399893,0.9891576091362679,0.00281170568644612
2021-06-23,0.0057885445205118,1.0,0.0057885445205118
2021-06-24,0.01350415848263084,1.0,0.01350415848263084
2021-06-25,-0.002325273657090436,0.9616820897567607,-0.0024179234300584405
2021-06-28,0.005075709179774,1.0,0.005075709179774
2021-06-29,0.003013436711747677,0.995188455875908,0.00302800609668992
2021-06-30,0.0070287498863188,1.0,0.0070287498863188
2021-07-01,0.003909363188679991,0.9820080488279697,0.0039809889474387
2021-07-02,0.00457267835670554,1.0,0.00457267835670554
2021-07-06,-0.0095600317670067,1.0,-0.0095600317670067
2021-07-07,0.00055132864903126,1.0,0.00055132864903126
2021-07-08,-0.012375912923081381,1.0,-0.012375912923081381
2021-07-09,0.019172850944746227,0.9768804483995945,0.019626609352410278
2021-07-12,0.0096476081316105,0.8649216801535238,0.01115431414541262
2021-07-13,-0.007584266832119957,0.8404577616375877,-0.00902397143354642
2021-07-14,-0.0023855062871317428,0.8104893702755817,-0.00294329126897818
2021-07-15,-0.0024161613849964848,0.8197312733824079,-0.0029475042168719797
2021-07-16,-0.011853273513054315,0.8214439558079255,-0.01442980184983662
2021-07-19,-0.015323615533338128,0.7704464720493188,-0.01988926692412346
2021-07-20,0.013740970622355273,0.6916652135526911,0.01986650528768928
2021-07-21,0.011808712924969347,0.706513107211563,0.01671407480545618
2021-07-22,-0.0016713927488554508,0.6719858990448314,-0.00248724378179838
2021-07-23,0.0032911854575805944,0.6719681981368308,0.00489782919296788
2021-07-26,0.0031876868488664094,0.6919850398303934,0.0046065834741856795
2021-07-27,-0.0013605518676497335,0.6922046188557373,-0.0019655342229568202
2021-07-28,0.0013031339072641247,0.692977687183832,0.0018804846553716402
2021-07-29,0.00719853991964391,0.6934927209112378,0.010380123255201799
2021-07-30,-0.004939993469357521,0.6857408633196023,-0.0072038779276526
2021-08-02,-0.0003559962615284174,0.677704780109047,-0.0005252969611209402
2021-08-03,0.00574441503173542,0.680025751119986,0.00844734926916298
2021-08-04,-0.003379103505505164,0.6870320300687125,-0.00491840752339772
2021-08-05,0.006763574538829634,0.6817616527903788,0.009920731843961939
2021-08-06,0.004814204140963997,0.7002407367075777,0.00687507008461066
2021-08-09,5.061470664500039e-05,0.7518564533800662,6.731964115949999e-05
2021-08-10,0.004858639156518863,0.7720300425660845,0.00629332913052146
2021-08-11,0.0038563560845001907,0.789583009757079,0.00488404136974354
2021-08-12,0.0007878547307351691,0.7926430471821645,0.0009939590507176998
2021-08-13,-0.0032990030563085884,0.7983051720441945,-0.00413250868444324
2021-08-16,-0.004012584416060513,0.8619124113825636,-0.0046554433641628
2021-08-17,-0.01182545194287596,1.0,-0.01182545194287596
2021-08-18,-0.00943594908165284,1.0,-0.00943594908165284
2021-08-19,-0.00905876415836138,1.0,-0.00905876415836138
2021-08-20,0.00887856059192598,1.0,0.00887856059192598
2021-08-23,0.016082691195435962,1.0,0.016082691195435962
2021-08-24,0.006633856885764216,0.9766861456524587,0.006792209467999139
2021-08-25,0.009838802109724508,0.9681912949061681,0.01016204355635942
2021-08-26,-0.006725975808921137,0.9395572381955878,-0.007158665311161159
2021-08-27,0.012878596292449002,0.9415480185117191,0.013678108858224639
2021-08-30,-0.0034400222542123847,0.9155222578618474,-0.00375744251400984
2021-08-31,-0.000748538313269463,0.90623348408637,-0.0008259883643828398
2021-09-01,-0.0022912926763199414,0.9201238387857247,-0.0024902003184090198
2021-09-02,0.005743559829198642,0.9293338741288898,0.0061802975110343
2021-09-03,-0.0017884359608559437,0.9480800338257024,-0.0018863765684836
2021-09-07,-0.005405498831691693,0.9574035288852886,-0.00564599844120624
2021-09-08,-0.005652675704026147,0.9412617730046505,-0.00600542364105784
2021-09-09,-0.004234098000260695,0.9393574499332825,-0.00450744069849174
2021-09-10,-0.003674683581019128,0.9421257545196322,-0.00390041728865884
2021-09-13,0.0031750087577317376,0.9209150124667939,0.0034476674989009602
2021-09-14,-0.009857427925542402,0.9379225101011407,-0.0105098532334824
2021-09-15,0.007829437490208235,0.9076852839834055,0.008625718217936179
2021-09-16,-0.005097409159992216,0.9299134007805508,-0.00548159555041744
2021-09-17,-0.009041929906026654,0.9542392192731237,-0.00947553791900756
2021-09-20,-0.01729912403688824,0.9355527007007668,-0.01849080658302894
2021-09-21,-0.002328153705293275,0.8420497010832207,-0.0027648649507247803
2021-09-22,0.011581812945394948,0.8822327810669375,0.013127842440164558
2021-09-23,0.01923057436375503,0.8952211896816565,0.02148136637672024
2021-09-24,-7.584981446398792e-05,0.8012574642313829,-9.466347316557967e-05
2021-09-27,0.000967597123814878,0.8114399771062233,0.0011924444827891597
2021-09-28,-0.016417220549190096,0.8671512540427548,-0.01893236096084876
2021-09-29,0.0010472956508758202,0.7378099547333252,0.00141946533000406
2021-09-30,-0.010270312145682596,0.7466940293436439,-0.01375437828893632
2021-10-01,0.010813130661076564,0.7102289016931344,0.015224853051317459
2021-10-04,-0.007771104845731131,0.6996207263139078,-0.011107596664087921
2021-10-05,0.009096012657337248,0.6604416274333136,0.01377262165119308
2021-10-06,-0.0011665400025726645,0.6508199815130493,-0.00179241577657258
2021-10-07,0.007102734655702728,0.6578766897246522,0.01079645284084394
2021-10-08,0.0008752980607733759,0.6553137133484946,0.0013356931847203599
2021-10-11,-0.004788867336685175,0.6567467925292257,-0.00729180163673516
2021-10-12,-0.002600070704272797,0.6524337831748008,-0.00398518711220106
2021-10-13,-0.001779887969769131,0.6640432685247861,-0.00268037950858724
2021-10-14,0.010886256444099544,0.675188287904989,0.016123289812798758
2021-10-15,0.008180473519234593,0.6430031434873653,0.012722291643657159
2021-10-18,0.004922788186501105,0.6383618575261891,0.00771159512189236
2021-10-19,0.004920361720098341,0.6902768394715364,0.0071280991027676405
2021-10-20,0.0025187793593907065,0.6923568635435187,0.003637978464602
2021-10-21,-0.0025624632497080403,0.7088863815102968,-0.00361477285576944
2021-10-22,0.0066271790252840175,0.7737590615888982,0.008564912973911081
2021-10-25,0.007140321673021867,0.7642277393461402,0.009343185683276821
2021-10-26,0.00832643022304298,0.7535954840909979,0.0110489385868421
2021-10-27,-0.0035185181293008495,0.8517061227518228,-0.00413114105359802
2021-10-28,0.005580639438333759,0.8364971667855189,0.0066714385414824206
2021-10-29,0.0048555681070776005,0.9338248330084828,0.0051996562261409605
2021-11-01,0.0028910466565785667,0.9824008596360977,0.0029428380769632796
2021-11-02,0.008651062886047601,1.0,0.008651062886047601
2021-11-03,0.00439716758225548,1.0,0.00439716758225548
2021-11-04,0.007012958851745556,1.0,0.007012958851745556
2021-11-05,0.0018631499424392399,1.0,0.0018631499424392399
2021-11-08,0.00120154076498418,1.0,0.00120154076498418
2021-11-09,-0.00575592288966498,1.0,-0.00575592288966498
2021-11-10,-0.005704392406783981,1.0,-0.005704392406783981
2021-11-11,-0.00112986170570846,1.0,-0.00112986170570846
2021-11-12,0.0010885272652121601,1.0,0.0010885272652121601
2021-11-15,-0.0025036705983449,1.0,-0.0025036705983449
2021-11-16,-0.00078030234045674,1.0,-0.00078030234045674
2021-11-17,-0.00471925156139572,1.0,-0.00471925156139572
2021-11-18,-0.00301336295509324,1.0,-0.00301336295509324
2021-11-19,-0.00537071253986802,1.0,-0.00537071253986802
2021-11-22,0.00497144404369742,1.0,0.00497144404369742
2021-11-23,0.0074447810443584,1.0,0.0074447810443584
2021-11-24,0.00143723349916988,1.0,0.00143723349916988
2021-11-26,-0.0287782970430867,1.0,-0.0287782970430867
2021-11-29,0.01009037249049406,0.8285423664771774,0.012178462923261999
2021-11-30,-0.01735967843295404,0.8437606585930095,-0.020574173796988483
2021-12-01,-0.0057878633402393305,0.7352086951531464,-0.007872408716594
2021-12-02,0.009258982808886793,0.6450855225766955,0.014353108982981361
2021-12-03,-0.010352946624448208,0.6853464725898892,-0.01510615001099364
2021-12-06,0.004716309160839538,0.6040385037531335,0.0078079611341582
2021-12-07,0.017091998049342746,0.6754180587568749,0.0253058055344286
2021-12-08,-0.0010931157092562186,0.6014167645837699,-0.001817567739424
2021-12-09,-0.005697281541805311,0.627313709620708,-0.009082029380881939
2021-12-10,0.004767809042805661,0.6029534917387878,0.007907424217838641
2021-12-13,-0.010882992047724934,0.6138357851603847,-0.0177294845149528
2021-12-14,-0.004267789943909183,0.5839411876405116,-0.007308595513109341
2021-12-15,0.013852882209129527,0.5628090276309355,0.024613823746646817
2021-12-16,-0.004832480599220832,0.5310502333984178,-0.00909985589931054
2021-12-17,-0.010660208659666942,0.5214293290139774,-0.02044420608220368
2021-12-20,-0.006726150433790374,0.4888721653365297,-0.01375850561907166
2021-12-21,0.009041456950409723,0.4688818868987697,0.01928301604954458
2021-12-22,0.007174689514221283,0.46648200934289086,0.015380420617566578
2021-12-23,0.004279955753980716,0.4663306316018614,0.009177942566798419
2021-12-27,0.007918377847695975,0.461855868988159,0.01714469465342874
2021-12-28,-0.0017133872471923552,0.49001775156120203,-0.00349658199470016
2021-12-29,0.0003885948197895663,0.49557196416619465,0.0007841339863593401
2021-12-30,-0.002728036237211628,0.5246765304231052,-0.005199463057765721
2021-12-31,-0.0010290624939531532,0.5276910124736732,-0.00195012321534374
2022-01-03,0.005542094007665673,0.5383148746830347,0.01029526447867322
2022-01-04,-0.003717802625138343,0.5541759248312471,-0.006708704688444299
2022-01-05,-0.015271754744031737,0.5508425575801308,-0.027724355233410162
2022-01-06,-0.0010707898639207034,0.5386209901485266,-0.00198802104542088
2022-01-07,-0.008655506479831002,0.5385986205761921,-0.0160704208090458
2022-01-10,0.0008066110928877031,0.527481467056389,0.00152917428054676
2022-01-11,0.0056990148581752146,0.5329296196076176,0.010693747632888658
2022-01-12,0.0021621226111665447,0.5433935281196556,0.0039789259519676205
2022-01-13,-0.012998261634818641,0.5462596712452689,-0.023795023354346183
2022-01-14,-0.00232017171903404,0.5524949008606176,-0.00419944458386842
2022-01-18,-0.011943298169508973,0.5596022680455383,-0.02134247634703488
2022-01-19,-0.006777969416420215,0.5257920969001433,-0.012890968609799141
2022-01-20,-0.00901345071194416,0.515450799566872,-0.01748653939331954
2022-01-21,-0.008561975895045933,0.5700248563485636,-0.015020355340101842
2022-01-24,0.0034901962531819746,0.5306504225402865,0.00657720432309088
2022-01-25,-0.008974543345456781,0.5153983816710812,-0.017412827949436962
2022-01-26,0.0021940160773451455,0.5299412900000454,0.00414011159112542
2022-01-27,-0.0068700145444645444,0.5009955204114864,-0.01371272649069186
2022-01-28,0.014652981487268046,0.5347485521741351,0.0274016290978128
2022-01-31,0.012963252139663402,0.49444147384911386,0.026217970832316
2022-02-01,0.004279560331201466,0.4361432916356139,0.00981228053549182
2022-02-02,0.009522163451199762,0.4645509969769928,0.02049756326681902
2022-02-03,-0.005962584274474745,0.4369222080650143,-0.0136467869209054
2022-02-04,0.0006142033757582272,0.43811165454909684,0.00140193343267794
2022-02-07,-0.00016173022543835758,0.44832579206595763,-0.00036074263024903964
2022-02-08,0.0038607336042408946,0.4617672787064418,0.008360777781951219
2022-02-09,0.006202898654409146,0.4713184127302944,0.01316073908183738
2022-02-10,-0.010060379271825933,0.48197786194810266,-0.0208731148587675
2022-02-11,-0.007976419261133943,0.4288108573766975,-0.01860125303246904
2022-02-14,-0.0005923825919274676,0.4373607240253108,-0.0013544485350110802
2022-02-15,0.006653310600560838,0.4222487068371869,0.01575685252039448
2022-02-16,8.822323162359339e-05,0.4710735004548279,0.00018728124494035996
2022-02-17,-0.007423749284862075,0.44956480362196594,-0.01651319059021494
2022-02-18,-0.0021079001622605386,0.4424873353681173,-0.00476375252753148
2022-02-22,-0.005867384621121714,0.4601611470591033,-0.012750717131640199
2022-02-23,-0.005711467443504063,0.43455233882737154,-0.013143336102887659
2022-02-24,0.0030823743185345257,0.4041262971612764,0.007627254994753359
2022-02-25,0.011066286113184085,0.4141468130588713,0.026720683980274898
2022-02-28,-0.0005494262771809161,0.4405978973593788,-0.00124700158687496
2022-03-01,0.00021514580040255717,0.4295993505839466,0.00050080569281614
2022-03-02,0.007295257330864327,0.40931467177496555,0.01782310245374038
2022-03-03,0.0007373971757630082,0.44397690395606143,0.0016608908463310184
2022-03-04,0.002464823135119562,0.47732721077472823,0.0051638018522326
2022-03-07,-0.0035674679899476854,0.45970645314551334,-0.007760317405895661
2022-03-08,-0.0034856720206185568,0.3666972838979432,-0.009505584507107138
2022-03-09,0.0020236372150665752,0.38745152716463566,0.00522294293140492
2022-03-10,0.00026366646411660666,0.44294034917766034,0.0005952640453869599
2022-03-11,-0.0034445126021417725,0.5026128051460326,-0.006853212983980741
2022-03-14,0.0009883790709216658,0.5257180674138002,0.0018800553608208002
2022-03-15,0.007492944900217213,0.5407400673026322,0.01385683316865012
2022-03-16,0.002712436084685525,0.5653785991331097,0.004797557050876139
2022-03-17,0.009893348563274422,0.6654491807572133,0.01486717370666352
2022-03-18,0.005547686470724572,0.6607673960869777,0.008395823558452819
2022-03-21,0.0016098940227180292,0.6676157238627296,0.0024114081876373604
2022-03-22,0.0011249301151873188,0.6820677441388949,0.00164929381993798
2022-03-23,-0.0069136991844016395,0.7394722864717885,-0.009349504113789939
2022-03-24,0.008532802006279747,0.7545183894257733,0.011308938424646801
2022-03-25,0.0016544888898021393,0.7759782161041755,0.0021321331649083604
2022-03-28,0.0017498759420142463,0.9571811947028149,0.00182815537089354
2022-03-29,0.005174127060372351,0.9799671487293954,0.0052798984813736
2022-03-30,-0.0020880034349820592,0.9810476585086445,-0.0021283404703867003
2022-03-31,-0.013889454363032901,1.0,-0.013889454363032901
2022-04-01,0.0029736257436340538,0.9507837375886917,0.0031275521720381403
2022-04-04,0.005916699826135353,0.9660893564895303,0.006124381545445039
2022-04-05,-0.00841334468171527,0.9970148471012649,-0.0084385349989284
2022-04-06,0.005282363252821034,0.9872272894466205,0.0053507062753320005
2022-04-07,0.011912729946112957,0.9652936184409766,0.012341042889471219
2022-04-08,-0.0006022166216825472,0.9358577126919166,-0.0006434916478385601
2022-04-11,-0.0250728843223343,0.9786868746286018,-0.025618903218508078
2022-04-12,-0.0004722031416781111,0.6964926895354038,-0.0006779728614138
2022-04-13,0.004319909424230426,0.7288397512748026,0.005927104575010539
2022-04-14,-0.007047618877707527,0.7655032858988613,-0.009206516820410699
2022-04-18,0.0005251028042124724,0.7784853510415122,0.0006745185423334596
2022-04-19,0.004481307425340373,0.8066006459411305,0.00555579449122762
2022-04-20,-0.003072380138007876,0.8126052791284203,-0.003780901031437099
2022-04-21,-0.012877883743195657,0.8287129031091944,-0.015539620168673562
2022-04-22,-0.019301916693516358,0.7553977636289546,-0.025551990782696182
2022-04-25,0.0015749087667207469,0.6441664973852833,0.00244487841747966
2022-04-26,-0.01752152802806283,0.6722625863099484,-0.026063518013457444
2022-04-27,0.0014430780572273034,0.4655289703202769,0.0030998673535494203
2022-04-28,0.013949179922297864,0.5108308009185358,0.027306849738143322
2022-04-29,-0.016929961322710674,0.46532185989731367,-0.03638333545397318
2022-05-02,0.003373569334648006,0.3551925469397776,0.00949786070601304
2022-05-03,0.001911900513512636,0.36733680267946794,0.0052047616780204
2022-05-04,0.013888419620863797,0.41821366739920757,0.03320890899437428
2022-05-05,-0.012382662252021922,0.42555590666132237,-0.02909761574964258
2022-05-06,0.001473000369098321,0.3248825572479895,0.0045339472256553
2022-05-09,-0.01342527805590709,0.3436785273641978,-0.039063476437910416
2022-05-10,0.002642436916103214,0.3,0.00880812305367738
2022-05-11,-0.003697593142711379,0.3,-0.012325310475704598
2022-05-12,0.00010546946088511805,0.3,0.0003515648696170602
2022-05-13,0.008174540620135234,0.3013592617537973,0.02712556625126598
2022-05-16,0.0012161877551666572,0.3188239486236047,0.0038146060244754606
2022-05-17,0.005642464496927858,0.33523559417149945,0.0168313406900381
2022-05-18,-0.016622570171543425,0.34539551552403003,-0.048126189902390176
2022-05-19,-0.0030258213654210954,0.3,-0.010086071218070319
2022-05-20,-0.0003737553265410839,0.3,-0.0012458510884702798
2022-05-23,0.00397087575083307,0.3,0.0132362525027769
2022-05-24,-0.0009122599779541799,0.3,-0.0030408665931806
2022-05-25,0.0038947130044877515,0.3,0.01298237668162584
2022-05-26,0.006681029807768585,0.3,0.022270099359228617
2022-05-27,0.007332027042813788,0.3107816695342495,0.023592212030400222
2022-05-31,-0.00488132939235902,0.346229981585447,-0.0140985173207894
2022-06-01,-0.0022677678073201894,0.3373359883455092,-0.006722578929223159
2022-06-02,0.0029376379454625597,0.34263150362921024,0.0085737531848257
2022-06-03,-0.0040998880201039015,0.3384030603050016,-0.0121153987685829
2022-06-06,9.167153279817533e-05,0.35363748777244,0.00025922459006146
2022-06-07,0.006187026262745619,0.3908379886684444,0.01583015582447436
2022-06-08,-0.0008494589918420935,0.4014267324938066,-0.00211609970906758
2022-06-09,-0.0072896442548828705,0.4029743551320703,-0.01808959841251876
2022-06-10,-0.006965008708577218,0.4147040858855949,-0.01679512921533806
2022-06-13,-0.011938001933177895,0.38072281964331756,-0.03135615024169574
2022-06-14,-0.0010299232924729982,0.3,-0.0034330776415766604
2022-06-15,0.0019203703022933941,0.3090146666353901,0.00621449565227032
2022-06-16,-0.00779554732260598,0.3604542975604982,-0.021627006184598438
2022-06-17,-0.0037488059655420287,0.3707287066135437,-0.01011199267460524
2022-06-21,0.01682456005458956,0.4013085522871437,0.0419242499535651
2022-06-22,0.0009297497697870137,0.34906873758216017,0.00266351486021626
2022-06-23,0.004381257239962639,0.371674367413191,0.011787891832454479
2022-06-24,0.006616481898476556,0.366360496135932,0.01806003094837392
2022-06-27,0.003017712237221053,0.38724036088778735,0.00779286598716788
2022-06-28,-0.004651944677691805,0.40525215861808295,-0.011479136085431399
2022-06-29,0.0004183159578485496,0.40214268677071235,0.00104021774263188
2022-06-30,-0.0021575462404207087,0.4112827738831493,-0.00524589498376048
2022-07-01,0.004389761473991183,0.4034392776550142,0.010880848041139219
2022-07-05,-0.003717244356320694,0.43222937663782324,-0.00860016592401926
2022-07-06,0.0011249802757918117,0.42217828979422817,0.00266470423275468
2022-07-07,0.0019940817792286677,0.43421790228182755,0.004592352753651359
2022-07-08,0.0018014535972352057,0.45533755588985086,0.00395630356849148
2022-07-11,-0.0012237704907804995,0.42753339322950873,-0.00286239744113638
2022-07-12,-0.004795813609280905,0.4678429920539431,-0.0102509040227922
2022-07-13,-0.0014058391452102727,0.45872877064116035,-0.00306464132006664
2022-07-14,0.0013087621831349883,0.5332215967886643,0.00245444331403122
2022-07-15,0.009387328201728228,0.5434351425146055,0.017274054376187002
2022-07-18,-0.006939988580400951,0.5062519169073725,-0.01370856751080854
2022-07-19,0.008104956448314504,0.5743462678014014,0.014111620293695459
2022-07-20,-0.004514765731666072,0.5343701866912168,-0.008448760511175199
2022-07-21,0.0015894899005042908,0.7247731645045081,0.00219308602794496
2022-07-22,0.00017334611155406016,0.7370233373825537,0.00023519758840972012
2022-07-25,0.008281593256872572,0.7618955552057352,0.010869722497116142
2022-07-26,0.0008878939136869612,0.8056474208311913,0.0011020874525619602
2022-07-27,0.004767409057642955,0.7970734196880462,0.00598114168643184
2022-07-28,0.006881212805113197,0.8617620519762731,0.00798504968898614
2022-07-29,0.006550242137340138,0.864193616288487,0.0075796002352712605
2022-08-01,-0.006493629294372956,0.8889013486771983,-0.00730523055684
2022-08-02,-0.00546371215071923,0.8612654576852468,-0.0063438189723800205
2022-08-03,-0.002372642969968645,0.8545914782891789,-0.00277634756517638
2022-08-04,-0.013182118930724872,0.8860999644775446,-0.014876559597310459
2022-08-05,-0.0006966256953310715,0.8251178206332369,-0.0008442742089807803
2022-08-08,0.0029844390504332142,0.8339692788613812,0.00357859591004104
2022-08-09,0.0023902956639701178,0.8307470134585231,0.00287728469106252
2022-08-10,0.0052024444260349465,0.8555626163764233,0.0060807290155674805
2022-08-11,0.0006798975789072167,0.8849943493900413,0.00076825075705378
2022-08-12,0.011774425108014056,0.8817252644372036,0.013353847942113299
2022-08-15,0.002999244548763213,0.9228392086154402,0.0032500185522709403
2022-08-16,0.0018309648439949402,1.0,0.0018309648439949402
2022-08-17,0.00361233252261656,1.0,0.00361233252261656
2022-08-18,0.005932074814198439,1.0,0.005932074814198439
2022-08-19,0.0006816914804025,1.0,0.0006816914804025
2022-08-22,-0.00941769819853164,1.0,-0.00941769819853164
2022-08-23,-0.00021400699234244,1.0,-0.00021400699234244
2022-08-24,0.0016923927297168603,1.0,0.0016923927297168603
2022-08-25,0.00704557675572658,1.0,0.00704557675572658
2022-08-26,-0.02087991265311768,1.0,-0.02087991265311768
2022-08-29,-0.0027913748307204556,0.9361662022359653,-0.00298170861547176
2022-08-30,-0.011927873720185236,0.9313393355874918,-0.012807226393654999
2022-08-31,-0.008558446661646556,0.8874781054775445,-0.00964355808760074
2022-09-01,0.008628198793114963,0.8731218734421695,0.009882009666187162
2022-09-02,-0.009587465549554605,0.9181192687846103,-0.01044250553879162
2022-09-06,0.00207883020594917,0.8834806013055005,0.00235300039737978
2022-09-07,0.009530703431392576,0.8429215228839845,0.01130675059616948
2022-09-08,0.004731568047267134,0.781886919413578,0.0060514735952046
2022-09-09,0.006899284116204461,0.7997373819218396,0.008626937132318201
2022-09-12,0.005396604288889795,0.7951401349448223,0.006786985151069359
2022-09-13,-0.025066396014192877,0.8117228661932268,-0.03088048527171334
2022-09-14,0.006508473064049972,0.6355588316380716,0.0102405516846886
2022-09-15,-0.0025271895724012132,0.6437868973551147,-0.00392550637918188
2022-09-16,-0.0005468456472898067,0.6437100989309181,-0.0008495216219195799
2022-09-19,0.0008252476153070062,0.6508740977583053,0.0012679066783411199
2022-09-20,-0.003565716675826118,0.6626521466489982,-0.00538097808006476
2022-09-21,-0.008565136513788095,0.6371537119810428,-0.0134428103497307
2022-09-22,0.0038563086529059664,0.601592545045616,0.00641016695546578
2022-09-23,-0.012118552170204376,0.6085332218955279,-0.01991436413686034
2022-09-26,-0.0038525519097787736,0.5311238473509708,-0.00725358488230896
2022-09-27,-0.001037325567735505,0.5108667541987001,-0.0020305207947277
2022-09-28,0.011602534457057402,0.5031884292712752,0.02305803111144738
2022-09-29,-0.006612185146829797,0.5074167021254715,-0.013031075089039479
2022-09-30,-0.008032387062940573,0.4678238677810368,-0.01716968204516684
2022-10-03,0.009329479245875103,0.46422807601716154,0.020096757882283302
2022-10-04,0.009163794384558385,0.465256872222933,0.01969620425115924
2022-10-05,0.0005155580626112958,0.4587973818256579,0.0011237162264522399
2022-10-06,-0.0027231620077089384,0.47623288452488693,-0.00571813097372664
2022-10-07,-0.0062125263645172535,0.4421452408071266,-0.01405087240829828
2022-10-10,-0.001382607344808797,0.4243005018097644,-0.00325855693997904
2022-10-11,0.0018511780337174036,0.40944697163290256,0.004521166749224641
2022-10-12,0.0012479525235595732,0.439046076760643,0.0028424181187705405
2022-10-13,0.011020446395278457,0.44933432165452253,0.024526162067253998
2022-10-14,-0.00641946260219441,0.4365251785452533,-0.01470582435493792
2022-10-17,0.00661818939032981,0.4221679498779069,0.015676674158338698
2022-10-18,0.0034926391559522863,0.41958968409813596,0.00832393952548988
2022-10-19,-0.0008526295117164544,0.4334431270681808,-0.00196710815899576
2022-10-20,-0.004277287144393378,0.4405092863831731,-0.009709868274315601
2022-10-21,0.01073189349037273,0.4495442969159518,0.02387282758116982
2022-10-24,0.008831743705614695,0.4529971215489108,0.0194962468534386
2022-10-25,0.0024519696359150984,0.4417095855284132,0.0055510899383852605
2022-10-26,0.004277502012664635,0.4684059362765126,0.00913204056863086
2022-10-27,0.00107598427618053,0.5117833652747211,0.0021024213547913
2022-10-28,0.006538715192749093,0.5320744410584758,0.012289098457241021
2022-10-31,-0.001694251974769677,0.6076842129836896,-0.00278804671665076
2022-11-01,-0.003011516538589707,0.6216715977749399,-0.00484422410380078
2022-11-02,-0.007168581996330626,0.642467800396026,-0.01115788525418988
2022-11-03,0.0013195633058675066,0.6165357937044633,0.00214028661327008
2022-11-04,0.0029736063383006186,0.637736408345163,0.00466275141169486
2022-11-07,0.007230463407649116,0.6250852123689155,0.01156716438747204
2022-11-08,0.004050372760776186,0.6300842017936593,0.00642830394611704
2022-11-09,-0.010166590149476507,0.6775041864715301,-0.015005944394859801
2022-11-10,0.008892409765589545,0.6148860966519513,0.01446188133706166
2022-11-11,-0.007124870798717554,0.6309949230076735,-0.0112914867282235
2022-11-14,0.0031335614494245826,0.6610682325132438,0.0047401482862237
2022-11-15,-0.0016952759756628786,0.6658116197642168,-0.0025461796179874797
2022-11-16,0.0012548050540969434,0.653345295743871,0.00192058481521364
2022-11-17,0.006085785012058851,0.6631860098583068,0.009176588350166059
2022-11-18,0.006010913126917946,0.6899604130051695,0.00871196812689152
2022-11-21,0.0011286102967028758,0.784229951450746,0.00143913184470328
2022-11-22,0.010024443821868671,0.8794135699742257,0.0113990097084384
2022-11-23,-1.5132032558378387e-05,0.8754094667597482,-1.7285662461920004e-05
2022-11-25,0.0021222001693893505,0.905709479159256,0.00234313565025214
2022-11-28,-0.007043197667013329,0.9029653183280222,-0.00780007551126646
2022-11-29,-0.000805057421236617,0.8794581100369733,-0.0009154016684237201
2022-11-30,0.0150820187476391,0.8893501254874366,0.016958471489924083
2022-12-01,-0.0013667234176931331,0.8535656849339146,-0.0016011930210138997
2022-12-02,0.001756021436458697,0.9194800122521519,0.00190979837849606
2022-12-05,-0.009868411854272249,0.9193467328015543,-0.0107341566594792
2022-12-06,-0.00690298152187675,0.8513804250312375,-0.00810798712176578
2022-12-07,0.0037874483138190906,0.8286777560544469,0.00457047179817174
2022-12-08,0.004416546148460656,0.8245910630737661,0.00535604416084432
2022-12-09,-0.013660004910551535,0.9180054409299732,-0.014880091447729818
2022-12-12,0.011410817791671565,0.8758898686279067,0.01302768555771374
2022-12-13,0.0024466792428810016,0.8400099212897773,0.00291267898255808
2022-12-14,0.0004451072349283835,0.8885160572177342,0.00050095575798841
2022-12-15,-0.015698044498065004,0.9211836362061605,-0.017041167342829122
2022-12-16,-0.005258985568404043,0.7872591845127807,-0.006680119675782159
2022-12-19,0.0007846157090588211,0.7971475776695393,0.0009842791109679401
2022-12-20,0.0038194741196926198,0.8213534861689757,0.00465021964843386
2022-12-21,0.011214061931175997,0.8315861535416028,0.0134851474900309
2022-12-22,-0.005787765687748574,0.8409911487928287,-0.00688207681621432
2022-12-23,0.007841914059641584,0.797539612071496,0.009832632688015739
2022-12-27,0.0033970895424457717,0.7924199581020329,0.00428698130039824
2022-12-28,-0.007413302646268344,0.7915960669379025,-0.0093650069219582
2022-12-29,0.0030718529918233577,0.7619808574012892,0.0040314044138849
2022-12-30,-0.0009205383217836705,0.8439744018507945,-0.0010907182963902401
2023-01-03,-0.0067086034957694485,0.8402370525799563,-0.00798417955405634
2023-01-04,0.0002459706774925119,0.8060327540259681,0.0003051621367294801
2023-01-05,-0.0011587096137962289,0.8504718329578577,-0.0013624314984852
2023-01-06,0.014539795150230047,0.8616212686292939,0.016874926002419383
2023-01-09,-0.013752434726355268,0.8102057319723053,-0.01697400324838156
2023-01-10,0.0015768903284429107,0.738085783254501,0.0021364594254746397
2023-01-11,0.0019179998196937995,0.8074060112272999,0.0023755084716032
2023-01-12,-0.00010577932292907667,0.842594201301005,-0.0001255400556587601
2023-01-13,0.0029195263678078046,0.8644642647410254,0.0033772666920852197
2023-01-17,-0.0029086147713778617,0.8606065054257537,-0.0033797266846582
2023-01-18,-0.020367794689022115,0.9573313608991126,-0.02127559539039122
2023-01-19,0.001913822942413915,0.8195811080756095,0.00233512330086232
2023-01-20,0.0044355270292969875,0.815277780425486,0.00544051013751672
2023-01-23,-0.0013718787641636035,0.8217119778214371,-0.0016695372602463401
2023-01-24,0.003207444039270912,0.8770605421547062,0.0036570383515271004
2023-01-25,0.002444152606397662,0.8831508337192041,0.002767536997168
2023-01-26,0.0025768887804676734,0.915831846515891,0.00281371388238022
2023-01-27,-0.009829702439903217,0.9204202493994235,-0.0106795808179113
2023-01-30,-0.004156701148135469,0.9119161356334943,-0.0045582055034566
2023-01-31,0.005279194422822998,0.9171973535134895,0.00575578898325436
2023-02-01,-0.004438686926548336,0.9005714836374021,-0.00492874469955512
2023-02-02,-0.018650034162508808,0.9121460419157859,-0.02044632471718896
2023-02-03,3.436398080787218e-05,0.8073110481046787,4.256597365854013e-05
2023-02-06,0.0029376471994505167,0.8064964070805417,0.00364248020655738
2023-02-07,0.008283525405899836,0.8998912745834102,0.00920502914058652
2023-02-08,-0.0027532150312796185,0.9383164598696399,-0.00293420732666474
2023-02-09,0.0007000386636546153,0.9418224010306361,0.0007432809655924122
2023-02-10,0.014563968318781678,0.9322222254076666,0.01562285034816968
2023-02-13,0.006319735131721069,0.8436256636088799,0.00749116036215206
2023-02-14,-0.005291299325256731,0.8330840379981737,-0.006351459257305241
2023-02-15,-0.0038060286234740835,0.8319688266327884,-0.00457472503973274
2023-02-16,-0.011340351520374178,0.973703665142612,-0.01164661480319398
2023-02-17,0.0030663158650829207,0.9213579766125359,0.0033280396359692196
2023-02-21,-0.010353804386445889,0.931861496997751,-0.011110883344578059
2023-02-22,-0.0032454716653225386,0.8442227272411136,-0.0038443310759100403
2023-02-23,0.0037349631365658008,0.8603625660099951,0.004341150212853881
2023-02-24,-0.006356316764002235,0.8759569397032596,-0.007256426059202761
2023-02-27,0.0012200482402182084,0.8628285705189755,0.0014140100153201601
2023-02-28,-0.008432934127672707,0.9002030139844684,-0.00936781370054178
2023-03-01,0.004219753467793235,0.8866551584494802,0.00475918222273972
2023-03-02,0.007887172618318004,0.8933513884674035,0.00882874613521216
2023-03-03,0.008175090131762456,0.8753094511912418,0.00933965710142472
2023-03-06,0.007255434251243538,0.9953668190278733,0.007289206463934141
2023-03-07,-0.01450676896891229,0.9768035051165918,-0.01485126629145414
2023-03-08,-0.004679691797080719,0.8924801458661118,-0.0052434687973246605
2023-03-09,-0.0059077124463005025,0.9152800105985844,-0.006454541099872721
2023-03-10,-0.007254703235076673,0.8584441605683327,-0.00845099025459466
2023-03-13,-0.0020533216231228865,0.8035833504522424,-0.00255520677720278
2023-03-14,0.007916449409123633,0.9556806430493324,0.00828357199311296
2023-03-15,-0.013517502333226234,0.9246959748523669,-0.014618320724694819
2023-03-16,0.006592460744617052,0.9072051732295432,0.0072667803702537
2023-03-17,-0.012330339477970919,0.856679276416796,-0.0143931805255575
2023-03-20,0.013692337886353902,0.8758092351612167,0.0156339272716546
2023-03-21,0.008687562407618959,0.744573842920258,0.01166783186143886
2023-03-22,-0.01278135539820148,0.7761610020953046,-0.01646740220611092
2023-03-23,3.1642939025900026e-05,0.7138784581302062,4.432538713772e-05
2023-03-24,0.0035528696607914226,0.713942903376848,0.0049764058778186
2023-03-27,0.008379646014974821,0.7279309923510027,0.01151159396017888
2023-03-28,0.002665382228205351,0.7194913724991652,0.00370453674648954
2023-03-29,0.00489056276347379,0.7426846532031209,0.0065849788902750395
2023-03-30,0.0035455840874471303,0.7391873079852838,0.0047965976270763
2023-03-31,0.008500596227791712,0.7488357583406194,0.011351749877207499
2023-04-03,0.010976234693388185,0.7412543784097655,0.0148076490515116
2023-04-04,-0.005678733978212095,0.7136648524658296,-0.00795714397113874
2023-04-05,0.003750504354776554,0.7442775694300825,0.005039120495930621
2023-04-06,-0.00018069767017138915,0.7505397481729109,-0.00024075696272085996
2023-04-10,0.00162407508832632,0.7635536944992087,0.00212699525917624
2023-04-11,0.0021349314967354324,0.7884717211505886,0.00270768302713508
2023-04-12,0.002371325192015938,0.7948047948360124,0.00298353156325032
2023-04-13,0.00791217567478417,0.8020717391554548,0.00986467330605032
2023-04-14,-0.0024998074025748287,0.8758983219307294,-0.0028539926838363396
2023-04-17,0.003409767838410543,0.8676165973812894,0.0039300398917012196
2023-04-18,0.00499256486575623,0.9876313530348221,0.0050550894829482
2023-04-19,6.673715029544e-05,1.0,6.673715029544e-05
2023-04-20,-0.0046125544469594795,1.0,-0.0046125544469594795
2023-04-21,0.0058139883389912005,1.0,0.0058139883389912005
2023-04-24,0.00598472296264936,1.0,0.00598472296264936
2023-04-25,-0.00511712072271184,1.0,-0.00511712072271184
2023-04-26,-0.00839197657734532,1.0,-0.00839197657734532
2023-04-27,0.01389039645888688,1.0,0.01389039645888688
2023-04-28,0.00932917659926814,1.0,0.00932917659926814
2023-05-01,0.0061298398647711,1.0,0.0061298398647711
2023-05-02,-0.01007634873427762,1.0,-0.01007634873427762
2023-05-03,-0.00704942381870978,1.0,-0.00704942381870978
2023-05-04,-0.0085296814766351,1.0,-0.0085296814766351
2023-05-05,0.01240891042164678,1.0,0.01240891042164678
2023-05-08,0.00605426319206322,1.0,0.00605426319206322
2023-05-09,-0.00232870545070908,1.0,-0.00232870545070908
2023-05-10,0.00163210025060344,1.0,0.00163210025060344
2023-05-11,-0.0002449778561822401,1.0,-0.0002449778561822401
2023-05-12,-0.00310213356573262,1.0,-0.00310213356573262
2023-05-15,0.007548212546678141,1.0,0.007548212546678141
2023-05-16,-0.0052512017077884,1.0,-0.0052512017077884
2023-05-17,0.01355413220620872,1.0,0.01355413220620872
2023-05-18,0.017138749093966413,0.9643353617598606,0.017772602533924618
2023-05-19,-0.0010822104345063433,0.8885467868566015,-0.001217955486997891
2023-05-22,-0.0070406799084238,0.8884217561462433,-0.00792492964035972
2023-05-23,-0.01108547254152682,0.864518343726194,-0.012822715240195941
2023-05-24,0.0006478726101420605,0.8211028227266314,0.0007890273814802801
2023-05-25,0.017255831693825975,0.8455641864497738,0.02040747700807568
2023-05-26,0.013776094755386633,0.7949185062145587,0.01733019755822402
2023-05-30,0.0012171217680288313,0.7562031970693334,0.00160951682397772
2023-05-31,-0.002332676728909988,0.7593349937124768,-0.0030719995103943003
2023-06-01,0.010418889524200475,0.7854110582354212,0.013265524358173079
2023-06-02,0.008725339828325669,0.7834058556847416,0.01113770054820336
2023-06-05,-0.003247024635653097,0.8069065438474361,-0.004024040529118599
2023-06-06,-0.006176862074224782,0.8087097457134149,-0.007637922143223059
2023-06-07,-0.004346192434476656,0.7832497873786599,-0.00554892258448262
2023-06-08,0.011765464592785043,0.7738319278266366,0.0152041601925488
2023-06-09,0.002313155491354308,0.7444900305317171,0.00310703353502564
2023-06-12,0.004928064667316004,0.7471044132782877,0.0065962194570524605
2023-06-13,0.004061722929134639,0.7548659352017048,0.005380720919734339
2023-06-14,0.002338387939243439,0.7570024910606588,0.0030890095697928997
2023-06-15,0.007508110000698761,0.7750293108901996,0.00968751748508058
2023-06-16,-0.002216741617002311,0.7875412129427425,-0.002814762682348
2023-06-20,-0.0015301968894441732,0.8256835985760111,-0.00185324849867816
2023-06-21,-0.001238000487450475,0.8241572825818844,-0.0015021410519750799
2023-06-22,-0.0006041655228221891,0.8518880760321217,-0.00070920762928886
2023-06-23,-0.005604369675568124,0.9349536188665746,-0.00599427561162038
2023-06-26,-0.007730964548497695,0.9036391108124907,-0.00855536735406078
2023-06-27,0.01191303044126291,0.9683957083156928,0.01230182077322808
2023-06-28,0.00269759727287034,1.0,0.00269759727287034
2023-06-29,0.0042106005255478605,1.0,0.0042106005255478605
2023-06-30,0.01383204584390528,1.0,0.01383204584390528
2023-07-03,-0.002000149012020062,1.0,-0.002000149012020062
2023-07-05,0.00248945661718252,1.0,0.00248945661718252
2023-07-06,-0.009752093798952099,1.0,-0.009752093798952099
2023-07-07,-0.00564481150277958,1.0,-0.00564481150277958
2023-07-10,0.01095824092965718,1.0,0.01095824092965718
2023-07-11,0.00254280593165806,1.0,0.00254280593165806
2023-07-12,0.010097742033329278,1.0,0.010097742033329278
2023-07-13,0.0051982401304203,1.0,0.0051982401304203
2023-07-14,-0.0024830728164699197,1.0,-0.0024830728164699197
2023-07-17,0.00579034870249596,1.0,0.00579034870249596
2023-07-18,0.00591773617937642,1.0,0.00591773617937642
2023-07-19,0.00058775641261946,1.0,0.00058775641261946
2023-07-20,-0.01013227345685818,1.0,-0.01013227345685818
2023-07-21,-0.00464824296233308,1.0,-0.00464824296233308
2023-07-24,0.0008319374591558,1.0,0.0008319374591558
2023-07-25,0.0089279485216402,1.0,0.0089279485216402
2023-07-26,9.233415073786003e-05,1.0,9.233415073786003e-05
2023-07-27,0.0021568961662092197,1.0,0.0021568961662092197
2023-07-28,0.011471632495842,1.0,0.011471632495842
2023-07-31,0.0010281789137543199,1.0,0.0010281789137543199
2023-08-01,0.00753153468856496,1.0,0.00753153468856496
2023-08-02,-0.01522601742945338,1.0,-0.01522601742945338
2023-08-03,-0.00247183393485104,1.0,-0.00247183393485104
2023-08-04,-0.00268167278829104,1.0,-0.00268167278829104
2023-08-07,0.01578306636202368,1.0,0.01578306636202368
2023-08-08,0.007824796319288,1.0,0.007824796319288
2023-08-09,-0.0126706711266334,1.0,-0.0126706711266334
2023-08-10,-0.0007650735618376803,0.9548793220005769,-0.0008012253948852587
2023-08-11,-0.0030636616561340313,0.9607401166206998,-0.0031888557614416398
2023-08-14,0.013361853485363425,0.9586373047977139,0.013938382554581439
2023-08-15,-0.009937245730091172,0.9049650168038859,-0.01098080649038466
2023-08-16,-0.007428472829656433,0.8689122112930343,-0.008549163808622359
2023-08-17,-0.013101670805530588,0.8470171736869738,-0.015468010817892201
2023-08-18,0.0031417785110373726,0.8117795355052483,0.00387023615849338
2023-08-21,0.011960775581066974,0.8128181345890492,0.014715192823686439
2023-08-22,-0.0049181194156706475,0.7665770062653466,-0.00641568867246752
2023-08-23,0.012212480186984113,0.7722064431537453,0.01581504569828178
2023-08-24,-0.014281794996342025,0.7262337984788491,-0.01966556090649638
2023-08-25,0.003680742394015247,0.6655519839503823,0.00553036048689722
2023-08-28,0.006035939200528608,0.6804897513292864,0.00886999280847044
2023-08-29,0.011344017156618395,0.6686152099577521,0.016966435982416837
2023-08-30,0.000577375775955778,0.6389575470041279,0.00090362149827154
2023-08-31,0.00042946428541909895,0.6716244898877083,0.0006394410744177939
2023-09-01,-0.001325309679746324,0.6734202259593863,-0.0019680277316563
2023-09-05,-0.001592157817680197,0.6741368790487379,-0.00236177231532988
2023-09-06,-0.0029234919759042522,0.70658115068844,-0.00413751764118788
2023-09-07,-0.001831877054428539,0.7136529474994376,-0.00256690182650718
2023-09-08,0.00025784666157350496,0.7409261486292159,0.0003480058870247
2023-09-11,0.005604674406707998,0.7411469434388068,0.007562163557881219
2023-09-12,-0.004200215162970905,0.7347674282319206,-0.0057163872561389
2023-09-13,-0.0034036482455645782,0.763275156970015,-0.00445926768935608
2023-09-14,0.0055356652625754505,0.7848652487056226,0.00705301358635092
2023-09-15,-0.013106400151023415,0.7942993791928015,-0.01650057962319278
2023-09-18,0.0005844838948017926,0.7863494664405133,0.00074328771080308
2023-09-19,0.00046046244977638494,0.7884032517704992,0.0005840443310480201
2023-09-20,-0.010039477997529241,0.8390438666409065,-0.01196537916154738
2023-09-21,-0.01518314491060478,0.8128124788074444,-0.01867976354506938
2023-09-22,0.0003451096929471109,0.8068444919496885,0.00042772764317096
2023-09-25,0.004904756738059087,0.9004548147470919,0.0054469770806175
2023-09-26,-0.009888683580774823,0.9008154163517751,-0.01097748040416886
2023-09-27,0.000802639961214472,0.9059772252755462,0.0008859383424018799
2023-09-28,0.00600335942833778,1.0,0.00600335942833778
2023-09-29,-0.007212293998026781,1.0,-0.007212293998026781
2023-10-02,0.00465776753026244,1.0,0.00465776753026244
2023-10-03,-0.01688114563089068,1.0,-0.01688114563089068
2023-10-04,0.007553182240802364,0.9207334608886678,0.00820344058476188
2023-10-05,-0.0007116028216834273,0.8793896449993637,-0.0008092008198299199
2023-10-06,0.020159772055152524,0.87837830657655,0.022951126985051078
2023-10-09,0.002877083305648097,0.7323711201269025,0.00392844997103322
2023-10-10,0.005903347090354095,0.7421206918816876,0.0079546994915151
2023-10-11,0.008918059156849885,0.730102501839284,0.01221480426978868
2023-10-12,-0.0002518035617266733,0.7051814289150384,-0.00035707628051703994
2023-10-13,-0.01224099634604051,0.7140377260983903,-0.01714334677094326
2023-10-16,0.007023179005859666,0.7105425308895809,0.00988424858546726
2023-10-17,-0.003233231612007417,0.6942480725701953,-0.00465717045498964
2023-10-18,-0.012432382201378208,0.6912607320654892,-0.017985083810894642
2023-10-19,-0.0011037057327849926,0.6661133619964946,-0.00165693378297792
2023-10-20,-0.008333813990225357,0.6977514893307406,-0.0119438139762609
2023-10-23,0.0025088348513982407,0.671226798689407,0.0037376857662668197
2023-10-24,0.011360139859209393,0.692495815873933,0.016404633210487837
2023-10-25,-0.01662790554011103,0.6772712509796487,-0.024551323441028037
2023-10-26,-0.013261763505634148,0.601021415987209,-0.022065375963102762
2023-10-27,-0.0008591791528422262,0.5595567414888145,-0.00153546385761738
2023-10-30,0.00967192923121649,0.5554384900402555,0.01741314187735804
2023-10-31,-0.002300182198619906,0.5451041992441467,-0.00421971102370774
2023-11-01,0.012803966017051936,0.5650821140427456,0.02265859367844614
2023-11-02,0.007646400409090791,0.5316003163178209,0.01438373938912282
2023-11-03,0.00615050581851177,0.5196222363297295,0.0118364946464857
2023-11-06,0.005145042798603714,0.5449120396958435,0.00944196938917986
2023-11-07,0.005153042386832872,0.5401821615680189,0.00953945308352062
2023-11-08,0.004634655116529383,0.5384154522894514,0.00860795338770812
2023-11-09,-0.003299365900589714,0.5433735652342884,-0.00607200296754796
2023-11-10,0.014151013614729004,0.5400588979069643,0.026202722831847117
2023-11-13,0.0018662396045761327,0.5230266065117049,0.0035681542417562804
2023-11-14,0.008145776196723154,0.5264839611107444,0.0154720310558705
2023-11-15,-0.0035851870676703907,0.5199809009169114,-0.006894843755508
2023-11-16,0.0012828702927794426,0.5448990014287767,0.00235432674571918
2023-11-17,0.0009100412940912613,0.5471653162838103,0.00166319258002682
2023-11-20,0.00921089333448857,0.5682317563918394,0.01620974757372932
2023-11-21,-0.003646213134779466,0.5584481371717702,-0.00652918846366918
2023-11-22,0.0025777740820861184,0.5584120744751432,0.00461625777793038
2023-11-24,-0.000873067928857162,0.6458766719254576,-0.00135175640614858
2023-11-27,-0.0031362884270417805,0.7651418717820927,-0.00409896326773628
2023-11-28,0.0022174241988546827,0.7551644047254376,0.0029363462909257395
2023-11-29,-0.002681722995091613,0.7779572976026101,-0.0034471339279877403
2023-11-30,-0.003170051066446242,0.7812850014281056,-0.00405748358236972
2023-12-01,-0.0011389837064948065,0.8317033310352134,-0.0013694591135965802
2023-12-04,-0.012499331623838166,0.8505379955633375,-0.01469579453127132
2023-12-05,0.0015239576571179324,0.7876370778008822,0.0019348475332990798
2023-12-06,-0.008101279905917934,0.7989277317796052,-0.0101401911382803
2023-12-07,0.014208636117529032,0.7807328598649341,0.018199100931895078
2023-12-08,0.008258628315945265,0.7349876544688103,0.011236417735361739
2023-12-11,0.004799370499428798,0.732315340352541,0.00655369379141826
2023-12-12,0.014546726780439171,0.8613522566780273,0.01688824365137378
2023-12-13,0.005362301326742031,0.8029127090836057,0.0066785607776245395
2023-12-14,-0.01187471296157399,0.8436326361701378,-0.01407569177916344
2023-12-15,0.007828175324857845,0.799196915648883,0.00979505197226894
2023-12-18,0.013325055236718134,0.7841907914768309,0.01699210878467938
2023-12-19,0.004321688371369951,0.739921091735805,0.00584074223540724
2023-12-20,-0.012682507337579472,0.7759350615614096,-0.01634480508208836
2023-12-21,0.010282683678672789,0.7252534350995211,0.0141780558092245
2023-12-22,-0.001957813798707222,0.7011347700280189,-0.0027923501763134403
2023-12-26,0.0036256010690797094,0.6992587485620553,0.0051849205698682194
2023-12-27,0.0027266243258222723,0.7042816632755261,0.00387149697060276
2023-12-28,0.0007273360315614155,0.7040092816895624,0.00103313415103828
2023-12-29,-0.0028844062830130726,0.7096051586663135,-0.0040648045575573995
2024-01-02,-0.018090172040739008,0.7095887598728572,-0.025493881898552583
2024-01-03,-0.009193056691255764,0.6110609696892738,-0.015044418065075338
2024-01-04,-0.0016864690269520724,0.6098629366443272,-0.0027653246748057803
2024-01-05,0.004116939080698451,0.6080843164515466,0.006770342482639079
2024-01-08,0.018363460814932037,0.6203315476274223,0.029602655040142062
2024-01-09,0.0027317918714898563,0.5726005524956785,0.0047708509179450595
2024-01-10,0.00555500256400672,0.5788078194806782,0.009597317757370341
2024-01-11,0.0027577957762863385,0.5757765096708632,0.00478969831169876
2024-01-12,-0.0005081857751944236,0.5950140818405255,-0.00085407352649954
2024-01-16,0.002851847070751863,0.5967379521381798,0.00477906099408186
2024-01-17,-0.0026769533411281766,0.6229844955561691,-0.0042969822848293
2024-01-18,0.008891616846284214,0.6249046882857693,0.014228756821581201
2024-01-19,0.017144381664401583,0.6337158252878623,0.0270537376222439
2024-01-22,-0.0017870718576273078,0.5728249649414588,-0.0031197520481844603
2024-01-23,0.0005565248255955521,0.6045182236925297,0.00092060884814386
2024-01-24,0.0074205416096994456,0.6170624186814232,0.012025593173468761
2024-01-25,-0.0023079843832327514,0.6121900299689249,-0.00377004568883604
2024-01-26,-0.0056550998936122435,0.6074797009179783,-0.009309117465269499
2024-01-29,0.008593154011845797,0.5933188743118374,0.014483196783201261
2024-01-30,-0.0024019270246197887,0.5805976852908197,-0.00413699035575154
2024-01-31,-0.01115328657243496,0.5805051327774798,-0.01921307141432332
2024-02-01,0.010252471436735994,0.6117389490715823,0.01675955315955582
2024-02-02,0.019868127595361294,0.6348703920426948,0.03129477739769154
2024-02-05,0.003964490985027348,0.5759920059177498,0.006882892374019281
2024-02-06,-0.005762880999519729,0.5759879450053679,-0.01000521113244136
2024-02-07,0.011039861948167088,0.607416466262756,0.01817511141258964
2024-02-08,0.002015688412965055,0.5902087967054067,0.00341521242010758
2024-02-09,0.006031521629875883,0.5917915357669621,0.01019197008632276
2024-02-12,-0.002537334561850038,0.5893822248161379,-0.00430507479699032
2024-02-13,-0.004971037439142311,0.5843908877841232,-0.00850635686328264
2024-02-14,0.011976766856296936,0.568833276885677,0.02105496872804086
2024-02-15,0.0003425604164262499,0.5551327208576468,0.0006170784094603802
2024-02-16,-0.004014579003506209,0.5595982500118633,-0.00717403780912664
2024-02-20,-0.00871091710063566,0.5944861062091776,-0.01465285228645968
2024-02-21,-0.004926919673955989,0.569560839405221,-0.00865038347633074
2024-02-22,0.02461607597271745,0.5594714558302976,0.043998805866128324
2024-02-23,2.0170765138936745e-05,0.46301530821941506,4.3563927111840033e-05
2024-02-26,0.0021678912420940635,0.46505659210275996,0.004661564374976199
2024-02-27,-0.0011429952470812218,0.4740075319792392,-0.00241134406094476
2024-02-28,-0.001436861313115132,0.4768697121144036,-0.00301311086993594
2024-02-29,0.00855556309388947,0.47771443824557647,0.01790936678679858
2024-03-01,0.013290388600764338,0.4998005767520812,0.026591383081490203
2024-03-04,0.0033622715872913623,0.483029430622903,0.006960800676173
2024-03-05,-0.011752528224431041,0.5210039021490928,-0.02255746679814288
2024-03-06,0.0055596811639206595,0.47973332173650385,0.01158910776469754
2024-03-07,0.009341232451391644,0.4872981983148872,0.01916943769481256
2024-03-08,-0.010194685827242157,0.48582650710786657,-0.0209842107791345
2024-03-11,-0.006023357494029734,0.4556031321214409,-0.01322062354133292
2024-03-12,0.009552618124579403,0.4467795201973736,0.02138105641091012
2024-03-13,-0.003585128628908131,0.435530611999616,-0.008231634080663179
2024-03-14,-0.002575499505426736,0.43578201952675233,-0.005910063724574179
2024-03-15,-0.007616333287483651,0.4455395925851317,-0.0170946273108789
2024-03-18,0.0046233149318441105,0.43164307821182163,0.01071096738304534
2024-03-19,0.0011505727296543618,0.4317741558124824,0.0026647559011245
2024-03-20,0.004338193443908864,0.44345509735108074,0.00978271186828718
2024-03-21,0.002526986963814488,0.4480792592976122,0.0056395981545222
2024-03-22,0.0006842299645139168,0.5384579990202866,0.0012707211440053994
2024-03-25,-0.0016758018956855606,0.5387330595155947,-0.0031106349723411604
2024-03-26,-0.0023719105895434536,0.5373108671330881,-0.00441441023182572
2024-03-27,0.0005478864199100509,0.5358232603019724,0.0010225133182932
2024-03-28,-0.0005333694650475969,0.5374620642228822,-0.00099238532456946
2024-04-01,5.541365351272012e-05,0.5573612939593883,9.942142397271992e-05
2024-04-02,-0.003651848082842136,0.6219820833041698,-0.00587130751973166
2024-04-03,0.008522524847738812,0.6253560474604531,0.013628276055454261
2024-04-04,-0.010847174154018074,0.6647933226096286,-0.01631661117087906
2024-04-05,0.015725743245341654,0.6465256760867103,0.0243234628213475
2024-04-08,-0.002544632737071256,0.6198483872307378,-0.0041052502345610194
2024-04-09,-0.003976358178415491,0.6729316736673499,-0.00590900730938268
2024-04-10,-9.286889254950606e-05,0.6951435053459225,-0.0001335967204401801
2024-04-11,0.009859042717070473,0.7752483087513607,0.01271727084829086
2024-04-12,-0.015006453415211144,0.7589944280868708,-0.01977149351812314
2024-04-15,-0.012226419539847076,0.6937244895933666,-0.01762431588225134
2024-04-16,0.003977439348474304,0.6908829814257701,0.00575703766832712
2024-04-17,-0.008853315953734441,0.7035261027928561,-0.01258420393868624
2024-04-18,-0.0028369558839317814,0.682449254701288,-0.00415702100103184
2024-04-19,-0.02093616342553827,0.699342901577983,-0.02993690702843818
2024-04-22,0.007690363646845256,0.6105638092510324,0.012595511771781701
2024-04-23,0.014175072923268322,0.5882176757316055,0.02409834574528526
2024-04-24,-0.005336799768246951,0.5330515538648891,-0.01001178915913948
2024-04-25,-0.0035531239917823234,0.5286598390605355,-0.00672100229534452
2024-04-26,0.007881163694896012,0.5276122813033406,0.014937415170525358
2024-04-29,0.00038572796023779725,0.5099631947830476,0.00075638391982758
2024-04-30,-0.004382096699663822,0.5098299715477429,-0.00859521202011848
2024-05-01,-0.006014898561310787,0.5078636347251672,-0.01184353072368684
2024-05-02,0.005110711939879444,0.5169584856700672,0.00988611674156984
2024-05-03,0.005584569633525574,0.5211571941929395,0.01071571052986
2024-05-06,0.0137030406068047,0.5589174522504051,0.024517109908862696
2024-05-07,0.0014036673785676052,0.5125315701163968,0.0027386944734913202
2024-05-08,0.0014789569049739962,0.5138621798416956,0.00287811978190264
2024-05-09,0.00048721361782741587,0.51332480741246,0.0009491332014194599
2024-05-10,0.00027064675840506264,0.5240772512374137,0.0005164253128065202
2024-05-13,-0.0025753659925263307,0.5518651835434826,-0.0046666578529018805
2024-05-14,0.0048839311295226975,0.5774348968059395,0.008457977092375241
2024-05-15,0.009734842990899556,0.5746066587477247,0.01694175109650712
2024-05-16,-0.005264560033869671,0.5735052356100685,-0.00917961983079278
2024-05-17,0.0007706007671893272,0.5656037037621627,0.0013624393936312801
2024-05-20,0.0037708790550384894,0.6875042672023455,0.005484880945369679
2024-05-21,0.0030047177721981787,0.6988485570976138,0.00429952633039276
2024-05-22,-0.002090990299884593,0.779642067658158,-0.00268198752559028
2024-05-23,0.0022271742330391524,0.8108600792640465,0.0027466813202354
2024-05-24,0.009643493595868228,0.8364869655349068,0.01152856409388462
2024-05-28,0.007311689880576272,0.8551135446525707,0.00855054855147568
2024-05-29,-0.008718963387505382,0.8501389306327644,-0.01025592767645142
2024-05-30,-0.005163310894331875,0.8380753551398388,-0.00616091484216278
2024-05-31,-0.002458960916569453,0.8805026520826675,-0.0027926786032424003
2024-06-03,0.002593018882918669,0.8799631442296494,0.00294673578083624
2024-06-04,0.0008664765968436352,0.898723049550537,0.0009641196999197599
2024-06-05,0.014823314119666458,1.0,0.014823314119666458
2024-06-06,-0.0012388738071460802,1.0,-0.0012388738071460802
2024-06-07,0.0012939511644693802,1.0,0.0012939511644693802
2024-06-10,0.00806272900981368,1.0,0.00806272900981368
2024-06-11,-0.00610388613152566,1.0,-0.00610388613152566
2024-06-12,0.00681051097096942,1.0,0.00681051097096942
2024-06-13,0.00686993215711156,1.0,0.00686993215711156
2024-06-14,0.00330376878856168,1.0,0.00330376878856168
2024-06-17,0.014997934713395899,1.0,0.014997934713395899
2024-06-18,0.00638831678512722,1.0,0.00638831678512722
2024-06-20,-0.0073696029887322205,1.0,-0.0073696029887322205
2024-06-21,-0.00945471972743054,1.0,-0.00945471972743054
2024-06-24,-0.01062708263205232,0.9899466522592182,-0.010735005374077079
2024-06-25,0.005781862992457836,0.9251940512262398,0.006249351673624179
2024-06-26,0.0016455343771742065,0.9550758687570553,0.0017229357698208
2024-06-27,-0.001759693434687381,0.9774803478679065,-0.0018002340799236
2024-06-28,0.0009795525763454003,1.0,0.0009795525763454003
2024-07-01,0.0046289483015077,1.0,0.0046289483015077
2024-07-02,0.008210806527222139,1.0,0.008210806527222139
2024-07-03,0.010082960346502579,1.0,0.010082960346502579
2024-07-05,0.01101484650872322,1.0,0.01101484650872322
2024-07-08,0.00596314804975436,1.0,0.00596314804975436
2024-07-09,0.0055588708139669395,1.0,0.0055588708139669395
2024-07-10,0.0095566115966292,1.0,0.0095566115966292
2024-07-11,-0.024790459826138738,1.0,-0.024790459826138738
2024-07-12,-0.0020476489889468337,0.8127808694006777,-0.00251931248142776
2024-07-15,0.006820387465790081,0.8126398150950435,0.00839287878725508
2024-07-16,0.0011251349086785262,0.8084194591332451,0.0013917711850786603
2024-07-17,-0.030767649159426248,0.8087699833307888,-0.0380425211043499
2024-07-18,-0.003647977671506155,0.6071239044008265,-0.006008621378705821
2024-07-19,-0.004768384373210269,0.6102870856982521,-0.00781334634953742
2024-07-22,0.012071222476732622,0.6097089520642351,0.01979833564172578
2024-07-23,0.00472045612120687,0.5770466615816172,0.00818037159814538
2024-07-24,-0.022680425262493434,0.5833145124514618,-0.03888198352407818
2024-07-25,-0.006717869152342713,0.4829210410866475,-0.013910905884793219
2024-07-26,0.005210720850383307,0.4758087900606864,0.01095129169370476
2024-07-29,-0.0022494761514046196,0.4680847522467608,-0.00480570268654844
2024-07-30,-0.007980382529339943,0.46786325094119885,-0.01705708348173496
2024-07-31,0.01710746833115337,0.4598509263630386,0.0372022047807022
2024-08-01,-0.006514215142458413,0.40659010868203443,-0.01602157800536344
2024-08-02,-0.012512858057177556,0.40493588715185924,-0.03090083752563274
2024-08-05,-0.009923453283394782,0.3632647888242046,-0.02731741029873682
2024-08-06,0.006196568301485916,0.3,0.02065522767161972
2024-08-07,-0.00406105020565172,0.3336782595554961,-0.01217055678443534
2024-08-08,0.0129341404536422,0.33637294881522417,0.03845178543399208
2024-08-09,0.004064317170131734,0.31462337888349995,0.012918039290515299
2024-08-12,0.000574273039649271,0.3333612551678909,0.001722674818224
2024-08-13,0.006401854443097899,0.3329222167453821,0.019229279756940998
2024-08-14,0.0028120643137073786,0.3298109507998095,0.0085262915221219
2024-08-15,0.007779338446882358,0.3532150283315691,0.02202436992454284
2024-08-16,0.00025980649260959473,0.34532942608215106,0.0007523439156551601
2024-08-19,0.0034100347148294605,0.347058988384347,0.00982551908741534
2024-08-20,5.84075778704211e-05,0.3521988053204557,0.00016583695625337996
2024-08-21,0.000699644166821824,0.3531393505457731,0.00198121270184286
2024-08-22,-0.003131578502900185,0.3930602900941162,-0.007967170894191182
2024-08-23,0.004129433780541424,0.39786737363019065,0.01037892034942188
2024-08-26,-0.0013166307417117149,0.3981090168627505,-0.0033072115574956395
2024-08-27,0.0027206717053570497,0.3987614565892289,0.006822805114185499
2024-08-28,-0.0028427518411660493,0.4121982372513241,-0.00689656476971486
2024-08-29,-0.0009734049285307394,0.44979864927860497,-0.0021640903770874
2024-08-30,0.006733665633383254,0.46427041162066646,0.0145037578636069
2024-09-03,-0.015752647675712175,0.5273134550543477,-0.029873403617377118
2024-09-04,0.0008584640973139583,0.5085449553136201,0.0016880790741195
2024-09-05,-0.004292620744865945,0.5179241782751149,-0.008288125800888481
2024-09-06,-0.013146624872556575,0.5400383703361903,-0.02434387183335214
2024-09-09,0.010477371477091532,0.5540678971186445,0.01890990532311598
2024-09-10,-0.003590904437552527,0.5667374442643709,-0.0063360987947665
2024-09-11,0.01047177195488553,0.5616853152747597,0.01864348536468868
2024-09-12,0.0058063226997167065,0.5633823721256292,0.01030618455066242
2024-09-13,0.004263228969020641,0.5610171462860641,0.0075991063682157205
2024-09-16,0.0017517696987494422,0.5965826730967556,0.00293634022197848
2024-09-17,-0.0019297063428869363,0.5960836946598264,-0.00323730771395816
2024-09-18,-0.002271600445121297,0.603591335622315,-0.00376347424334584
2024-09-19,0.011856073527900603,0.6021823221743374,0.01968851142140994
2024-09-20,0.0003368530780404198,0.5679080879654806,0.0005931471750071199
2024-09-23,0.001086208680432249,0.5747687955838541,0.00188981846053224
2024-09-24,0.0018214610243288863,0.5825763572298653,0.0031265618690567596
2024-09-25,0.0011368454713954416,0.5837748287958814,0.0019474040594390598
2024-09-26,-0.0002470926359498207,0.5868513997239904,-0.00042104804736946017
2024-09-27,-0.004078964749142724,0.592559570535441,-0.00688363660291056
2024-09-30,0.002265070975395575,0.5875797792701429,0.00385491648165482
2024-10-01,-0.006650740434329638,0.605283857972107,-0.010987804063719341
2024-10-02,0.003068487096759769,0.7091803150310894,0.00432680805110228
2024-10-03,-0.0003105320369278861,0.7078013833421182,-0.00043872764907805983
2024-10-04,0.010897980285362057,0.7167134781208785,0.015205490922167421
2024-10-07,-0.005902763251199438,0.8551123164292409,-0.006902909872527701
2024-10-08,0.010069784435744258,0.8525368560868846,0.01181155320599772
2024-10-09,0.010518873237702508,0.877752696902069,0.011983868890209859
2024-10-10,-0.004197765625935575,0.9466359895060836,-0.00443440316285228
2024-10-11,0.007285738829366874,0.9473501509214164,0.00769065041292344
2024-10-14,0.006397085621931955,0.9560299372581567,0.0066913026178641
2024-10-15,-0.0087224135864575,0.9577765157733051,-0.0091069403381801
2024-10-16,0.0031429136423814373,0.9075481288453734,0.00346308205866724
2024-10-17,0.00044080111758470174,0.9331954270270771,0.00047235670559272005
2024-10-18,0.008093771673258199,1.0,0.008093771673258199
2024-10-21,-0.0027005867750690203,1.0,-0.0027005867750690203
2024-10-22,-0.00432962638526392,1.0,-0.00432962638526392
2024-10-23,-0.00844983551408896,1.0,-0.00844983551408896
2024-10-24,-0.0035290385058286662,0.981163641698886,-0.0035967889104799398
2024-10-25,-0.0028705853082005655,0.9733118035810527,-0.00294929671831676
2024-10-28,0.0016263601291696035,0.9867445947139718,0.0016482077914407398
2024-10-29,0.0034260257753667427,0.9969494311191459,0.003436509083034219
2024-10-30,-0.00929904437661012,1.0,-0.00929904437661012
2024-10-31,-0.016289954736900758,1.0,-0.016289954736900758
2024-11-01,0.0023980325824495856,0.8459719044173757,0.0028346480183654805
2024-11-04,-0.0034801169318315296,0.9545878356571733,-0.0036456749204599797
2024-11-05,0.017364166545964066,0.9665672968647369,0.01796477762312916
2024-11-06,0.03882800524476207,0.9201413343875782,0.0421978709070873
2024-11-07,0.0010826771864297304,0.617178554315764,0.0017542365638903998
2024-11-08,0.0029885985137641097,0.6212101128309643,0.00481093023444924
2024-11-11,-2.127731845105822e-05,0.6241098997955725,-3.4092262369219935e-05
2024-11-12,-0.002019885985976688,0.6269095677255964,-0.00322197345512648
2024-11-13,-0.0018619032951049843,0.6373481995630564,-0.0029213282415819796
2024-11-14,-0.0030911932182605692,0.6355630907562478,-0.00486370788867302
2024-11-15,-0.008444278329738965,0.6313765812163369,-0.013374392685695118
2024-11-18,0.0031907663733906568,0.6163737075093505,0.00517667501795938
2024-11-19,0.005312573806628633,0.6145257826164657,0.008644997422255081
2024-11-20,0.00039437985678449127,0.6104322761132465,0.0006460665207541
2024-11-21,0.008469025873254779,0.6204303721333222,0.013650243852721799
2024-11-22,0.004388380716447104,0.6088157318856532,0.007208060643990261
2024-11-25,-0.0016274227917529402,0.609731585645878,-0.00266908067429218
2024-11-26,0.004327174626406604,0.6068508725645353,0.007130540338716301
2024-11-27,-0.0047922560367652505,0.6048903554271171,-0.007922520162156341
2024-11-29,0.005370404832256907,0.6081234818026492,0.00883110912990486
2024-12-02,0.0006895567011457896,0.6495211792197918,0.0010616385165054796
2024-12-03,0.0028410373464505326,0.6485757489536412,0.0043804248787192995
2024-12-04,0.004886106000042562,0.656492265615716,0.007442747243122419
2024-12-05,-0.0035613713689705787,0.6812547531642777,-0.00522766461801374
2024-12-06,0.00924307747034716,1.0,0.00924307747034716
2024-12-09,-0.0148921456808186,1.0,-0.0148921456808186
2024-12-10,-0.0039741209278513654,0.9699911753426035,-0.0040970691578175395
2024-12-11,0.00981327251634204,0.9603073361380565,0.01021888737808336
2024-12-12,-0.009203777179477967,0.9345124124389662,-0.0098487479213435
2024-12-13,0.010359845566345055,0.8973080057745326,0.01154547323736704
2024-12-16,0.005954910864150017,0.8773184870366858,0.00678762724385746
2024-12-17,-0.007374396683644275,0.9581762533674509,-0.007696284120721439
2024-12-18,-0.02821161041578985,0.9208097012124374,-0.03063782926987346
2024-12-19,0.00263245471029529,0.6351380524927857,0.00414469688906758
2024-12-20,0.006281460853231102,0.6369540843261324,0.00986171689263378
2024-12-23,0.00456863677453705,0.7073940039905903,0.00645840472037394
2024-12-24,0.010776039274975802,0.709014843206158,0.015198608855982
2024-12-26,0.00016448638437004256,0.6782233670441615,0.00024252538671279997
2024-12-27,-0.008130905489328261,0.683752130831823,-0.01189159802608082
2024-12-30,-0.0071216549724621644,0.671733096179433,-0.01060191170119126
