,meta_return,regime,strategy
2020-01-02,0.0093516361069174,UNKNOWN,SPY
2020-01-03,-0.00771469551799453,BULL,MOM+QD
2020-01-06,0.00248611751620095,BULL,MOM+QD
2020-01-07,-0.0024940728043252197,BULL,MOM+QD
2020-01-08,0.006616296203662869,BULL,MOM+QD
2020-01-09,0.012809677819370889,BULL,MOM+QD
2020-01-10,-0.00200788700594282,BULL,MOM+QD
2020-01-13,0.015220798381686369,BULL,MOM+QD
2020-01-14,-0.007574144296077549,BULL,MOM+QD
2020-01-15,0.0014143193643774297,BULL,MOM+QD
2020-01-16,0.011828515099779769,BULL,MOM+QD
2020-01-17,0.00964946682183528,BULL,MOM+QD
2020-01-21,-0.00077296565796548,BULL,MOM+QD
2020-01-22,-0.00133717375035102,BULL,MOM+QD
2020-01-23,0.00413387338333575,BULL,MOM+QD
2020-01-24,-0.01016310677694669,BULL,MOM+QD
2020-01-27,-0.01849009228673356,BULL,MOM+QD
2020-01-28,0.01859122516274014,BULL,MOM+QD
2020-01-29,0.0049556484022956,BULL,MOM+QD
2020-01-30,0.00249993731054498,BULL,MOM+QD
2020-01-31,-0.02665638564430911,BULL,MOM+QD
2020-02-03,0.01146068738299815,BULL,MOM+QD
2020-02-04,0.020937248236084907,BULL,MOM+QD
2020-02-05,0.00418536385813428,BULL,MOM+QD
2020-02-06,0.0061769612680666695,BULL,MOM+QD
2020-02-07,-0.0059755008671286995,BULL,MOM+QD
2020-02-10,0.01467490283187858,BULL,MOM+QD
2020-02-11,-0.0004688257832941099,BULL,MOM+QD
2020-02-12,0.008880717549833259,BULL,MOM+QD
2020-02-13,0.0004840715343446901,BULL,MOM+QD
2020-02-14,0.01141798723692979,BULL,MOM+QD
2020-02-18,0.00261163249144055,BULL,MOM+QD
2020-02-19,0.01425118309634186,BULL,MOM+QD
2020-02-20,-0.010054676840550978,BULL,MOM+QD
2020-02-21,-0.018170982572926177,BULL,MOM+QD
2020-02-24,-0.043144552172797626,BULL,MOM+QD
2020-02-25,-0.03514525864675052,BULL,MOM+QD
2020-02-26,0.0,BEAR,CASH
2020-02-27,0.0,BEAR,CASH
2020-02-28,0.0,BEAR,CASH
2020-03-02,0.0,BEAR,CASH
2020-03-03,0.0,BEAR,CASH
2020-03-04,0.0,BEAR,CASH
2020-03-05,0.0,BEAR,CASH
2020-03-06,0.0,BEAR,CASH
2020-03-09,0.0,BEAR,CASH
2020-03-10,0.0,BEAR,CASH
2020-03-11,0.0,BEAR,CASH
2020-03-12,0.0,BEAR,CASH
2020-03-13,0.0,BEAR,CASH
2020-03-16,0.0,BEAR,CASH
2020-03-17,0.0,BEAR,CASH
2020-03-18,0.0,BEAR,CASH
2020-03-19,0.0,BEAR,CASH
2020-03-20,0.0,BEAR,CASH
2020-03-23,0.0,BEAR,CASH
2020-03-24,0.0,BEAR,CASH
2020-03-25,0.0,BEAR,CASH
2020-03-26,0.0,BEAR,CASH
2020-03-27,0.0,BEAR,CASH
2020-03-30,0.0,BEAR,CASH
2020-03-31,0.0,BEAR,CASH
2020-04-01,0.0,BEAR,CASH
2020-04-02,0.0,BEAR,CASH
2020-04-03,0.0,BEAR,CASH
2020-04-06,0.0,BEAR,CASH
2020-04-07,0.0,BEAR,CASH
2020-04-08,0.0,BEAR,CASH
2020-04-09,0.0,BEAR,CASH
2020-04-13,0.0,BEAR,CASH
2020-04-14,0.0,BEAR,CASH
2020-04-15,0.0,BEAR,CASH
2020-04-16,0.0,BEAR,CASH
2020-04-17,0.0,BEAR,CASH
2020-04-20,0.0,BEAR,CASH
2020-04-21,0.0,BEAR,CASH
2020-04-22,0.0,BEAR,CASH
2020-04-23,0.0,BEAR,CASH
2020-04-24,0.0,BEAR,CASH
2020-04-27,0.0,BEAR,CASH
2020-04-28,0.0,BEAR,CASH
2020-04-29,0.0,BEAR,CASH
2020-04-30,0.0,BEAR,CASH
2020-05-01,0.0,BEAR,CASH
2020-05-04,0.0,BEAR,CASH
2020-05-05,0.0,BEAR,CASH
2020-05-06,0.0,BEAR,CASH
2020-05-07,0.0,BEAR,CASH
2020-05-08,0.0,BEAR,CASH
2020-05-11,0.0,BEAR,CASH
2020-05-12,0.0,BEAR,CASH
2020-05-13,0.0,BEAR,CASH
2020-05-14,0.0,BEAR,CASH
2020-05-15,0.0,BEAR,CASH
2020-05-18,0.0,BEAR,CASH
2020-05-19,0.0,BEAR,CASH
2020-05-20,0.0,BEAR,CASH
2020-05-21,0.0,BEAR,CASH
2020-05-22,0.0,BEAR,CASH
2020-05-26,0.0,BEAR,CASH
2020-05-27,0.0,BEAR,CASH
2020-05-28,0.0,BEAR,CASH
2020-05-29,0.0,BEAR,CASH
2020-06-01,0.0,BEAR,CASH
2020-06-02,0.0,BEAR,CASH
2020-06-03,0.0,BEAR,CASH
2020-06-04,0.0,BEAR,CASH
2020-06-05,0.0,BEAR,CASH
2020-06-08,0.0,BEAR,CASH
2020-06-09,0.0,BEAR,CASH
2020-06-10,0.0,BEAR,CASH
2020-06-11,0.0,BEAR,CASH
2020-06-12,0.0,BEAR,CASH
2020-06-15,0.0,BEAR,CASH
2020-06-16,0.0,BEAR,CASH
2020-06-17,0.0,BEAR,CASH
2020-06-18,0.0,BEAR,CASH
2020-06-19,0.0,BEAR,CASH
2020-06-22,0.0,BEAR,CASH
2020-06-23,0.0,BEAR,CASH
2020-06-24,0.0,BEAR,CASH
2020-06-25,0.0,BEAR,CASH
2020-06-26,0.0,BEAR,CASH
2020-06-29,0.0,BEAR,CASH
2020-06-30,0.0,BEAR,CASH
2020-07-01,0.0,BEAR,CASH
2020-07-02,0.0,BEAR,CASH
2020-07-06,0.0,BEAR,CASH
2020-07-07,0.0,BEAR,CASH
2020-07-08,0.0,BEAR,CASH
2020-07-09,0.0,BEAR,CASH
2020-07-10,0.0,BEAR,CASH
2020-07-13,0.0,BEAR,CASH
2020-07-14,0.0,BEAR,CASH
2020-07-15,0.0,BEAR,CASH
2020-07-16,0.0,BEAR,CASH
2020-07-17,0.0,BEAR,CASH
2020-07-20,0.0,BEAR,CASH
2020-07-21,0.0,BEAR,CASH
2020-07-22,0.0,BEAR,CASH
2020-07-23,0.0,BEAR,CASH
2020-07-24,-0.009153988245048499,RANGE,MR+QD
2020-07-27,0.008007021685165054,RANGE,MR+QD
2020-07-28,-0.0089409609272694,RANGE,MR+QD
2020-07-29,0.01051976549692665,RANGE,MR+QD
2020-07-30,0.0,BEAR,CASH
2020-07-31,0.0,BEAR,CASH
2020-08-03,0.0184061499202941,RANGE,MR+QD
2020-08-04,0.0025025752186158003,RANGE,MR+QD
2020-08-05,0.00274866814963705,RANGE,MR+QD
2020-08-06,0.00774054295022805,RANGE,MR+QD
2020-08-07,-0.01167198353015985,RANGE,MR+QD
2020-08-10,-0.00748318766938805,RANGE,MR+QD
2020-08-11,-0.016349884289974498,RANGE,MR+QD
2020-08-12,0.02691293089145485,RANGE,MR+QD
2020-08-13,0.00271334659249545,RANGE,MR+QD
2020-08-14,-0.00171122003834655,RANGE,MR+QD
2020-08-17,0.012005114977305501,RANGE,MR+QD
2020-08-18,0.01007349096885755,RANGE,MR+QD
2020-08-19,-0.00212285027287425,RANGE,MR+QD
2020-08-20,0.0115606768164919,RANGE,MR+QD
2020-08-21,0.00385261104843795,RANGE,MR+QD
2020-08-24,0.0003870089159489498,RANGE,MR+QD
2020-08-25,0.00756209184813395,RANGE,MR+QD
2020-08-26,0.0364350494846665,RANGE,MR+QD
2020-08-27,-0.0062636270673080505,RANGE,MR+QD
2020-08-28,0.005818250800105449,RANGE,MR+QD
2020-08-31,0.009173175946842029,RANGE,MR+QD
2020-09-01,0.0069159419236817996,RANGE,MR+QD
2020-09-02,0.00992904512483475,RANGE,MR+QD
2020-09-03,-0.0423519320146124,RANGE,MR+QD
2020-09-04,0.0,BEAR,CASH
2020-09-08,0.0,BEAR,CASH
2020-09-09,0.0,BEAR,CASH
2020-09-10,0.0,BEAR,CASH
2020-09-11,0.0,BEAR,CASH
2020-09-14,0.0,BEAR,CASH
2020-09-15,0.0,BEAR,CASH
2020-09-16,0.0,BEAR,CASH
2020-09-17,0.0,BEAR,CASH
2020-09-18,0.0,BEAR,CASH
2020-09-21,0.0,BEAR,CASH
2020-09-22,0.0,BEAR,CASH
2020-09-23,0.0,BEAR,CASH
2020-09-24,0.0,BEAR,CASH
2020-09-25,0.0,BEAR,CASH
2020-09-28,0.0,BEAR,CASH
2020-09-29,0.0,BEAR,CASH
2020-09-30,0.0,BEAR,CASH
2020-10-01,0.0,BEAR,CASH
2020-10-02,0.0,BEAR,CASH
2020-10-05,0.0,BEAR,CASH
2020-10-06,0.0,BEAR,CASH
2020-10-07,0.0,BEAR,CASH
2020-10-08,0.0,BEAR,CASH
2020-10-09,0.0,BEAR,CASH
2020-10-12,0.0,BEAR,CASH
2020-10-13,0.0,BEAR,CASH
2020-10-14,0.0,BEAR,CASH
2020-10-15,0.0,BEAR,CASH
2020-10-16,0.0,BEAR,CASH
2020-10-19,0.0,BEAR,CASH
2020-10-20,0.0,BEAR,CASH
2020-10-21,0.0,BEAR,CASH
2020-10-22,0.0,BEAR,CASH
2020-10-23,0.0,BEAR,CASH
2020-10-26,0.0,BEAR,CASH
2020-10-27,0.0,BEAR,CASH
2020-10-28,0.0,BEAR,CASH
2020-10-29,0.0,BEAR,CASH
2020-10-30,0.0,BEAR,CASH
2020-11-02,0.0,BEAR,CASH
2020-11-03,0.0,BEAR,CASH
2020-11-04,0.0,BEAR,CASH
2020-11-05,0.0,BEAR,CASH
2020-11-06,0.0,BEAR,CASH
2020-11-09,0.0,BEAR,CASH
2020-11-10,0.0,BEAR,CASH
2020-11-11,0.0,BEAR,CASH
2020-11-12,0.0,BEAR,CASH
2020-11-13,0.0056716659239048,RANGE,MR+QD
2020-11-16,0.00521787627971987,RANGE,MR+QD
2020-11-17,0.00157668912333965,RANGE,MR+QD
2020-11-18,-0.0100062758515559,RANGE,MR+QD
2020-11-19,0.00581754302824775,RANGE,MR+QD
2020-11-20,-0.005732113172115451,RANGE,MR+QD
2020-11-23,0.0007170530212977501,RANGE,MR+QD
2020-11-24,0.005930585923934049,RANGE,MR+QD
2020-11-25,0.00642258642364155,RANGE,MR+QD
2020-11-27,0.0029566636687144497,RANGE,MR+QD
2020-11-30,0.00824043078550445,RANGE,MR+QD
2020-12-01,0.0100116188065262,RANGE,MR+QD
2020-12-02,-0.0031495415016424503,RANGE,MR+QD
2020-12-03,-0.00451744108069105,RANGE,MR+QD
2020-12-04,0.00422514329769545,RANGE,MR+QD
2020-12-07,0.0094260127384073,RANGE,MR+QD
2020-12-08,-0.00292809995075905,RANGE,MR+QD
2020-12-09,-0.019267855871682348,RANGE,MR+QD
2020-12-10,0.00555690714222315,RANGE,MR+QD
2020-12-11,-0.00323270937727865,RANGE,MR+QD
2020-12-14,0.0094487416264004,RANGE,MR+QD
2020-12-15,0.00739099383529425,RANGE,MR+QD
2020-12-16,0.00034218070660585,RANGE,MR+QD
2020-12-17,0.00916341944831755,RANGE,MR+QD
2020-12-18,0.0017960825827486,RANGE,MR+QD
2020-12-21,-0.00596674116775465,RANGE,MR+QD
2020-12-22,-0.0005295188383758502,RANGE,MR+QD
2020-12-23,-0.01102689724698845,RANGE,MR+QD
2020-12-24,0.0026101779037395498,RANGE,MR+QD
2020-12-28,0.00803188321371,RANGE,MR+QD
2020-12-29,0.00293536208075875,RANGE,MR+QD
2020-12-30,-0.00161967156230305,RANGE,MR+QD
2020-12-31,0.005113492206566849,RANGE,MR+QD
2021-01-04,-0.00340116559400275,RANGE,MR+QD
2021-01-05,0.0106179660136024,RANGE,MR+QD
2021-01-06,-0.0100536973939766,RANGE,MR+QD
2021-01-07,0.02275954316285355,RANGE,MR+QD
2021-01-08,0.0,BEAR,CASH
2021-01-11,0.0,BEAR,CASH
2021-01-12,0.0,BEAR,CASH
2021-01-13,0.0011543496734792498,RANGE,MR+QD
2021-01-14,-0.0091940126513862,RANGE,MR+QD
2021-01-15,-0.00808190123031535,RANGE,MR+QD
2021-01-19,0.00908567163492175,RANGE,MR+QD
2021-01-20,0.022192094686602902,RANGE,MR+QD
2021-01-21,0.00612121769500995,RANGE,MR+QD
2021-01-22,0.0025406465906769,RANGE,MR+QD
2021-01-25,0.0039706244632357005,RANGE,MR+QD
2021-01-26,-0.00266280778891785,RANGE,MR+QD
2021-01-27,-0.03748578580701535,RANGE,MR+QD
2021-01-28,0.00488061524168255,RANGE,MR+QD
2021-01-29,0.0,BEAR,CASH
2021-02-01,0.0,BEAR,CASH
2021-02-02,0.0,BEAR,CASH
2021-02-03,0.0,BEAR,CASH
2021-02-04,0.0,BEAR,CASH
2021-02-05,0.0,BEAR,CASH
2021-02-08,0.0,BEAR,CASH
2021-02-09,-0.0033640619161039,RANGE,MR+QD
2021-02-10,-0.0021000038729301,RANGE,MR+QD
2021-02-11,0.00198741908058255,RANGE,MR+QD
2021-02-12,0.00406035987401125,RANGE,MR+QD
2021-02-16,-0.0012589854893751504,RANGE,MR+QD
2021-02-17,-0.0047526415177886,RANGE,MR+QD
2021-02-18,-0.0059620476343432,RANGE,MR+QD
2021-02-19,-0.007407469495741,RANGE,MR+QD
2021-02-22,-0.0229720799266757,RANGE,MR+QD
2021-02-23,-0.0024587827752884,RANGE,MR+QD
2021-02-24,0.0146833850779216,RANGE,MR+QD
2021-02-25,-0.02820813745598605,RANGE,MR+QD
2021-02-26,0.0019845536606828,RANGE,MR+QD
2021-03-01,0.0,BEAR,CASH
2021-03-02,0.0,BEAR,CASH
2021-03-03,0.0,BEAR,CASH
2021-03-04,0.0,BEAR,CASH
2021-03-05,0.0,BEAR,CASH
2021-03-08,0.0,BEAR,CASH
2021-03-09,0.0,BEAR,CASH
2021-03-10,0.0,BEAR,CASH
2021-03-11,0.0,BEAR,CASH
2021-03-12,-0.00616242173360605,RANGE,MR+QD
2021-03-15,0.01449381035511945,RANGE,MR+QD
2021-03-16,-0.0020430577086424997,RANGE,MR+QD
2021-03-17,0.004301454321594,RANGE,MR+QD
2021-03-18,-0.029769224247339892,BULL,MOM+QD
2021-03-19,0.00930238335411157,BULL,MOM+QD
2021-03-22,0.0172643687068344,RANGE,MR+QD
2021-03-23,-0.01014733523717315,RANGE,MR+QD
2021-03-24,-0.0177389192044188,RANGE,MR+QD
2021-03-25,0.003244801775116126,RANGE,MR+QD
2021-03-26,0.0202599193537319,RANGE,MR+QD
2021-03-29,-0.0035471751028247596,BULL,MOM+QD
2021-03-30,-0.0064679514295637106,BULL,MOM+QD
2021-03-31,0.01952690910535416,BULL,MOM+QD
2021-04-01,0.01400815328600507,BULL,MOM+QD
2021-04-05,0.01624958476675061,BULL,MOM+QD
2021-04-06,-0.00366266249007583,BULL,MOM+QD
2021-04-07,0.00012208350090927,BULL,MOM+QD
2021-04-08,0.01024275911016981,BULL,MOM+QD
2021-04-09,0.00480880473923165,BULL,MOM+QD
2021-04-12,0.0006284023751728099,BULL,MOM+QD
2021-04-13,0.011427603892640859,BULL,MOM+QD
2021-04-14,-0.007580791109838109,BULL,MOM+QD
2021-04-15,0.018297333133489038,BULL,MOM+QD
2021-04-16,0.001643328532207896,BULL,MOM+QD
2021-04-19,-0.01530766333748905,BULL,MOM+QD
2021-04-20,-0.01249641154534754,BULL,MOM+QD
2021-04-21,0.01441687134126789,BULL,MOM+QD
2021-04-22,-0.01671575397682712,BULL,MOM+QD
2021-04-23,0.01866279600593653,BULL,MOM+QD
2021-04-26,0.00877947773286545,BULL,MOM+QD
2021-04-27,-0.006104422764241309,BULL,MOM+QD
2021-04-28,-0.009018225864698219,BULL,MOM+QD
2021-04-29,0.006210623884727049,BULL,MOM+QD
2021-04-30,-0.01036138124448666,BULL,MOM+QD
2021-05-03,0.00078465756732248,BULL,MOM+QD
2021-05-04,-0.008320302900858811,BULL,MOM+QD
2021-05-05,0.0032531547369848103,BULL,MOM+QD
2021-05-06,0.009933901022960509,BULL,MOM+QD
2021-05-07,0.01176437840193754,BULL,MOM+QD
2021-05-10,-0.01685885053278273,BULL,MOM+QD
2021-05-11,-0.013313528864694418,BULL,MOM+QD
2021-05-12,-0.029605972948933107,BULL,MOM+QD
2021-05-13,0.010731741794216779,BULL,MOM+QD
2021-05-14,0.0,BEAR,CASH
2021-05-17,0.0,BEAR,CASH
2021-05-18,0.0,BEAR,CASH
2021-05-19,-0.00410360456720145,RANGE,MR+QD
2021-05-20,0.0096887652448917,RANGE,MR+QD
2021-05-21,0.002417209530897,RANGE,MR+QD
2021-05-24,0.00985861549482865,RANGE,MR+QD
2021-05-25,-0.00253957169888,RANGE,MR+QD
2021-05-26,0.004606788825556459,BULL,MOM+QD
2021-05-27,0.01191742418834057,BULL,MOM+QD
2021-05-28,0.0026132863449269397,BULL,MOM+QD
2021-06-01,0.00500334878114328,BULL,MOM+QD
2021-06-02,0.00071197240840679,BULL,MOM+QD
2021-06-03,-0.00682988433011527,BULL,MOM+QD
2021-06-04,0.013643172002299609,BULL,MOM+QD
2021-06-07,-0.004737923866750409,BULL,MOM+QD
2021-06-08,-0.0008206258564448399,BULL,MOM+QD
2021-06-09,-0.00689775033674093,BULL,MOM+QD
2021-06-10,-0.00427719477415968,BULL,MOM+QD
2021-06-11,0.0031163099201254453,BULL,MOM+QD
2021-06-14,0.0013845659367412602,BULL,MOM+QD
2021-06-15,-0.00603875205459164,BULL,MOM+QD
2021-06-16,-0.00357158373230136,BULL,MOM+QD
2021-06-17,-0.0034574914567624096,BULL,MOM+QD
2021-06-18,-0.013507677128602388,BULL,MOM+QD
2021-06-21,0.01585759457292433,BULL,MOM+QD
2021-06-22,0.00309834145786824,BULL,MOM+QD
2021-06-23,0.0063918533645013,BULL,MOM+QD
2021-06-24,0.013752916149314329,BULL,MOM+QD
2021-06-25,-0.00297604625288223,BULL,MOM+QD
2021-06-28,0.00574494360398365,BULL,MOM+QD
2021-06-29,0.00345429687523559,BULL,MOM+QD
2021-06-30,0.0069320279642086,BULL,MOM+QD
2021-07-01,0.0038065195233984,BULL,MOM+QD
2021-07-02,0.0044186130494855294,BULL,MOM+QD
2021-07-06,-0.0097702139506664,BULL,MOM+QD
2021-07-07,0.00027542510041416997,BULL,MOM+QD
2021-07-08,-0.01249076953632471,BULL,MOM+QD
2021-07-09,0.01985844798012296,BULL,MOM+QD
2021-07-12,0.01159366699860474,BULL,MOM+QD
2021-07-13,-0.00944344779126184,BULL,MOM+QD
2021-07-14,-0.00354402662769691,BULL,MOM+QD
2021-07-15,-0.0030723841601269595,BULL,MOM+QD
2021-07-16,-0.01493956566109509,BULL,MOM+QD
2021-07-19,-0.02009213905046482,BULL,MOM+QD
2021-07-20,0.02112722878614836,BULL,MOM+QD
2021-07-21,0.01692887714615316,BULL,MOM+QD
2021-07-22,-0.0033006295203890095,BULL,MOM+QD
2021-07-23,0.004438274771053659,BULL,MOM+QD
2021-07-26,0.00468373138005411,BULL,MOM+QD
2021-07-27,-0.00205328682934069,BULL,MOM+QD
2021-07-28,0.00230750457955968,BULL,MOM+QD
2021-07-29,0.01066963274003075,BULL,MOM+QD
2021-07-30,-0.007379312389326699,BULL,MOM+QD
2021-08-02,-2.2190910935930043e-05,BULL,MOM+QD
2021-08-03,0.008612872218516159,BULL,MOM+QD
2021-08-04,-0.004738719585009439,BULL,MOM+QD
2021-08-05,0.009995878936071729,BULL,MOM+QD
2021-08-06,0.00668115963905897,BULL,MOM+QD
2021-08-09,0.00015421453721869998,BULL,MOM+QD
2021-08-10,0.00644231096971362,BULL,MOM+QD
2021-08-11,0.004832904885441729,BULL,MOM+QD
2021-08-12,0.0013387898838328497,BULL,MOM+QD
2021-08-13,-0.00438253692018813,BULL,MOM+QD
2021-08-16,-0.00586334706713155,BULL,MOM+QD
2021-08-17,-0.01252905322316612,BULL,MOM+QD
2021-08-18,-0.00922706795668273,BULL,MOM+QD
2021-08-19,-0.009703216844558759,BULL,MOM+QD
2021-08-20,0.00438851841178115,RANGE,MR+QD
2021-08-23,0.01082177236588215,RANGE,MR+QD
2021-08-24,0.007141043369608179,BULL,MOM+QD
2021-08-25,0.01053625554364049,BULL,MOM+QD
2021-08-26,-0.007505119282441169,BULL,MOM+QD
2021-08-27,0.01432349117501788,BULL,MOM+QD
2021-08-30,-0.00398618895660993,BULL,MOM+QD
2021-08-31,-0.0012634392400390298,BULL,MOM+QD
2021-09-01,-0.0031888890972532895,BULL,MOM+QD
2021-09-02,0.005827241483158999,BULL,MOM+QD
2021-09-03,-0.0022835615473262,BULL,MOM+QD
2021-09-07,-0.00568035972156098,BULL,MOM+QD
2021-09-08,-0.006390833423579179,BULL,MOM+QD
2021-09-09,-0.00445109609906973,BULL,MOM+QD
2021-09-10,-0.00393737527764953,BULL,MOM+QD
2021-09-13,0.00427602102939702,BULL,MOM+QD
2021-09-14,-0.0070697016619573,RANGE,MR+QD
2021-09-15,0.00690871025749635,RANGE,MR+QD
2021-09-16,-0.0035341730242856497,RANGE,MR+QD
2021-09-17,-0.00944759868735142,BULL,MOM+QD
2021-09-20,-0.01937409605177558,BULL,MOM+QD
2021-09-21,-0.0013790415749973502,RANGE,MR+QD
2021-09-22,0.0084769093674873,RANGE,MR+QD
2021-09-23,0.0149451420527807,RANGE,MR+QD
2021-09-24,0.00170233548633125,RANGE,MR+QD
2021-09-27,-0.0018244704362102501,RANGE,MR+QD
2021-09-28,-0.01857133981762865,RANGE,MR+QD
2021-09-29,0.0044819085250132,RANGE,MR+QD
2021-09-30,-0.015817350846273802,RANGE,MR+QD
2021-10-01,0.01073040866201585,RANGE,MR+QD
2021-10-04,-0.0147688718559387,RANGE,MR+QD
2021-10-05,0.013049803886257951,RANGE,MR+QD
2021-10-06,0.0014798956062575,RANGE,MR+QD
2021-10-07,0.00992925515164515,RANGE,MR+QD
2021-10-08,0.0007015921826835499,RANGE,MR+QD
2021-10-11,-0.00662971334370905,RANGE,MR+QD
2021-10-12,-0.00300552733565965,RANGE,MR+QD
2021-10-13,0.0021654708825491003,RANGE,MR+QD
2021-10-14,0.01565520719493365,RANGE,MR+QD
2021-10-15,0.0052883318928756496,RANGE,MR+QD
2021-10-18,0.0076717758772002,RANGE,MR+QD
2021-10-19,0.00673477062345713,BULL,MOM+QD
2021-10-20,0.0035000772557781997,BULL,MOM+QD
2021-10-21,-0.0033357589930079297,BULL,MOM+QD
2021-10-22,0.008638044642492359,BULL,MOM+QD
2021-10-25,0.01083581587214339,BULL,MOM+QD
2021-10-26,0.011931960668959499,BULL,MOM+QD
2021-10-27,-0.0041158379093565395,BULL,MOM+QD
2021-10-28,0.007269006437632539,BULL,MOM+QD
2021-10-29,0.00547402235896562,BULL,MOM+QD
2021-11-01,0.00436444964967586,BULL,MOM+QD
2021-11-02,0.0082357766373921,BULL,MOM+QD
2021-11-03,0.004571627253680559,BULL,MOM+QD
2021-11-04,0.008181155447302817,BULL,MOM+QD
2021-11-05,0.0023025252717322796,BULL,MOM+QD
2021-11-08,0.00105142965126716,BULL,MOM+QD
2021-11-09,-0.00661021138701931,BULL,MOM+QD
2021-11-10,-0.00549412286131206,BULL,MOM+QD
2021-11-11,-0.00102606826946332,BULL,MOM+QD
2021-11-12,0.00050796985739847,BULL,MOM+QD
2021-11-15,-0.0024990616968135998,BULL,MOM+QD
2021-11-16,-0.00081440610157768,BULL,MOM+QD
2021-11-17,-0.00488063575262254,BULL,MOM+QD
2021-11-18,-0.0023863410401654297,BULL,MOM+QD
2021-11-19,-0.00474748716919029,BULL,MOM+QD
2021-11-22,0.00488730604658569,BULL,MOM+QD
2021-11-23,0.0069116840096497,BULL,MOM+QD
2021-11-24,0.0017866877905936597,BULL,MOM+QD
2021-11-26,-0.029937183729259402,BULL,MOM+QD
2021-11-29,0.0126044227952186,BULL,MOM+QD
2021-11-30,0.0,BEAR,CASH
2021-12-01,0.0,BEAR,CASH
2021-12-02,0.0,BEAR,CASH
2021-12-03,0.0,BEAR,CASH
2021-12-06,0.0,BEAR,CASH
2021-12-07,0.0,BEAR,CASH
2021-12-08,0.0,BEAR,CASH
2021-12-09,0.0,BEAR,CASH
2021-12-10,0.0,BEAR,CASH
2021-12-13,0.0,BEAR,CASH
2021-12-14,0.0,BEAR,CASH
2021-12-15,0.0133656581619792,RANGE,MR+QD
2021-12-16,0.0007283559731114,RANGE,MR+QD
2021-12-17,-0.0211118793109229,RANGE,MR+QD
2021-12-20,-0.0147263030025771,RANGE,MR+QD
2021-12-21,0.01618647184053175,RANGE,MR+QD
2021-12-22,0.0087921855101899,RANGE,MR+QD
2021-12-23,0.0036184199812888,RANGE,MR+QD
2021-12-27,0.016910260498498732,BULL,MOM+QD
2021-12-28,-0.00372034611824327,BULL,MOM+QD
2021-12-29,0.00043569787961518,BULL,MOM+QD
2021-12-30,-0.0052530373663161895,BULL,MOM+QD
2021-12-31,-0.00240178817201968,BULL,MOM+QD
2022-01-03,0.01343465977828949,BULL,MOM+QD
2022-01-04,-0.006332557727763099,BULL,MOM+QD
2022-01-05,-0.02874251109956192,BULL,MOM+QD
2022-01-06,-0.00113482508116386,BULL,MOM+QD
2022-01-07,-0.0158015868945675,BULL,MOM+QD
2022-01-10,0.0016508362954267698,BULL,MOM+QD
2022-01-11,0.011442287614403919,BULL,MOM+QD
2022-01-12,0.0035484358648274397,BULL,MOM+QD
2022-01-13,-0.02414164309284706,BULL,MOM+QD
2022-01-14,-0.00342637134481884,BULL,MOM+QD
2022-01-18,-0.02419281710158845,RANGE,MR+QD
2022-01-19,-0.0116923006104144,RANGE,MR+QD
2022-01-20,-0.0163372927851147,RANGE,MR+QD
2022-01-21,-0.02456944984169635,RANGE,MR+QD
2022-01-24,0.005254356839107101,RANGE,MR+QD
2022-01-25,-0.01876381506089135,RANGE,MR+QD
2022-01-26,0.0,BEAR,CASH
2022-01-27,0.0,BEAR,CASH
2022-01-28,0.0,BEAR,CASH
2022-01-31,0.0,BEAR,CASH
2022-02-01,0.0,BEAR,CASH
2022-02-02,0.0,BEAR,CASH
2022-02-03,0.0,BEAR,CASH
2022-02-04,0.0005170541077894001,RANGE,MR+QD
2022-02-07,0.0006745137626832502,RANGE,MR+QD
2022-02-08,0.0064303638129797995,RANGE,MR+QD
2022-02-09,0.01249056494900635,RANGE,MR+QD
2022-02-10,-0.018913367911731,RANGE,MR+QD
2022-02-11,-0.01796615695809595,RANGE,MR+QD
2022-02-14,-0.0033826384899850502,RANGE,MR+QD
2022-02-15,0.01612680305829925,RANGE,MR+QD
2022-02-16,-4.48918088591997e-05,RANGE,MR+QD
2022-02-17,0.0,BEAR,CASH
2022-02-18,0.0,BEAR,CASH
2022-02-22,0.0,BEAR,CASH
2022-02-23,0.0,BEAR,CASH
2022-02-24,0.0,BEAR,CASH
2022-02-25,0.0,BEAR,CASH
2022-02-28,0.0,BEAR,CASH
2022-03-01,0.0,BEAR,CASH
2022-03-02,0.0,BEAR,CASH
2022-03-03,0.0,BEAR,CASH
2022-03-04,0.0,BEAR,CASH
2022-03-07,0.0,BEAR,CASH
2022-03-08,0.0,BEAR,CASH
2022-03-09,0.0,BEAR,CASH
2022-03-10,0.0,BEAR,CASH
2022-03-11,0.0,BEAR,CASH
2022-03-14,0.0,BEAR,CASH
2022-03-15,0.0,BEAR,CASH
2022-03-16,0.0,BEAR,CASH
2022-03-17,0.0,BEAR,CASH
2022-03-18,0.0,BEAR,CASH
2022-03-21,0.0,BEAR,CASH
2022-03-22,0.0,BEAR,CASH
2022-03-23,0.0,BEAR,CASH
2022-03-24,0.0087429606796191,RANGE,MR+QD
2022-03-25,0.00413522699565465,RANGE,MR+QD
2022-03-28,0.00312697639291925,RANGE,MR+QD
2022-03-29,0.0104979359981838,RANGE,MR+QD
2022-03-30,-0.0028958332772648,BULL,MOM+QD
2022-03-31,-0.014290310803563149,BULL,MOM+QD
2022-04-01,0.00280403896586853,BULL,MOM+QD
2022-04-04,0.007397888145481028,BULL,MOM+QD
2022-04-05,-0.0096956680971083,BULL,MOM+QD
2022-04-06,0.0038691569553206,BULL,MOM+QD
2022-04-07,0.008392221767926901,RANGE,MR+QD
2022-04-08,0.00427469264575325,RANGE,MR+QD
2022-04-11,-0.02008433643429165,RANGE,MR+QD
2022-04-12,0.00125931268267795,RANGE,MR+QD
2022-04-13,0.00631285469655735,RANGE,MR+QD
2022-04-14,-0.004637920364602401,RANGE,MR+QD
2022-04-18,-0.00046288437071655,RANGE,MR+QD
2022-04-19,0.0067150867958289005,RANGE,MR+QD
2022-04-20,0.0047940499167549,RANGE,MR+QD
2022-04-21,-0.0129262201968052,RANGE,MR+QD
2022-04-22,-0.0250433618693513,RANGE,MR+QD
2022-04-25,0.0042631606395802,RANGE,MR+QD
2022-04-26,0.0,BEAR,CASH
2022-04-27,0.0,BEAR,CASH
2022-04-28,0.0,BEAR,CASH
2022-04-29,0.0,BEAR,CASH
2022-05-02,0.0,BEAR,CASH
2022-05-03,0.0,BEAR,CASH
2022-05-04,0.0,BEAR,CASH
2022-05-05,0.0,BEAR,CASH
2022-05-06,0.0,BEAR,CASH
2022-05-09,0.0,BEAR,CASH
2022-05-10,0.0,BEAR,CASH
2022-05-11,0.0,BEAR,CASH
2022-05-12,0.0,BEAR,CASH
2022-05-13,0.0,BEAR,CASH
2022-05-16,0.0,BEAR,CASH
2022-05-17,0.0,BEAR,CASH
2022-05-18,0.0,BEAR,CASH
2022-05-19,0.0,BEAR,CASH
2022-05-20,0.0,BEAR,CASH
2022-05-23,0.0,BEAR,CASH
2022-05-24,0.0,BEAR,CASH
2022-05-25,0.0,BEAR,CASH
2022-05-26,0.0,BEAR,CASH
2022-05-27,0.0,BEAR,CASH
2022-05-31,0.0,BEAR,CASH
2022-06-01,0.0,BEAR,CASH
2022-06-02,0.0,BEAR,CASH
2022-06-03,0.0,BEAR,CASH
2022-06-06,0.0,BEAR,CASH
2022-06-07,0.0,BEAR,CASH
2022-06-08,0.0,BEAR,CASH
2022-06-09,-0.0193132796970629,RANGE,MR+QD
2022-06-10,-0.0159446117917152,RANGE,MR+QD
2022-06-13,-0.024712957979239197,RANGE,MR+QD
2022-06-14,0.0,BEAR,CASH
2022-06-15,0.0,BEAR,CASH
2022-06-16,0.0,BEAR,CASH
2022-06-17,0.0,BEAR,CASH
2022-06-21,0.0,BEAR,CASH
2022-06-22,0.0,BEAR,CASH
2022-06-23,0.0,BEAR,CASH
2022-06-24,0.0,BEAR,CASH
2022-06-27,0.0,BEAR,CASH
2022-06-28,0.0,BEAR,CASH
2022-06-29,0.0,BEAR,CASH
2022-06-30,0.0,BEAR,CASH
2022-07-01,0.0,BEAR,CASH
2022-07-05,0.0,BEAR,CASH
2022-07-06,0.0,BEAR,CASH
2022-07-07,0.0,BEAR,CASH
2022-07-08,0.0,BEAR,CASH
2022-07-11,0.0,BEAR,CASH
2022-07-12,0.0,BEAR,CASH
2022-07-13,0.0,BEAR,CASH
2022-07-14,0.0,BEAR,CASH
2022-07-15,0.0,BEAR,CASH
2022-07-18,0.0,BEAR,CASH
2022-07-19,0.0,BEAR,CASH
2022-07-20,0.0,BEAR,CASH
2022-07-21,0.0,BEAR,CASH
2022-07-22,0.0028221120137193003,RANGE,MR+QD
2022-07-25,0.00880906904176185,RANGE,MR+QD
2022-07-26,0.0047425559064553004,RANGE,MR+QD
2022-07-27,0.00323806492356215,RANGE,MR+QD
2022-07-28,0.0069181424181979,RANGE,MR+QD
2022-07-29,0.0089819580507324,RANGE,MR+QD
2022-08-01,-0.00585131545762115,RANGE,MR+QD
2022-08-02,-0.0058795301698153,RANGE,MR+QD
2022-08-03,0.0006888415370115999,RANGE,MR+QD
2022-08-04,-0.011973935276974351,RANGE,MR+QD
2022-08-05,-0.00296486455652055,RANGE,MR+QD
2022-08-08,0.0025531723883866,RANGE,MR+QD
2022-08-09,0.00148017647116775,RANGE,MR+QD
2022-08-10,0.00663393561993445,RANGE,MR+QD
2022-08-11,-0.0018369763336185002,RANGE,MR+QD
2022-08-12,0.012821759588216599,RANGE,MR+QD
2022-08-15,0.00575931979864475,RANGE,MR+QD
2022-08-16,0.00188386648435578,BULL,MOM+QD
2022-08-17,0.0038232574260058196,BULL,MOM+QD
2022-08-18,0.00614974620648058,BULL,MOM+QD
2022-08-19,0.0006640476606715,BULL,MOM+QD
2022-08-22,-0.009397168508291729,BULL,MOM+QD
2022-08-23,-0.004720261699822151,RANGE,MR+QD
2022-08-24,0.00076803565575405,RANGE,MR+QD
2022-08-25,0.00737876286744045,RANGE,MR+QD
2022-08-26,-0.0217595639097281,RANGE,MR+QD
2022-08-29,-0.005842274773339,RANGE,MR+QD
2022-08-30,-0.00973491053339755,RANGE,MR+QD
2022-08-31,-0.009372817344407099,RANGE,MR+QD
2022-09-01,0.0,BEAR,CASH
2022-09-02,0.0,BEAR,CASH
2022-09-06,0.0,BEAR,CASH
2022-09-07,0.0,BEAR,CASH
2022-09-08,0.0,BEAR,CASH
2022-09-09,0.0,BEAR,CASH
2022-09-12,0.0,BEAR,CASH
2022-09-13,-0.032992008810363405,RANGE,MR+QD
2022-09-14,0.00449513992986075,RANGE,MR+QD
2022-09-15,-0.0043873008890762,RANGE,MR+QD
2022-09-16,0.0014294543375653,RANGE,MR+QD
2022-09-19,0.0,BEAR,CASH
2022-09-20,0.0,BEAR,CASH
2022-09-21,0.0,BEAR,CASH
2022-09-22,0.0,BEAR,CASH
2022-09-23,0.0,BEAR,CASH
2022-09-26,0.0,BEAR,CASH
2022-09-27,0.0,BEAR,CASH
2022-09-28,0.0,BEAR,CASH
2022-09-29,0.0,BEAR,CASH
2022-09-30,0.0,BEAR,CASH
2022-10-03,0.0,BEAR,CASH
2022-10-04,0.0,BEAR,CASH
2022-10-05,0.0,BEAR,CASH
2022-10-06,0.0,BEAR,CASH
2022-10-07,0.0,BEAR,CASH
2022-10-10,0.0,BEAR,CASH
2022-10-11,0.0,BEAR,CASH
2022-10-12,0.0,BEAR,CASH
2022-10-13,0.0,BEAR,CASH
2022-10-14,0.0,BEAR,CASH
2022-10-17,0.0,BEAR,CASH
2022-10-18,0.0,BEAR,CASH
2022-10-19,0.0,BEAR,CASH
2022-10-20,0.0,BEAR,CASH
2022-10-21,0.0,BEAR,CASH
2022-10-24,0.0,BEAR,CASH
2022-10-25,0.0,BEAR,CASH
2022-10-26,0.0,BEAR,CASH
2022-10-27,0.0,BEAR,CASH
2022-10-28,0.0,BEAR,CASH
2022-10-31,0.0,BEAR,CASH
2022-11-01,0.0,BEAR,CASH
2022-11-02,0.0,BEAR,CASH
2022-11-03,0.0,BEAR,CASH
2022-11-04,0.0,BEAR,CASH
2022-11-07,0.0,BEAR,CASH
2022-11-08,0.0,BEAR,CASH
2022-11-09,0.0,BEAR,CASH
2022-11-10,0.0,BEAR,CASH
2022-11-11,0.0,BEAR,CASH
2022-11-14,0.0025462257705246997,RANGE,MR+QD
2022-11-15,0.0028439144893521,RANGE,MR+QD
2022-11-16,0.00238589952351915,RANGE,MR+QD
2022-11-17,0.0040002642810715,RANGE,MR+QD
2022-11-18,0.00848563361193035,RANGE,MR+QD
2022-11-21,0.0008544725250169,RANGE,MR+QD
2022-11-22,0.0094767462279906,RANGE,MR+QD
2022-11-23,0.0027852471669898003,RANGE,MR+QD
2022-11-25,0.0015287097276766501,RANGE,MR+QD
2022-11-28,-0.0080607859124605,RANGE,MR+QD
2022-11-29,-0.0010777572074923,RANGE,MR+QD
2022-11-30,0.0202004402941032,RANGE,MR+QD
2022-12-01,0.00168363523945205,RANGE,MR+QD
2022-12-02,0.00032349973196039994,RANGE,MR+QD
2022-12-05,-0.011010729826375201,BULL,MOM+QD
2022-12-06,-0.00820994761885736,BULL,MOM+QD
2022-12-07,0.00361213936554195,RANGE,MR+QD
2022-12-08,0.0072804245182691,RANGE,MR+QD
2022-12-09,-0.010061634969404199,RANGE,MR+QD
2022-12-12,0.01280699118300635,RANGE,MR+QD
2022-12-13,0.0033348135802936003,RANGE,MR+QD
2022-12-14,-0.0015881857379197,RANGE,MR+QD
2022-12-15,-0.021331672509451102,RANGE,MR+QD
2022-12-16,-0.0109493640879469,RANGE,MR+QD
2022-12-19,-0.0026471970470439,RANGE,MR+QD
2022-12-20,0.00420050977597135,RANGE,MR+QD
2022-12-21,0.013495759170581701,RANGE,MR+QD
2022-12-22,-0.007754001077413451,RANGE,MR+QD
2022-12-23,0.00875311105544135,RANGE,MR+QD
2022-12-27,0.0017259780021682,RANGE,MR+QD
2022-12-28,-0.0096714022541561,RANGE,MR+QD
2022-12-29,0.0098400510307126,RANGE,MR+QD
2022-12-30,-0.0008330004888664799,RANGE,MR+QD
2023-01-03,-0.0008899038119427501,RANGE,MR+QD
2023-01-04,0.0055374584075367494,RANGE,MR+QD
2023-01-05,-0.0041879514515714,RANGE,MR+QD
2023-01-06,0.01968669696560225,RANGE,MR+QD
2023-01-09,-0.010757034113838701,RANGE,MR+QD
2023-01-10,0.0037743232409002,RANGE,MR+QD
2023-01-11,0.0052671288272578,RANGE,MR+QD
2023-01-12,-0.00146240365441885,RANGE,MR+QD
2023-01-13,0.003992165483419,RANGE,MR+QD
2023-01-17,-0.0059113262757633,RANGE,MR+QD
2023-01-18,-0.021150506306283588,BULL,MOM+QD
2023-01-19,0.00259731561626049,BULL,MOM+QD
2023-01-20,0.00551248981094,RANGE,MR+QD
2023-01-23,0.00277348180067735,RANGE,MR+QD
2023-01-24,0.00373869572201145,BULL,MOM+QD
2023-01-25,0.0026534720727304,BULL,MOM+QD
2023-01-26,0.00314865794076084,BULL,MOM+QD
2023-01-27,-0.01091198543716225,BULL,MOM+QD
2023-01-30,-0.00470203858781125,BULL,MOM+QD
2023-01-31,0.00585271124562632,BULL,MOM+QD
2023-02-01,-0.00528418793172304,BULL,MOM+QD
2023-02-02,-0.02033763254630147,BULL,MOM+QD
2023-02-03,0.0005441406069662301,BULL,MOM+QD
2023-02-06,0.0035561700898310597,BULL,MOM+QD
2023-02-07,0.00882260701384149,BULL,MOM+QD
2023-02-08,-0.0030545106068546298,BULL,MOM+QD
2023-02-09,0.000575012127011414,BULL,MOM+QD
2023-02-10,0.015617274476648308,BULL,MOM+QD
2023-02-13,0.0107015585080717,RANGE,MR+QD
2023-02-14,-0.0062119901981638505,RANGE,MR+QD
2023-02-15,-0.0066394416897365,RANGE,MR+QD
2023-02-16,-0.01148181330699301,BULL,MOM+QD
2023-02-17,0.0035316367083195396,BULL,MOM+QD
2023-02-21,-0.00837964271287925,RANGE,MR+QD
2023-02-22,-0.0016040437488542,RANGE,MR+QD
2023-02-23,0.0021559041627426,RANGE,MR+QD
2023-02-24,-0.0070489231135002,RANGE,MR+QD
2023-02-27,0.00061869302701955,RANGE,MR+QD
2023-02-28,-0.0085150277446279,RANGE,MR+QD
2023-03-01,0.0017450254958200503,RANGE,MR+QD
2023-03-02,0.00755707521072895,RANGE,MR+QD
2023-03-03,0.0115928874779975,RANGE,MR+QD
2023-03-06,0.00481740820299955,RANGE,MR+QD
2023-03-07,-0.01518478309861975,RANGE,MR+QD
2023-03-08,-0.00251281094919425,RANGE,MR+QD
2023-03-09,-0.014062398068620249,RANGE,MR+QD
2023-03-10,-0.012650653098225299,RANGE,MR+QD
2023-03-13,-0.0032961940723148,RANGE,MR+QD
2023-03-14,0.0097363480361593,RANGE,MR+QD
2023-03-15,-0.00934641854452,RANGE,MR+QD
2023-03-16,0.00782383286976285,RANGE,MR+QD
2023-03-17,-0.01079217265532015,RANGE,MR+QD
2023-03-20,0.01208472761768305,RANGE,MR+QD
2023-03-21,0.01162374526236925,RANGE,MR+QD
2023-03-22,-0.0196963746589605,RANGE,MR+QD
2023-03-23,0.0069619927555369,RANGE,MR+QD
2023-03-24,0.0032358842037807497,RANGE,MR+QD
2023-03-27,0.00658261254095475,RANGE,MR+QD
2023-03-28,0.002533230793279,RANGE,MR+QD
2023-03-29,0.01101523272449545,RANGE,MR+QD
2023-03-30,0.0054778699685061,RANGE,MR+QD
2023-03-31,0.01135650901633345,BULL,MOM+QD
2023-04-03,0.015023533938356499,BULL,MOM+QD
2023-04-04,-0.008524011888378629,BULL,MOM+QD
2023-04-05,0.00474943292391364,BULL,MOM+QD
2023-04-06,-0.00043778190442877004,BULL,MOM+QD
2023-04-10,0.0025278876320205296,BULL,MOM+QD
2023-04-11,0.00313430922789196,BULL,MOM+QD
2023-04-12,0.0031734843398654395,BULL,MOM+QD
2023-04-13,0.009709479080755139,BULL,MOM+QD
2023-04-14,-0.00263076131313933,BULL,MOM+QD
2023-04-17,0.0039114533727430895,BULL,MOM+QD
2023-04-18,0.00488756893966135,BULL,MOM+QD
2023-04-19,0.00010302686200743,BULL,MOM+QD
2023-04-20,-0.00471101356873971,BULL,MOM+QD
2023-04-21,0.00584393029289675,BULL,MOM+QD
2023-04-24,0.00622471469104247,BULL,MOM+QD
2023-04-25,-0.005739529494485829,BULL,MOM+QD
2023-04-26,-0.00848905430732704,BULL,MOM+QD
2023-04-27,0.013916925063635309,BULL,MOM+QD
2023-04-28,0.009437811970674479,BULL,MOM+QD
2023-05-01,0.006264443982521749,BULL,MOM+QD
2023-05-02,-0.01085675399750204,BULL,MOM+QD
2023-05-03,-0.00697480848193496,BULL,MOM+QD
2023-05-04,-0.0045311764796729,RANGE,MR+QD
2023-05-05,0.01249006307584655,RANGE,MR+QD
2023-05-08,0.0050176446498689,RANGE,MR+QD
2023-05-09,-0.00252874343163176,BULL,MOM+QD
2023-05-10,0.0018184249419965297,BULL,MOM+QD
2023-05-11,-2.795702006883001e-05,BULL,MOM+QD
2023-05-12,-0.0032518624897285397,BULL,MOM+QD
2023-05-15,0.0080932207390401,RANGE,MR+QD
2023-05-16,-0.005280989050688901,RANGE,MR+QD
2023-05-17,0.0128111382564068,RANGE,MR+QD
2023-05-18,0.01775057532800985,RANGE,MR+QD
2023-05-19,-0.0014225500260068432,BULL,MOM+QD
2023-05-22,-0.00753618878048979,BULL,MOM+QD
2023-05-23,-0.01260341857456183,BULL,MOM+QD
2023-05-24,0.00082211048565631,BULL,MOM+QD
2023-05-25,0.02255557289413121,BULL,MOM+QD
2023-05-26,0.0226815188800587,RANGE,MR+QD
2023-05-30,0.00133468583895555,RANGE,MR+QD
2023-05-31,-0.00337702275512845,BULL,MOM+QD
2023-06-01,0.014548068417128208,BULL,MOM+QD
2023-06-02,0.01091579604526417,BULL,MOM+QD
2023-06-05,-0.0038617139908536493,BULL,MOM+QD
2023-06-06,-0.0075112757682522695,BULL,MOM+QD
2023-06-07,-0.00532250064077454,BULL,MOM+QD
2023-06-08,0.01501918489883685,BULL,MOM+QD
2023-06-09,0.0028600689046768797,BULL,MOM+QD
2023-06-12,0.00651353844791412,BULL,MOM+QD
2023-06-13,0.00597458458664998,BULL,MOM+QD
2023-06-14,0.0031465283006768,BULL,MOM+QD
2023-06-15,0.00978089061649801,BULL,MOM+QD
2023-06-16,-0.00296065709284445,BULL,MOM+QD
2023-06-20,-0.00201310166257767,BULL,MOM+QD
2023-06-21,-0.0013513406488242599,BULL,MOM+QD
2023-06-22,-0.0008464243489457699,BULL,MOM+QD
2023-06-23,-0.00568538713109106,BULL,MOM+QD
2023-06-26,-0.00883334193656726,BULL,MOM+QD
2023-06-27,0.01249070561934826,BULL,MOM+QD
2023-06-28,0.00255001875777168,BULL,MOM+QD
2023-06-29,0.00396903709493992,BULL,MOM+QD
2023-06-30,0.01409867765121216,BULL,MOM+QD
2023-07-03,-0.0015052062255258888,BULL,MOM+QD
2023-07-05,0.00265635477235139,BULL,MOM+QD
2023-07-06,-0.01005678373532345,BULL,MOM+QD
2023-07-07,-0.00482509996178051,BULL,MOM+QD
2023-07-10,0.01147595670906126,BULL,MOM+QD
2023-07-11,0.00319666696111367,BULL,MOM+QD
2023-07-12,0.01138479091926021,BULL,MOM+QD
2023-07-13,0.0061763545064218,BULL,MOM+QD
2023-07-14,-0.00293271310076384,BULL,MOM+QD
2023-07-17,0.00622300408611697,BULL,MOM+QD
2023-07-18,0.006302569339497939,BULL,MOM+QD
2023-07-19,0.0008326450412309201,BULL,MOM+QD
2023-07-20,-0.012706932374056758,BULL,MOM+QD
2023-07-21,-0.00504790113071406,BULL,MOM+QD
2023-07-24,0.00072125840419875,BULL,MOM+QD
2023-07-25,0.00983731663388975,BULL,MOM+QD
2023-07-26,-0.00021713739297417995,BULL,MOM+QD
2023-07-27,0.0026947099773906896,BULL,MOM+QD
2023-07-28,0.01219133206782615,BULL,MOM+QD
2023-07-31,0.00107625691256829,BULL,MOM+QD
2023-08-01,0.007804041368062819,BULL,MOM+QD
2023-08-02,-0.01570705994614336,BULL,MOM+QD
2023-08-03,-0.0025133401082050796,BULL,MOM+QD
2023-08-04,-0.0026704830932385297,BULL,MOM+QD
2023-08-07,0.015904614939645907,BULL,MOM+QD
2023-08-08,0.00810098601931155,BULL,MOM+QD
2023-08-09,-0.013096258633133299,BULL,MOM+QD
2023-08-10,-0.000925069327859244,BULL,MOM+QD
2023-08-11,-0.0030101000768302,RANGE,MR+QD
2023-08-14,0.01049798473208425,RANGE,MR+QD
2023-08-15,-0.010878411532480599,RANGE,MR+QD
2023-08-16,-0.0099581508610725,RANGE,MR+QD
2023-08-17,-0.01565082991366545,RANGE,MR+QD
2023-08-18,0.00352537668676285,RANGE,MR+QD
2023-08-21,0.01227037987653375,RANGE,MR+QD
2023-08-22,-0.0024163937295774503,RANGE,MR+QD
2023-08-23,0.01335561097666975,RANGE,MR+QD
2023-08-24,-0.0204487537038499,RANGE,MR+QD
2023-08-25,0.0094916864742017,RANGE,MR+QD
2023-08-28,0.0065369765537502,RANGE,MR+QD
2023-08-29,0.01704435476411225,RANGE,MR+QD
2023-08-30,0.0010279091416877499,RANGE,MR+QD
2023-08-31,-0.0006799611026305,RANGE,MR+QD
2023-09-01,-0.0021453038479191,BULL,MOM+QD
2023-09-05,-0.0018903615861265597,BULL,MOM+QD
2023-09-06,-0.00465144243803051,BULL,MOM+QD
2023-09-07,-0.002407999160699,RANGE,MR+QD
2023-09-08,5.1159546062199855e-05,RANGE,MR+QD
2023-09-11,0.01162616745340895,RANGE,MR+QD
2023-09-12,-0.00344236989728,RANGE,MR+QD
2023-09-13,-0.0010607837374783003,RANGE,MR+QD
2023-09-14,0.0091632375683952,RANGE,MR+QD
2023-09-15,-0.01725659116009011,BULL,MOM+QD
2023-09-18,0.0006358599001377099,BULL,MOM+QD
2023-09-19,0.0007794696439056899,BULL,MOM+QD
2023-09-20,-0.012447525684891658,BULL,MOM+QD
2023-09-21,-0.01923737891706336,BULL,MOM+QD
2023-09-22,0.000484791555415695,BULL,MOM+QD
2023-09-25,0.00361093430557115,RANGE,MR+QD
2023-09-26,-0.0107849178647052,RANGE,MR+QD
2023-09-27,-0.0017518121738225,RANGE,MR+QD
2023-09-28,0.00812702233246695,RANGE,MR+QD
2023-09-29,-0.007010854671947999,RANGE,MR+QD
2023-10-02,0.007134052314333,RANGE,MR+QD
2023-10-03,-0.01521529527902275,RANGE,MR+QD
2023-10-04,0.0070772890887659,RANGE,MR+QD
2023-10-05,0.0008959870226683499,RANGE,MR+QD
2023-10-06,0.016851723886954453,RANGE,MR+QD
2023-10-09,0.00231499488175465,RANGE,MR+QD
2023-10-10,0.00447803510821085,RANGE,MR+QD
2023-10-11,0.0079070978317772,RANGE,MR+QD
2023-10-12,0.00201660456303195,RANGE,MR+QD
2023-10-13,-0.0118512081223557,RANGE,MR+QD
2023-10-16,0.0093898192169722,RANGE,MR+QD
2023-10-17,-0.0039516796294074,RANGE,MR+QD
2023-10-18,-0.015274077977195849,RANGE,MR+QD
2023-10-19,-0.0009352937761548004,RANGE,MR+QD
2023-10-20,-0.01176754393984775,RANGE,MR+QD
2023-10-23,0.0020343435545074,RANGE,MR+QD
2023-10-24,0.01319189034795785,RANGE,MR+QD
2023-10-25,-0.017677685907805447,RANGE,MR+QD
2023-10-26,-0.0203836291472755,RANGE,MR+QD
2023-10-27,-0.0027140670521531,RANGE,MR+QD
2023-10-30,0.0161855109008378,RANGE,MR+QD
2023-10-31,0.0014070129199998998,RANGE,MR+QD
2023-11-01,0.01653204100289225,RANGE,MR+QD
2023-11-02,0.0132111101148638,RANGE,MR+QD
2023-11-03,0.00934485372537395,RANGE,MR+QD
2023-11-06,0.00958667724918082,BULL,MOM+QD
2023-11-07,0.00966358048040614,BULL,MOM+QD
2023-11-08,0.008938722724493989,BULL,MOM+QD
2023-11-09,-0.00620098142730517,BULL,MOM+QD
2023-11-10,0.026517575449930286,BULL,MOM+QD
2023-11-13,0.0032996863970090598,BULL,MOM+QD
2023-11-14,0.015854344312440448,BULL,MOM+QD
2023-11-15,-0.0072956738414424495,BULL,MOM+QD
2023-11-16,0.00363685403939161,BULL,MOM+QD
2023-11-17,0.00167464912396144,BULL,MOM+QD
2023-11-20,0.01628022741397119,BULL,MOM+QD
2023-11-21,-0.00660868256972321,BULL,MOM+QD
2023-11-22,0.00483788924081951,BULL,MOM+QD
2023-11-24,-0.0016233405235131601,BULL,MOM+QD
2023-11-27,-0.00421007131222151,BULL,MOM+QD
2023-11-28,0.0027696173916515795,BULL,MOM+QD
2023-11-29,-0.0033354903199647803,BULL,MOM+QD
2023-11-30,-0.0044030695625915895,BULL,MOM+QD
2023-12-01,-0.00170126345610586,BULL,MOM+QD
2023-12-04,-0.01462208387175834,BULL,MOM+QD
2023-12-05,0.0019558130367989097,BULL,MOM+QD
2023-12-06,-0.01025586915928955,BULL,MOM+QD
2023-12-07,0.019243934211066408,BULL,MOM+QD
2023-12-08,0.01120034191164588,BULL,MOM+QD
2023-12-11,0.00705998704786112,BULL,MOM+QD
2023-12-12,0.01698818991735531,BULL,MOM+QD
2023-12-13,0.0068727261556408795,BULL,MOM+QD
2023-12-14,-0.014066227995481378,BULL,MOM+QD
2023-12-15,0.00968747326997463,BULL,MOM+QD
2023-12-18,0.01700811960578971,BULL,MOM+QD
2023-12-19,0.00588861618269853,BULL,MOM+QD
2023-12-20,-0.016581065460791418,BULL,MOM+QD
2023-12-21,0.014212983117376149,BULL,MOM+QD
2023-12-22,-0.0028271606420721797,BULL,MOM+QD
2023-12-26,0.00550051992852649,BULL,MOM+QD
2023-12-27,0.00404487743896652,BULL,MOM+QD
2023-12-28,0.00123298292158941,BULL,MOM+QD
2023-12-29,-0.004085967534083799,BULL,MOM+QD
2024-01-02,-0.02577798278467301,BULL,MOM+QD
2024-01-03,-0.01572078765669828,BULL,MOM+QD
2024-01-04,-0.0027074926401699597,BULL,MOM+QD
2024-01-05,0.00676409788905326,BULL,MOM+QD
2024-01-08,0.03014449714312422,BULL,MOM+QD
2024-01-09,0.00461042956762992,BULL,MOM+QD
2024-01-10,0.00914531736677193,BULL,MOM+QD
2024-01-11,0.00470868227401137,BULL,MOM+QD
2024-01-12,-0.00171364600656703,BULL,MOM+QD
2024-01-16,0.00541488882827202,BULL,MOM+QD
2024-01-17,-0.0046682912801265,BULL,MOM+QD
2024-01-18,0.01371496356441775,BULL,MOM+QD
2024-01-19,0.0277396018116153,BULL,MOM+QD
2024-01-22,-0.00361308563322297,BULL,MOM+QD
2024-01-23,0.00092504883490662,BULL,MOM+QD
2024-01-24,0.01250211195114862,BULL,MOM+QD
2024-01-25,-0.00455385137706433,BULL,MOM+QD
2024-01-26,-0.01079429530263875,BULL,MOM+QD
2024-01-29,0.015082146137020068,BULL,MOM+QD
2024-01-30,-0.0043976347895854796,BULL,MOM+QD
2024-01-31,-0.019073441962823887,BULL,MOM+QD
2024-02-01,0.016658043882094388,BULL,MOM+QD
2024-02-02,0.032293970859886126,BULL,MOM+QD
2024-02-05,0.00690664215355136,BULL,MOM+QD
2024-02-06,-0.01062470361066007,BULL,MOM+QD
2024-02-07,0.01835743419978593,BULL,MOM+QD
2024-02-08,0.00310322698063846,BULL,MOM+QD
2024-02-09,0.01053424771573557,BULL,MOM+QD
2024-02-12,-0.00437982639592514,BULL,MOM+QD
2024-02-13,-0.008703686093791279,BULL,MOM+QD
2024-02-14,0.02140099931615967,BULL,MOM+QD
2024-02-15,0.00012537861214381013,BULL,MOM+QD
2024-02-16,-0.00831493510148233,BULL,MOM+QD
2024-02-20,-0.01465425719101041,BULL,MOM+QD
2024-02-21,-0.00884288251332693,BULL,MOM+QD
2024-02-22,0.04470186078823289,BULL,MOM+QD
2024-02-23,-2.171936455947e-05,BULL,MOM+QD
2024-02-26,0.0047465463022724995,BULL,MOM+QD
2024-02-27,-0.00255568421845662,BULL,MOM+QD
2024-02-28,-0.00348501185219203,BULL,MOM+QD
2024-02-29,0.01890014418354141,BULL,MOM+QD
2024-03-01,0.028180409714226348,BULL,MOM+QD
2024-03-04,0.0071124703710969,BULL,MOM+QD
2024-03-05,-0.02346905896250956,BULL,MOM+QD
2024-03-06,0.01166258494821323,BULL,MOM+QD
2024-03-07,0.019799997801475767,BULL,MOM+QD
2024-03-08,-0.02170870191056785,BULL,MOM+QD
2024-03-11,-0.01351604877144879,BULL,MOM+QD
2024-03-12,0.021906260407012337,BULL,MOM+QD
2024-03-13,-0.00958446217639586,BULL,MOM+QD
2024-03-14,-0.006308489712368359,BULL,MOM+QD
2024-03-15,-0.01857507740379095,BULL,MOM+QD
2024-03-18,0.01131440487507928,BULL,MOM+QD
2024-03-19,0.0017117839289582,BULL,MOM+QD
2024-03-20,0.00969803127609226,BULL,MOM+QD
2024-03-21,0.0055557422335073,BULL,MOM+QD
2024-03-22,0.0018498734352951495,BULL,MOM+QD
2024-03-25,-0.00265263429846132,BULL,MOM+QD
2024-03-26,-0.004758728364832489,BULL,MOM+QD
2024-03-27,0.00027711620683360015,BULL,MOM+QD
2024-03-28,-0.00084360655819602,BULL,MOM+QD
2024-04-01,0.0007234363569325899,BULL,MOM+QD
2024-04-02,-0.00594814291241067,BULL,MOM+QD
2024-04-03,0.01411943122605547,BULL,MOM+QD
2024-04-04,-0.01748827477540807,BULL,MOM+QD
2024-04-05,0.025251866940047198,BULL,MOM+QD
2024-04-08,-0.004405806993385489,BULL,MOM+QD
2024-04-09,-0.00598297464752771,BULL,MOM+QD
2024-04-10,0.0002468265743359899,BULL,MOM+QD
2024-04-11,0.013584321124927669,BULL,MOM+QD
2024-04-12,-0.01955345668423433,BULL,MOM+QD
2024-04-15,-0.018892386685209577,BULL,MOM+QD
2024-04-16,0.00053285907251225,RANGE,MR+QD
2024-04-17,-0.007232808854761399,RANGE,MR+QD
2024-04-18,-0.0024322286366591003,RANGE,MR+QD
2024-04-19,-0.0068670855567456,RANGE,MR+QD
2024-04-22,0.00978781327074855,RANGE,MR+QD
2024-04-23,0.015573207458134201,RANGE,MR+QD
2024-04-24,-0.005374668404531,RANGE,MR+QD
2024-04-25,-0.005747009010879,RANGE,MR+QD
2024-04-26,0.0057444701427712,RANGE,MR+QD
2024-04-29,-0.00054573519128645,RANGE,MR+QD
2024-04-30,-0.0088370718025278,RANGE,MR+QD
2024-05-01,-0.0028941625977237997,RANGE,MR+QD
2024-05-02,0.0062761243289872004,RANGE,MR+QD
2024-05-03,0.00844824239070455,RANGE,MR+QD
2024-05-06,0.01531769639139515,RANGE,MR+QD
2024-05-07,0.00312119548666615,RANGE,MR+QD
2024-05-08,0.0026131535255122,RANGE,MR+QD
2024-05-09,0.0051467249648424005,RANGE,MR+QD
2024-05-10,0.00023002627538919017,BULL,MOM+QD
2024-05-13,-0.00428260962534936,BULL,MOM+QD
2024-05-14,0.008348820986638729,BULL,MOM+QD
2024-05-15,0.01764954876604889,BULL,MOM+QD
2024-05-16,-0.00918990709142631,BULL,MOM+QD
2024-05-17,0.00119650644110741,BULL,MOM+QD
2024-05-20,0.0067471862959772085,BULL,MOM+QD
2024-05-21,0.00415236321444867,BULL,MOM+QD
2024-05-22,-0.0025662427322699598,BULL,MOM+QD
2024-05-23,0.00312337707631505,BULL,MOM+QD
2024-05-24,0.01172218276399124,BULL,MOM+QD
2024-05-28,0.009241345119976459,BULL,MOM+QD
2024-05-29,-0.010518060380411089,BULL,MOM+QD
2024-05-30,-0.0067462974603612605,BULL,MOM+QD
2024-05-31,-0.00313036203662485,BULL,MOM+QD
2024-06-03,0.00346842828802133,BULL,MOM+QD
2024-06-04,0.0012798544742403197,BULL,MOM+QD
2024-06-05,0.01632933209557962,BULL,MOM+QD
2024-06-06,-0.0013870358831655101,BULL,MOM+QD
2024-06-07,0.0012172499673388597,BULL,MOM+QD
2024-06-10,0.00871975264980936,BULL,MOM+QD
2024-06-11,-0.0055875047680833696,BULL,MOM+QD
2024-06-12,0.007590702881484539,BULL,MOM+QD
2024-06-13,0.007927692869075069,BULL,MOM+QD
2024-06-14,0.00357097664696316,BULL,MOM+QD
2024-06-17,0.01558573942442925,BULL,MOM+QD
2024-06-18,0.0061916797532636896,BULL,MOM+QD
2024-06-20,-0.00805605863319964,BULL,MOM+QD
2024-06-21,-0.00993963379972568,BULL,MOM+QD
2024-06-24,-0.01238612529898951,BULL,MOM+QD
2024-06-25,0.007257628851200459,BULL,MOM+QD
2024-06-26,0.00207850266683735,BULL,MOM+QD
2024-06-27,-0.00150432742012555,BULL,MOM+QD
2024-06-28,0.0005560351274570502,BULL,MOM+QD
2024-07-01,0.004308470383171299,BULL,MOM+QD
2024-07-02,0.00830096337062518,BULL,MOM+QD
2024-07-03,0.01053409539929481,BULL,MOM+QD
2024-07-05,0.011206209103787189,BULL,MOM+QD
2024-07-08,0.006580331704840619,BULL,MOM+QD
2024-07-09,0.00526175810421378,BULL,MOM+QD
2024-07-10,0.00993860019423385,BULL,MOM+QD
2024-07-11,-0.025560133043917126,BULL,MOM+QD
2024-07-12,-0.00234273208127942,BULL,MOM+QD
2024-07-15,0.00796680962933366,BULL,MOM+QD
2024-07-16,0.0007644510576693702,BULL,MOM+QD
2024-07-17,-0.04070487381848615,BULL,MOM+QD
2024-07-18,-0.00535906766959914,BULL,MOM+QD
2024-07-19,-0.00848867867269569,BULL,MOM+QD
2024-07-22,0.02083036743498331,BULL,MOM+QD
2024-07-23,0.007914784869156309,BULL,MOM+QD
2024-07-24,-0.04037008121374136,BULL,MOM+QD
2024-07-25,-0.014533384725844988,BULL,MOM+QD
2024-07-26,0.01434117553703875,RANGE,MR+QD
2024-07-29,-0.0041916838825102,RANGE,MR+QD
2024-07-30,-0.00623130233846145,RANGE,MR+QD
2024-07-31,0.02078141638501705,RANGE,MR+QD
2024-08-01,-0.004371281016242764,RANGE,MR+QD
2024-08-02,-0.0259664836560402,RANGE,MR+QD
2024-08-05,-0.029424423414206,RANGE,MR+QD
2024-08-06,0.014986903514562399,RANGE,MR+QD
2024-08-07,0.0,BEAR,CASH
2024-08-08,0.0,BEAR,CASH
2024-08-09,0.0,BEAR,CASH
2024-08-12,0.0,BEAR,CASH
2024-08-13,0.0,BEAR,CASH
2024-08-14,0.0074588018777037995,RANGE,MR+QD
2024-08-15,0.014881879344737049,RANGE,MR+QD
2024-08-16,0.00224798708343965,RANGE,MR+QD
2024-08-19,0.010344635317894379,BULL,MOM+QD
2024-08-20,1.4221921751600094e-06,BULL,MOM+QD
2024-08-21,0.00224332950048157,BULL,MOM+QD
2024-08-22,-0.009290701743497411,BULL,MOM+QD
2024-08-23,0.01066359222908036,BULL,MOM+QD
2024-08-26,-0.004537533751549829,BULL,MOM+QD
2024-08-27,0.0068840524413175995,BULL,MOM+QD
2024-08-28,-0.0077544510730258205,BULL,MOM+QD
2024-08-29,-0.0029355031837622497,BULL,MOM+QD
2024-08-30,0.01517195845952145,BULL,MOM+QD
2024-09-03,-0.03250893486417394,BULL,MOM+QD
2024-09-04,0.0016236826940116498,BULL,MOM+QD
2024-09-05,0.0,BEAR,CASH
2024-09-06,0.0,BEAR,CASH
2024-09-09,0.0,BEAR,CASH
2024-09-10,0.0,BEAR,CASH
2024-09-11,0.020753179755192058,BULL,MOM+QD
2024-09-12,0.01110367388802069,BULL,MOM+QD
2024-09-13,0.00788597550369749,BULL,MOM+QD
2024-09-16,0.0026116573508753096,BULL,MOM+QD
2024-09-17,-0.0027859034041797202,BULL,MOM+QD
2024-09-18,-0.00367900434050643,BULL,MOM+QD
2024-09-19,0.021389636508985725,BULL,MOM+QD
2024-09-20,0.00032643454471644,BULL,MOM+QD
2024-09-23,0.00163688658181853,BULL,MOM+QD
2024-09-24,0.00352704652749837,BULL,MOM+QD
2024-09-25,0.00215876342264347,BULL,MOM+QD
2024-09-26,2.6537021910679848e-05,BULL,MOM+QD
2024-09-27,-0.007601808757563021,BULL,MOM+QD
2024-09-30,0.00365822751677454,BULL,MOM+QD
2024-10-01,-0.011536624510690029,BULL,MOM+QD
2024-10-02,0.0050631252553348105,BULL,MOM+QD
2024-10-03,-2.698782042566991e-05,BULL,MOM+QD
2024-10-04,0.01544604731951894,BULL,MOM+QD
2024-10-07,-0.00654067891546975,BULL,MOM+QD
2024-10-08,0.012423076283569538,BULL,MOM+QD
2024-10-09,0.01231424424526675,RANGE,MR+QD
2024-10-10,-0.0030409837009213,RANGE,MR+QD
2024-10-11,0.012632440062743201,RANGE,MR+QD
2024-10-14,0.00529008306601185,RANGE,MR+QD
2024-10-15,-0.0066270588670247,RANGE,MR+QD
2024-10-16,0.00541235361429685,RANGE,MR+QD
2024-10-17,-0.0033675094822163,RANGE,MR+QD
2024-10-18,0.008097739115196649,BULL,MOM+QD
2024-10-21,-0.00228878570225994,BULL,MOM+QD
2024-10-22,-0.00450309018881569,BULL,MOM+QD
2024-10-23,-0.009534901984169819,BULL,MOM+QD
2024-10-24,-0.0027952922255441797,BULL,MOM+QD
2024-10-25,-0.00212478335501722,BULL,MOM+QD
2024-10-28,0.00170300021650888,BULL,MOM+QD
2024-10-29,0.005165995036788889,BULL,MOM+QD
2024-10-30,-0.01048024995168914,BULL,MOM+QD
2024-10-31,-0.017774455133910568,BULL,MOM+QD
2024-11-01,0.0003197116729285001,RANGE,MR+QD
2024-11-04,-0.0019356562032893,RANGE,MR+QD
2024-11-05,0.012048994955321,RANGE,MR+QD
2024-11-06,0.023475603756869152,RANGE,MR+QD
2024-11-07,0.0017315164934091501,RANGE,MR+QD
2024-11-08,0.00403011101065908,BULL,MOM+QD
2024-11-11,-0.00020679615898639,BULL,MOM+QD
2024-11-12,-0.00367618278302146,BULL,MOM+QD
2024-11-13,-0.0037534885233151596,BULL,MOM+QD
2024-11-14,-0.00515163994454529,BULL,MOM+QD
2024-11-15,-0.014552326824130489,BULL,MOM+QD
2024-11-18,0.005249968926741559,BULL,MOM+QD
2024-11-19,0.008636154008221361,BULL,MOM+QD
2024-11-20,0.00037442027320749995,BULL,MOM+QD
2024-11-21,0.013177920888689248,BULL,MOM+QD
2024-11-22,0.0066916952859741195,BULL,MOM+QD
2024-11-25,-0.00244636952268891,BULL,MOM+QD
2024-11-26,0.006623828918714,BULL,MOM+QD
2024-11-27,-0.00848363202980483,BULL,MOM+QD
2024-11-29,0.00900419302453952,BULL,MOM+QD
2024-12-02,0.0019646209359976095,BULL,MOM+QD
2024-12-03,0.0050848719296202995,BULL,MOM+QD
2024-12-04,0.00771963002114394,BULL,MOM+QD
2024-12-05,-0.00581757051799573,BULL,MOM+QD
2024-12-06,0.01004422608126992,BULL,MOM+QD
2024-12-09,-0.014636836948986,BULL,MOM+QD
2024-12-10,-0.004801808706462379,BULL,MOM+QD
2024-12-11,0.01140957437688527,BULL,MOM+QD
2024-12-12,-0.01013633962468385,BULL,MOM+QD
2024-12-13,0.013788254700299178,BULL,MOM+QD
2024-12-16,0.00798183397760142,BULL,MOM+QD
2024-12-17,-0.00831077062539838,BULL,MOM+QD
2024-12-18,-0.03148672750456577,BULL,MOM+QD
2024-12-19,0.00399135869048206,BULL,MOM+QD
2024-12-20,0.0,BEAR,CASH
2024-12-23,0.0,BEAR,CASH
2024-12-24,0.0,BEAR,CASH
2024-12-26,0.0,BEAR,CASH
2024-12-27,-0.012011259869766639,BULL,MOM+QD
2024-12-30,-0.010658666587478119,BULL,MOM+QD
