date,nn_signal,tda_turbulence,tda_regime_multiplier,has_position,blocked_reason,position_size_if_traded,portfolio_value,num_trades_so_far
2024-01-02,0.500000,0.500000,1.000000,False,WARMING_UP,0.00,20000.00,0
2024-01-03,0.500000,0.500000,1.000000,False,WARMING_UP,0.00,20000.00,0
2024-01-04,0.500000,0.500000,1.000000,False,WARMING_UP,0.00,20000.00,0
2024-01-05,0.500000,0.500000,1.000000,False,WARMING_UP,0.00,20000.00,0
2024-01-08,0.500000,0.500000,1.000000,False,WARMING_UP,0.00,20000.00,0
2024-01-09,0.500000,0.500000,1.000000,False,WARMING_UP,0.00,20000.00,0
2024-01-10,0.500000,0.500000,1.000000,False,WARMING_UP,0.00,20000.00,0
2024-01-11,0.500000,0.500000,1.000000,False,WARMING_UP,0.00,20000.00,0
2024-01-12,0.500000,0.500000,1.000000,False,WARMING_UP,0.00,20000.00,0
2024-01-16,0.500000,0.500000,1.000000,False,WARMING_UP,0.00,20000.00,0
2024-01-17,0.500000,0.500000,1.000000,False,WARMING_UP,0.00,20000.00,0
2024-01-18,0.500000,0.500000,1.000000,False,WARMING_UP,0.00,20000.00,0
2024-01-19,0.500000,0.500000,1.000000,False,WARMING_UP,0.00,20000.00,0
2024-01-22,0.500000,0.500000,1.000000,False,WARMING_UP,0.00,20000.00,0
2024-01-23,0.500000,0.500000,1.000000,False,WARMING_UP,0.00,20000.00,0
2024-01-24,0.500000,0.500000,1.000000,False,WARMING_UP,0.00,20000.00,0
2024-01-25,0.500000,0.500000,1.000000,False,WARMING_UP,0.00,20000.00,0
2024-01-26,0.500000,0.500000,1.000000,False,WARMING_UP,0.00,20000.00,0
2024-01-29,0.500000,0.500000,1.000000,False,WARMING_UP,0.00,20000.00,0
2024-01-30,0.500000,0.500000,1.000000,False,WARMING_UP,0.00,20000.00,0
2024-01-31,0.500000,0.500000,1.000000,False,WARMING_UP,0.00,20000.00,0
2024-02-01,0.500000,0.500000,1.000000,False,WARMING_UP,0.00,20000.00,0
2024-02-02,0.500000,0.500000,1.000000,False,WARMING_UP,0.00,20000.00,0
2024-02-05,0.500000,0.500000,1.000000,False,WARMING_UP,0.00,20000.00,0
2024-02-06,0.500000,0.500000,1.000000,False,WARMING_UP,0.00,20000.00,0
2024-02-07,0.500000,0.500000,1.000000,False,WARMING_UP,0.00,20000.00,0
2024-02-08,0.500000,0.500000,1.000000,False,WARMING_UP,0.00,20000.00,0
2024-02-09,0.500000,0.500000,1.000000,False,WARMING_UP,0.00,20000.00,0
2024-02-12,0.500000,0.500000,1.000000,False,WARMING_UP,0.00,20000.00,0
2024-02-13,0.500000,0.500000,1.000000,False,WARMING_UP,0.00,20000.00,0
2024-02-14,0.500000,0.500000,1.000000,False,WARMING_UP,0.00,20000.00,0
2024-02-15,0.500000,0.500000,1.000000,False,WARMING_UP,0.00,20000.00,0
2024-02-16,0.500000,0.500000,1.000000,False,WARMING_UP,0.00,20000.00,0
2024-02-20,0.500000,0.500000,1.000000,False,WARMING_UP,0.00,20000.00,0
2024-02-21,0.500000,0.500000,1.000000,False,WARMING_UP,0.00,20000.00,0
2024-02-22,0.500000,0.500000,1.000000,False,WARMING_UP,0.00,20000.00,0
2024-02-23,0.500000,0.500000,1.000000,False,WARMING_UP,0.00,20000.00,0
2024-02-26,0.500000,0.500000,1.000000,False,WARMING_UP,0.00,20000.00,0
2024-02-27,0.500000,0.500000,1.000000,False,WARMING_UP,0.00,20000.00,0
2024-02-28,0.513584,0.018607,0.988836,False,NO_SIGNAL,0.00,20000.00,0
2024-02-29,0.503901,0.018322,0.989007,False,NO_SIGNAL,0.00,20000.00,0
2024-03-01,0.480342,0.018373,0.988976,False,NO_SIGNAL,0.00,20000.00,0
2024-03-04,0.455898,0.018275,0.989035,False,NN_SIGNAL_TOO_HIGH_SELL,0.00,20000.00,0
2024-03-05,0.525821,0.018258,0.989045,False,SIGNAL_FILTERED,2969.67,20000.00,0
2024-03-06,0.605717,0.017825,0.989305,False,SIGNAL_FILTERED,2984.71,20000.00,0
2024-03-07,0.712960,0.017089,0.989747,False,SIGNAL_FILTERED,2511.95,20000.00,0
2024-03-08,0.794562,0.017196,0.989683,False,SIGNAL_FILTERED,2996.25,20000.00,0
2024-03-11,0.845555,0.017147,0.989712,False,SIGNAL_FILTERED,2993.67,20000.00,0
2024-03-12,0.850771,0.017193,0.989684,False,SIGNAL_FILTERED,2521.56,20000.00,0
2024-03-13,0.853178,0.017025,0.989785,False,SIGNAL_FILTERED,2517.61,20000.00,0
2024-03-14,0.702313,0.016862,0.989883,False,SIGNAL_FILTERED,2512.63,20000.00,0
2024-03-15,0.683789,0.017274,0.989636,False,SIGNAL_FILTERED,2994.46,20000.00,0
2024-03-18,0.705759,0.017151,0.989709,False,SIGNAL_FILTERED,2510.21,20000.00,0
2024-03-19,0.674160,0.017060,0.989764,False,SIGNAL_FILTERED,2524.16,20000.00,0
2024-03-20,0.631030,0.017059,0.989764,False,SIGNAL_FILTERED,2547.51,20000.00,0
2024-03-21,0.590451,0.016914,0.989852,False,SIGNAL_FILTERED,2555.93,20000.00,0
2024-03-22,0.597705,0.016829,0.989903,False,SIGNAL_FILTERED,2551.08,20000.00,0
2024-03-25,0.571503,0.017181,0.989692,False,SIGNAL_FILTERED,2544.03,20000.00,0
2024-03-26,0.553491,0.017216,0.989671,False,SIGNAL_FILTERED,2539.33,20000.00,0
2024-03-27,0.549535,0.016721,0.989968,False,SIGNAL_FILTERED,2560.68,20000.00,0
2024-03-28,0.620663,0.016682,0.989991,False,SIGNAL_FILTERED,2560.19,20000.00,0
2024-04-01,0.731948,0.016416,0.990150,False,SIGNAL_FILTERED,2555.73,20000.00,0
2024-04-02,0.782846,0.016157,0.990306,False,SIGNAL_FILTERED,2539.48,20000.00,0
2024-04-03,0.806681,0.015769,0.990539,False,SIGNAL_FILTERED,2542.27,20000.00,0
2024-04-04,0.815642,0.016160,0.990304,False,SIGNAL_FILTERED,2511.24,20000.00,0
2024-04-05,0.815156,0.016414,0.990152,False,SIGNAL_FILTERED,2537.47,20000.00,0
2024-04-08,0.807820,0.016883,0.989870,False,SIGNAL_FILTERED,2538.89,20000.00,0
2024-04-09,0.785594,0.016207,0.990276,False,SIGNAL_FILTERED,2541.83,20000.00,0
2024-04-10,0.754520,0.015505,0.990697,False,SIGNAL_FILTERED,2516.38,20000.00,0
2024-04-11,0.709812,0.014525,0.991285,False,SIGNAL_FILTERED,2535.37,20000.00,0
2024-04-12,0.773542,0.015174,0.990895,False,TRADE_EXECUTED_BUY,2500.37,20000.00,1
2024-04-15,0.811448,0.016369,0.990178,True,ALREADY_POSITIONED,2962.86,19945.21,1
2024-04-16,0.834581,0.017584,0.989450,True,ALREADY_POSITIONED,2957.46,19940.70,1
2024-04-17,0.825003,0.017573,0.989456,True,ALREADY_POSITIONED,2939.95,19926.12,1
2024-04-18,0.788363,0.017905,0.989257,True,STOP_LOSS_EXIT,2933.90,19921.07,2
2024-04-19,0.744525,0.017345,0.989593,False,TRADE_EXECUTED_BUY,2908.29,19918.24,3
2024-04-22,0.541812,0.017389,0.989566,True,ALREADY_POSITIONED,2935.08,19926.42,3
2024-04-23,0.432995,0.017711,0.989373,True,TRADE_EXECUTED_SELL,0.00,19961.25,4
2024-04-24,0.405789,0.017556,0.989467,False,NN_SIGNAL_TOO_HIGH_SELL,0.00,19963.61,4
2024-04-25,0.352277,0.017729,0.989363,False,NN_SIGNAL_TOO_HIGH_SELL,0.00,19963.61,4
2024-04-26,0.283649,0.017602,0.989439,False,NN_SIGNAL_TOO_HIGH_SELL,0.00,19963.61,4
2024-04-29,0.215633,0.017385,0.989569,False,NN_SIGNAL_TOO_HIGH_SELL,0.00,19963.61,4
2024-04-30,0.205144,0.018242,0.989055,False,NN_SIGNAL_TOO_HIGH_SELL,0.00,19963.61,4
2024-05-01,0.232228,0.018286,0.989028,False,NN_SIGNAL_TOO_HIGH_SELL,0.00,19963.61,4
2024-05-02,0.278000,0.019649,0.988211,False,NN_SIGNAL_TOO_HIGH_SELL,0.00,19963.61,4
2024-05-03,0.330394,0.019887,0.988068,False,NN_SIGNAL_TOO_HIGH_SELL,0.00,19963.61,4
2024-05-06,0.386659,0.020012,0.987993,False,NN_SIGNAL_TOO_HIGH_SELL,0.00,19963.61,4
2024-05-07,0.418650,0.020390,0.987766,False,NN_SIGNAL_TOO_HIGH_SELL,0.00,19963.61,4
2024-05-08,0.448304,0.020446,0.987732,False,NN_SIGNAL_TOO_HIGH_SELL,0.00,19963.61,4
2024-05-09,0.469516,0.020758,0.987545,False,NN_SIGNAL_TOO_HIGH_SELL,0.00,19963.61,4
2024-05-10,0.440247,0.020478,0.987713,False,NN_SIGNAL_TOO_HIGH_SELL,0.00,19963.61,4
2024-05-13,0.406033,0.020476,0.987714,False,NN_SIGNAL_TOO_HIGH_SELL,0.00,19963.61,4
2024-05-14,0.405827,0.020387,0.987768,False,NN_SIGNAL_TOO_HIGH_SELL,0.00,19963.61,4
2024-05-15,0.439023,0.020576,0.987655,False,NN_SIGNAL_TOO_HIGH_SELL,0.00,19963.61,4
2024-05-16,0.496239,0.020813,0.987512,False,NO_SIGNAL,0.00,19963.61,4
2024-05-17,0.558780,0.020975,0.987415,False,SIGNAL_FILTERED,2591.41,19963.61,4
2024-05-20,0.614139,0.021140,0.987316,False,SIGNAL_FILTERED,2594.40,19963.61,4
2024-05-21,0.563264,0.020931,0.987442,False,SIGNAL_FILTERED,2600.76,19963.61,4
2024-05-22,0.471237,0.020477,0.987714,False,NN_SIGNAL_TOO_HIGH_SELL,0.00,19963.61,4
2024-05-23,0.418753,0.020581,0.987651,False,NN_SIGNAL_TOO_HIGH_SELL,0.00,19963.61,4
2024-05-24,0.460552,0.020736,0.987558,False,NN_SIGNAL_TOO_HIGH_SELL,0.00,19963.61,4
2024-05-28,0.482834,0.020825,0.987505,False,NO_SIGNAL,0.00,19963.61,4
2024-05-29,0.478066,0.019686,0.988188,False,NN_SIGNAL_TOO_HIGH_SELL,0.00,19963.61,4
2024-05-30,0.479039,0.018742,0.988755,False,NN_SIGNAL_TOO_HIGH_SELL,0.00,19963.61,4
2024-05-31,0.479142,0.017250,0.989650,False,NN_SIGNAL_TOO_HIGH_SELL,0.00,19963.61,4
2024-06-03,0.468689,0.016812,0.989913,False,NN_SIGNAL_TOO_HIGH_SELL,0.00,19963.61,4
2024-06-04,0.462932,0.016544,0.990073,False,NN_SIGNAL_TOO_HIGH_SELL,0.00,19963.61,4
2024-06-05,0.471445,0.015827,0.990504,False,NN_SIGNAL_TOO_HIGH_SELL,0.00,19963.61,4
2024-06-06,0.486810,0.015576,0.990654,False,NO_SIGNAL,0.00,19963.61,4
2024-06-07,0.490190,0.015219,0.990869,False,NO_SIGNAL,0.00,19963.61,4
2024-06-10,0.469947,0.015560,0.990664,False,NN_SIGNAL_TOO_HIGH_SELL,0.00,19963.61,4
2024-06-11,0.464540,0.015501,0.990700,False,NN_SIGNAL_TOO_HIGH_SELL,0.00,19963.61,4
2024-06-12,0.460518,0.015535,0.990679,False,NN_SIGNAL_TOO_HIGH_SELL,0.00,19963.61,4
2024-06-13,0.455422,0.015421,0.990747,False,NN_SIGNAL_TOO_HIGH_SELL,0.00,19963.61,4
2024-06-14,0.439150,0.014599,0.991241,False,NN_SIGNAL_TOO_HIGH_SELL,0.00,19963.61,4
2024-06-17,0.462642,0.013646,0.991813,False,NN_SIGNAL_TOO_HIGH_SELL,0.00,19963.61,4
2024-06-18,0.505169,0.012763,0.992342,False,NO_SIGNAL,0.00,19963.61,4
2024-06-20,0.526153,0.012278,0.992633,False,SIGNAL_FILTERED,2677.31,19963.61,4
2024-06-21,0.556894,0.011568,0.993059,False,SIGNAL_FILTERED,2673.72,19963.61,4
2024-06-24,0.582937,0.011044,0.993373,False,SIGNAL_FILTERED,2665.03,19963.61,4
2024-06-25,0.536509,0.010826,0.993504,False,SIGNAL_FILTERED,2675.29,19963.61,4
2024-06-26,0.462042,0.010624,0.993626,False,NN_SIGNAL_TOO_HIGH_SELL,0.00,19963.61,4
2024-06-27,0.645507,0.010577,0.993654,False,SIGNAL_FILTERED,2682.86,19963.61,4
2024-06-28,0.507139,0.010654,0.993608,False,NO_SIGNAL,0.00,19963.61,4
2024-07-01,0.434057,0.010823,0.993506,False,NN_SIGNAL_TOO_HIGH_SELL,0.00,19963.61,4
2024-07-02,0.443922,0.010987,0.993408,False,NN_SIGNAL_TOO_HIGH_SELL,0.00,19963.61,4
2024-07-03,0.438341,0.010884,0.993470,False,NN_SIGNAL_TOO_HIGH_SELL,0.00,19963.61,4
2024-07-05,0.495081,0.010999,0.993401,False,NO_SIGNAL,0.00,19963.61,4
2024-07-08,0.554742,0.010993,0.993404,False,SIGNAL_FILTERED,2726.61,19963.61,4
2024-07-09,0.596207,0.011111,0.993333,False,SIGNAL_FILTERED,2729.26,19963.61,4
2024-07-10,0.652621,0.010996,0.993402,False,SIGNAL_FILTERED,2756.26,19963.61,4
2024-07-11,0.649280,0.011859,0.992884,False,SIGNAL_FILTERED,2732.50,19963.61,4
2024-07-12,0.629903,0.013153,0.992108,False,SIGNAL_FILTERED,2749.73,19963.61,4
2024-07-15,0.570861,0.013359,0.991985,False,SIGNAL_FILTERED,2757.30,19963.61,4
2024-07-16,0.551023,0.013083,0.992150,False,SIGNAL_FILTERED,2773.65,19963.61,4
2024-07-17,0.519964,0.013067,0.992160,False,NO_SIGNAL,0.00,19963.61,4
2024-07-18,0.488788,0.014087,0.991548,False,NO_SIGNAL,0.00,19963.61,4
2024-07-19,0.460165,0.015496,0.990703,False,NN_SIGNAL_TOO_HIGH_SELL,0.00,19963.61,4
2024-07-22,0.453331,0.016266,0.990241,False,NN_SIGNAL_TOO_HIGH_SELL,0.00,19963.61,4
2024-07-23,0.467450,0.016530,0.990082,False,NN_SIGNAL_TOO_HIGH_SELL,0.00,19963.61,4
2024-07-24,0.497552,0.017849,0.989290,False,NO_SIGNAL,0.00,19963.61,4
2024-07-25,0.506598,0.018669,0.988799,False,NO_SIGNAL,0.00,19963.61,4
2024-07-26,0.558321,0.020195,0.987883,False,SIGNAL_FILTERED,2673.38,19963.61,4
2024-07-29,0.550569,0.020297,0.987822,False,SIGNAL_FILTERED,2674.95,19963.61,4
2024-07-30,0.488292,0.020459,0.987725,False,NO_SIGNAL,0.00,19963.61,4
2024-07-31,0.450559,0.020953,0.987428,False,NN_SIGNAL_TOO_HIGH_SELL,0.00,19963.61,4
2024-08-01,0.445161,0.021596,0.987042,False,NN_SIGNAL_TOO_HIGH_SELL,0.00,19963.61,4
2024-08-02,0.469690,0.022965,0.986221,False,NN_SIGNAL_TOO_HIGH_SELL,0.00,19963.61,4
2024-08-05,0.564804,0.026259,0.984245,False,TRADE_EXECUTED_BUY,2540.50,19963.61,5
2024-08-06,0.499696,0.028864,0.982681,True,ALREADY_POSITIONED,0.00,19975.45,5
2024-08-07,0.530601,0.031206,0.981277,True,ALREADY_POSITIONED,2546.79,19958.32,5
2024-08-08,0.523353,0.032027,0.980784,True,ALREADY_POSITIONED,2605.67,20017.19,5
2024-08-09,0.504591,0.032694,0.980384,True,ALREADY_POSITIONED,0.00,20028.68,5
2024-08-12,0.472515,0.033335,0.979999,True,TRADE_EXECUTED_SELL,0.00,20030.06,6
2024-08-13,0.436188,0.033470,0.979918,False,NN_SIGNAL_TOO_HIGH_SELL,0.00,20043.43,6
2024-08-14,0.421060,0.033404,0.979957,False,NN_SIGNAL_TOO_HIGH_SELL,0.00,20043.43,6
2024-08-15,0.431403,0.033966,0.979620,False,NN_SIGNAL_TOO_HIGH_SELL,0.00,20043.43,6
2024-08-16,0.441765,0.033972,0.979617,False,NN_SIGNAL_TOO_HIGH_SELL,0.00,20043.43,6
2024-08-19,0.429779,0.033963,0.979622,False,NN_SIGNAL_TOO_HIGH_SELL,0.00,20043.43,6
2024-08-20,0.423227,0.033624,0.979826,False,NN_SIGNAL_TOO_HIGH_SELL,0.00,20043.43,6
2024-08-21,0.425638,0.033481,0.979911,False,NN_SIGNAL_TOO_HIGH_SELL,0.00,20043.43,6
2024-08-22,0.435783,0.033601,0.979839,False,NN_SIGNAL_TOO_HIGH_SELL,0.00,20043.43,6
2024-08-23,0.430415,0.033658,0.979805,False,NN_SIGNAL_TOO_HIGH_SELL,0.00,20043.43,6
2024-08-26,0.440994,0.033791,0.979726,False,NN_SIGNAL_TOO_HIGH_SELL,0.00,20043.43,6
2024-08-27,0.446597,0.033690,0.979786,False,NN_SIGNAL_TOO_HIGH_SELL,0.00,20043.43,6
2024-08-28,0.450029,0.033334,0.980000,False,NN_SIGNAL_TOO_HIGH_SELL,0.00,20043.43,6
2024-08-29,0.412375,0.033215,0.980071,False,NN_SIGNAL_TOO_HIGH_SELL,0.00,20043.43,6
2024-08-30,0.408116,0.033277,0.980034,False,NN_SIGNAL_TOO_HIGH_SELL,0.00,20043.43,6
2024-09-03,0.399390,0.033855,0.979687,False,NN_SIGNAL_TOO_HIGH_SELL,0.00,20043.43,6
2024-09-04,0.393556,0.033905,0.979657,False,NN_SIGNAL_TOO_HIGH_SELL,0.00,20043.43,6
2024-09-05,0.499716,0.033902,0.979659,False,NO_SIGNAL,0.00,20043.43,6
2024-09-06,0.568952,0.033404,0.979958,False,TRADE_EXECUTED_BUY,2653.34,20043.43,7
2024-09-09,0.579264,0.033157,0.980106,True,ALREADY_POSITIONED,2683.05,20049.40,7
2024-09-10,0.537279,0.032780,0.980332,True,ALREADY_POSITIONED,2694.74,20061.08,7
2024-09-11,0.534756,0.032009,0.980794,True,ALREADY_POSITIONED,2722.38,20088.73,7
2024-09-12,0.603184,0.032426,0.980545,True,ALREADY_POSITIONED,2745.31,20111.66,7
2024-09-13,0.612446,0.032308,0.980615,True,ALREADY_POSITIONED,2759.65,20126.00,7
2024-09-16,0.530215,0.032381,0.980572,True,ALREADY_POSITIONED,2763.73,20130.07,7
2024-09-17,0.438433,0.031823,0.980906,True,TRADE_EXECUTED_SELL,0.00,20131.20,8
2024-09-18,0.444937,0.030074,0.981955,False,NN_SIGNAL_TOO_HIGH_SELL,0.00,20131.72,8
2024-09-19,0.481793,0.027355,0.983587,False,NO_SIGNAL,0.00,20131.72,8
2024-09-20,0.558063,0.025253,0.984848,False,SIGNAL_FILTERED,2798.85,20131.72,8
2024-09-23,0.500444,0.024156,0.985507,False,NO_SIGNAL,0.00,20131.72,8
2024-09-24,0.435567,0.023658,0.985805,False,NN_SIGNAL_TOO_HIGH_SELL,0.00,20131.72,8
2024-09-25,0.437442,0.023038,0.986177,False,NN_SIGNAL_TOO_HIGH_SELL,0.00,20131.72,8
2024-09-26,0.418608,0.022540,0.986476,False,NN_SIGNAL_TOO_HIGH_SELL,0.00,20131.72,8
2024-09-27,0.460063,0.022353,0.986588,False,NN_SIGNAL_TOO_HIGH_SELL,0.00,20131.72,8
2024-09-30,0.469482,0.022325,0.986605,False,NN_SIGNAL_TOO_HIGH_SELL,0.00,20131.72,8
2024-10-01,0.499104,0.021943,0.986834,False,NO_SIGNAL,0.00,20131.72,8
2024-10-02,0.506685,0.021059,0.987365,False,NO_SIGNAL,0.00,20131.72,8
2024-10-03,0.471371,0.020611,0.987634,False,NN_SIGNAL_TOO_HIGH_SELL,0.00,20131.72,8
2024-10-04,0.448539,0.020115,0.987931,False,NN_SIGNAL_TOO_HIGH_SELL,0.00,20131.72,8
2024-10-07,0.448474,0.020193,0.987884,False,NN_SIGNAL_TOO_HIGH_SELL,0.00,20131.72,8
2024-10-08,0.453770,0.020448,0.987731,False,NN_SIGNAL_TOO_HIGH_SELL,0.00,20131.72,8
2024-10-09,0.462456,0.021273,0.987236,False,NN_SIGNAL_TOO_HIGH_SELL,0.00,20131.72,8
2024-10-10,0.441050,0.021295,0.987223,False,NN_SIGNAL_TOO_HIGH_SELL,0.00,20131.72,8
2024-10-11,0.415110,0.021311,0.987213,False,NN_SIGNAL_TOO_HIGH_SELL,0.00,20131.72,8
2024-10-14,0.405771,0.021510,0.987094,False,NN_SIGNAL_TOO_HIGH_SELL,0.00,20131.72,8
2024-10-15,0.467633,0.021871,0.986878,False,NN_SIGNAL_TOO_HIGH_SELL,0.00,20131.72,8
2024-10-16,0.592459,0.021463,0.987122,False,SIGNAL_FILTERED,2868.05,20131.72,8
2024-10-17,0.648769,0.020612,0.987633,False,SIGNAL_FILTERED,2868.30,20131.72,8
2024-10-18,0.665795,0.019468,0.988319,False,SIGNAL_FILTERED,2879.33,20131.72,8
2024-10-21,0.574362,0.018425,0.988945,False,SIGNAL_FILTERED,2874.60,20131.72,8
2024-10-22,0.547382,0.017789,0.989327,False,SIGNAL_FILTERED,2873.08,20131.72,8
2024-10-23,0.490098,0.016447,0.990132,False,NO_SIGNAL,0.00,20131.72,8
2024-10-24,0.550432,0.016076,0.990354,False,SIGNAL_FILTERED,2852.98,20131.72,8
2024-10-25,0.631291,0.015675,0.990595,False,SIGNAL_FILTERED,2852.00,20131.72,8
2024-10-28,0.551540,0.015244,0.990854,False,SIGNAL_FILTERED,2860.81,20131.72,8
2024-10-29,0.558944,0.014960,0.991024,False,SIGNAL_FILTERED,2865.44,20131.72,8
2024-10-30,0.689386,0.015046,0.990972,False,SIGNAL_FILTERED,2856.77,20131.72,8
2024-10-31,0.760739,0.016108,0.990335,False,TRADE_EXECUTED_BUY,1680.46,20131.72,9
2024-11-01,0.626770,0.017075,0.989755,True,ALREADY_POSITIONED,1687.56,20129.21,9
2024-11-04,0.537207,0.017487,0.989508,True,ALREADY_POSITIONED,1683.92,20125.57,9
2024-11-05,0.579916,0.016803,0.989918,True,ALREADY_POSITIONED,1704.28,20145.94,9
2024-11-06,0.724957,0.018188,0.989087,True,TAKE_PROFIT_EXIT,2911.10,20188.31,10
2024-11-07,0.788559,0.020862,0.987483,False,SIGNAL_FILTERED,2933.61,20192.59,10
2024-11-08,0.799899,0.022444,0.986533,False,SIGNAL_FILTERED,2946.32,20192.59,10
2024-11-11,0.743172,0.022430,0.986542,False,SIGNAL_FILTERED,2949.13,20192.59,10
2024-11-12,0.629188,0.022535,0.986479,False,SIGNAL_FILTERED,2939.96,20192.59,10
2024-11-13,0.518241,0.022629,0.986422,False,NO_SIGNAL,0.00,20192.59,10
2024-11-14,0.535791,0.022705,0.986377,False,SIGNAL_FILTERED,2922.48,20192.59,10
2024-11-15,0.516092,0.022497,0.986502,False,NO_SIGNAL,0.00,20192.59,10
2024-11-18,0.517829,0.022417,0.986550,False,NO_SIGNAL,0.00,20192.59,10
2024-11-19,0.518856,0.022201,0.986680,False,NO_SIGNAL,0.00,20192.59,10
2024-11-20,0.522321,0.021779,0.986933,False,SIGNAL_FILTERED,2908.44,20192.59,10
2024-11-21,0.515419,0.021632,0.987021,False,NO_SIGNAL,0.00,20192.59,10
2024-11-22,0.525331,0.021210,0.987274,False,SIGNAL_FILTERED,2933.12,20192.59,10
2024-11-25,0.524758,0.021776,0.986935,False,SIGNAL_FILTERED,2943.07,20192.59,10
2024-11-26,0.495002,0.021990,0.986806,False,NO_SIGNAL,0.00,20192.59,10
2024-11-27,0.456214,0.022199,0.986680,False,NN_SIGNAL_TOO_HIGH_SELL,0.00,20192.59,10
2024-11-29,0.428334,0.021739,0.986957,False,NN_SIGNAL_TOO_HIGH_SELL,0.00,20192.59,10
2024-12-02,0.421060,0.021441,0.987135,False,NN_SIGNAL_TOO_HIGH_SELL,0.00,20192.59,10
2024-12-03,0.393849,0.021587,0.987048,False,NN_SIGNAL_TOO_HIGH_SELL,0.00,20192.59,10
2024-12-04,0.384557,0.021613,0.987032,False,NN_SIGNAL_TOO_HIGH_SELL,0.00,20192.59,10
2024-12-05,0.401977,0.021655,0.987007,False,NN_SIGNAL_TOO_HIGH_SELL,0.00,20192.59,10
2024-12-06,0.514142,0.021675,0.986995,False,NO_SIGNAL,0.00,20192.59,10
2024-12-09,0.563536,0.021789,0.986927,False,SIGNAL_FILTERED,2978.28,20192.59,10
2024-12-10,0.559941,0.022265,0.986641,False,SIGNAL_FILTERED,2969.02,20192.59,10
2024-12-11,0.546596,0.022395,0.986563,False,SIGNAL_FILTERED,2991.98,20192.59,10
2024-12-12,0.547854,0.022589,0.986447,False,SIGNAL_FILTERED,3571.87,20192.59,10
2024-12-13,0.562567,0.022652,0.986409,False,SIGNAL_FILTERED,3571.16,20192.59,10
2024-12-16,0.574387,0.022610,0.986434,False,SIGNAL_FILTERED,3586.41,20192.59,10
2024-12-17,0.595630,0.022147,0.986712,False,SIGNAL_FILTERED,3571.64,20192.59,10
2024-12-18,0.624234,0.023578,0.985853,False,TRADE_EXECUTED_BUY,1732.59,20192.59,11
2024-12-19,0.621845,0.024842,0.985095,True,ALREADY_POSITIONED,1732.06,20175.30,11
2024-12-20,0.596487,0.026927,0.983844,True,ALREADY_POSITIONED,1752.87,20196.10,11
2024-12-23,0.523730,0.024173,0.985496,True,ALREADY_POSITIONED,1763.36,20206.60,11
2024-12-24,0.445426,0.022549,0.986471,True,TRADE_EXECUTED_SELL,0.00,20226.20,12
2024-12-26,0.419288,0.021652,0.987009,False,NN_SIGNAL_TOO_HIGH_SELL,0.00,20219.08,12
2024-12-27,0.458205,0.022191,0.986686,False,REGIME_UNFAVORABLE,0.00,20219.08,12
2024-12-30,0.454158,0.022429,0.986542,False,REGIME_UNFAVORABLE,0.00,20219.08,12
2024-12-31,0.472214,0.022837,0.986298,False,REGIME_UNFAVORABLE,0.00,20219.08,12
2025-01-02,0.523866,0.023098,0.986141,False,REGIME_UNFAVORABLE,0.00,20219.08,12
2025-01-03,0.523860,0.023632,0.985821,False,REGIME_UNFAVORABLE,0.00,20219.08,12
2025-01-06,0.513386,0.023641,0.985815,False,REGIME_UNFAVORABLE,0.00,20219.08,12
2025-01-07,0.456362,0.024359,0.985385,False,REGIME_UNFAVORABLE,0.00,20219.08,12
2025-01-08,0.315221,0.024604,0.985238,False,REGIME_UNFAVORABLE,0.00,20219.08,12
2025-01-10,0.284846,0.025599,0.984640,False,REGIME_UNFAVORABLE,0.00,20219.08,12
2025-01-13,0.306375,0.025062,0.984963,False,REGIME_UNFAVORABLE,0.00,20219.08,12
2025-01-14,0.380803,0.024217,0.985470,False,REGIME_UNFAVORABLE,0.00,20219.08,12
2025-01-15,0.442452,0.024709,0.985175,False,REGIME_UNFAVORABLE,0.00,20219.08,12
2025-01-16,0.482177,0.025172,0.984897,False,REGIME_UNFAVORABLE,0.00,20219.08,12
2025-01-17,0.518209,0.025686,0.984589,False,NO_SIGNAL,0.00,20219.08,12
2025-01-21,0.546604,0.025747,0.984552,False,SIGNAL_FILTERED,2980.25,20219.08,12
2025-01-22,0.523171,0.025413,0.984752,False,SIGNAL_FILTERED,2997.01,20219.08,12
2025-01-23,0.504021,0.025545,0.984673,False,NO_SIGNAL,0.00,20219.08,12
2025-01-24,0.506913,0.025443,0.984734,False,NO_SIGNAL,0.00,20219.08,12
2025-01-27,0.495261,0.024747,0.985152,False,NO_SIGNAL,0.00,20219.08,12
2025-01-28,0.474548,0.025297,0.984822,False,NN_SIGNAL_TOO_HIGH_SELL,0.00,20219.08,12
2025-01-29,0.482971,0.025702,0.984579,False,NO_SIGNAL,0.00,20219.08,12
2025-01-30,0.534769,0.025878,0.984473,False,SIGNAL_FILTERED,2990.09,20219.08,12
2025-01-31,0.579398,0.025737,0.984558,False,SIGNAL_FILTERED,2974.17,20219.08,12
2025-02-03,0.627891,0.025874,0.984475,False,SIGNAL_FILTERED,2954.16,20219.08,12
2025-02-04,0.636142,0.025699,0.984580,False,SIGNAL_FILTERED,2973.98,20219.08,12
2025-02-05,0.550874,0.026128,0.984323,False,SIGNAL_FILTERED,2986.03,20219.08,12
2025-02-06,0.505771,0.024756,0.985146,False,NO_SIGNAL,0.00,20219.08,12
2025-02-07,0.521672,0.023474,0.985916,False,SIGNAL_FILTERED,2968.98,20219.08,12
2025-02-10,0.527817,0.021711,0.986973,False,SIGNAL_FILTERED,2989.15,20219.08,12
2025-02-11,0.617903,0.021277,0.987234,False,SIGNAL_FILTERED,2991.42,20219.08,12
2025-02-12,0.788636,0.021177,0.987294,False,SIGNAL_FILTERED,1789.07,20219.08,12
2025-02-13,0.813826,0.021102,0.987339,False,SIGNAL_FILTERED,2410.61,20219.08,12
2025-02-14,0.785743,0.021025,0.987385,False,SIGNAL_FILTERED,2410.49,20219.08,12
2025-02-18,0.607022,0.020386,0.987769,False,SIGNAL_FILTERED,2417.57,20219.08,12
2025-02-19,0.464887,0.020120,0.987928,False,NN_SIGNAL_TOO_HIGH_SELL,0.00,20219.08,12
2025-02-20,0.452886,0.019707,0.988176,False,NN_SIGNAL_TOO_HIGH_SELL,0.00,20219.08,12
2025-02-21,0.453053,0.019804,0.988118,False,NN_SIGNAL_TOO_HIGH_SELL,0.00,20219.08,12
2025-02-24,0.410573,0.020284,0.987830,False,NN_SIGNAL_TOO_HIGH_SELL,0.00,20219.08,12
2025-02-25,0.445206,0.020291,0.987826,False,NN_SIGNAL_TOO_HIGH_SELL,0.00,20219.08,12
2025-02-26,0.414259,0.020532,0.987681,False,NN_SIGNAL_TOO_HIGH_SELL,0.00,20219.08,12
2025-02-27,0.397583,0.019980,0.988012,False,NN_SIGNAL_TOO_HIGH_SELL,0.00,20219.08,12
2025-02-28,0.357374,0.020580,0.987652,False,NN_SIGNAL_TOO_HIGH_SELL,0.00,20219.08,12
2025-03-03,0.391064,0.022107,0.986736,False,NN_SIGNAL_TOO_HIGH_SELL,0.00,20219.08,12
2025-03-04,0.363469,0.023225,0.986065,False,NN_SIGNAL_TOO_HIGH_SELL,0.00,20219.08,12
2025-03-05,0.443845,0.023828,0.985703,False,NN_SIGNAL_TOO_HIGH_SELL,0.00,20219.08,12
2025-03-06,0.524352,0.023101,0.986140,False,NO_SIGNAL,1698.19,20219.08,12
2025-03-07,0.381862,0.023475,0.985915,False,REGIME_UNFAVORABLE,0.00,20219.08,12
2025-03-10,0.331732,0.024165,0.985501,False,REGIME_UNFAVORABLE,0.00,20219.08,12
2025-03-11,0.354497,0.024734,0.985160,False,REGIME_UNFAVORABLE,0.00,20219.08,12
2025-03-12,0.486101,0.025364,0.984781,False,REGIME_UNFAVORABLE,0.00,20219.08,12
2025-03-13,0.473815,0.025082,0.984951,False,REGIME_UNFAVORABLE,0.00,20219.08,12
2025-03-14,0.500992,0.025368,0.984779,False,REGIME_UNFAVORABLE,0.00,20219.08,12
2025-03-17,0.471821,0.026332,0.984201,False,REGIME_UNFAVORABLE,0.00,20219.08,12
2025-03-18,0.469501,0.027679,0.983393,False,REGIME_UNFAVORABLE,0.00,20219.08,12
2025-03-19,0.503018,0.027428,0.983543,False,REGIME_UNFAVORABLE,0.00,20219.08,12
2025-03-20,0.578776,0.027230,0.983662,False,REGIME_UNFAVORABLE,0.00,20219.08,12
2025-03-21,0.515570,0.027301,0.983619,False,REGIME_UNFAVORABLE,0.00,20219.08,12
2025-03-24,0.531701,0.027663,0.983402,False,REGIME_UNFAVORABLE,0.00,20219.08,12
2025-03-25,0.494978,0.027848,0.983291,False,NO_SIGNAL,0.00,20219.08,12
2025-03-26,0.444523,0.027551,0.983469,False,NN_SIGNAL_TOO_HIGH_SELL,0.00,20219.08,12
2025-03-27,0.379248,0.027637,0.983418,False,NN_SIGNAL_TOO_HIGH_SELL,0.00,20219.08,12
2025-03-28,0.288848,0.027936,0.983239,False,NN_SIGNAL_TOO_HIGH_SELL,0.00,20219.08,12
2025-03-31,0.257554,0.028783,0.982730,False,NN_SIGNAL_TOO_HIGH_SELL,0.00,20219.08,12
2025-04-01,0.313038,0.029831,0.982101,False,NN_SIGNAL_TOO_HIGH_SELL,0.00,20219.08,12
2025-04-02,0.364787,0.030444,0.981734,False,NN_SIGNAL_TOO_HIGH_SELL,0.00,20219.08,12
2025-04-03,0.372536,0.034381,0.979371,False,NN_SIGNAL_TOO_HIGH_SELL,0.00,20219.08,12
2025-04-04,0.324070,0.044787,0.973128,False,REGIME_UNFAVORABLE,0.00,20219.08,12
2025-04-07,0.395198,0.053085,0.968149,False,REGIME_UNFAVORABLE,0.00,20219.08,12
2025-04-08,0.443080,0.056531,0.966082,False,REGIME_UNFAVORABLE,0.00,20219.08,12
2025-04-09,0.488923,0.069221,0.958467,False,REGIME_UNFAVORABLE,0.00,20219.08,12
2025-04-10,0.605467,0.082119,0.950729,False,REGIME_UNFAVORABLE,0.00,20219.08,12
2025-04-11,0.481263,0.094390,0.943366,False,REGIME_UNFAVORABLE,0.00,20219.08,12
2025-04-14,0.555903,0.094942,0.943035,False,REGIME_UNFAVORABLE,0.00,20219.08,12
2025-04-15,0.500994,0.095071,0.942958,False,REGIME_UNFAVORABLE,0.00,20219.08,12
2025-04-16,0.460746,0.096294,0.942224,False,REGIME_UNFAVORABLE,0.00,20219.08,12
2025-04-17,0.435632,0.096052,0.942369,False,REGIME_UNFAVORABLE,0.00,20219.08,12
2025-04-21,0.424024,0.095883,0.942470,False,REGIME_UNFAVORABLE,0.00,20219.08,12
2025-04-22,0.414082,0.095476,0.942715,False,REGIME_UNFAVORABLE,0.00,20219.08,12
2025-04-23,0.410061,0.096466,0.942120,False,REGIME_UNFAVORABLE,0.00,20219.08,12
2025-04-24,0.395945,0.096527,0.942084,False,REGIME_UNFAVORABLE,0.00,20219.08,12
2025-04-25,0.400234,0.096246,0.942253,False,REGIME_UNFAVORABLE,0.00,20219.08,12
2025-04-28,0.417160,0.096474,0.942115,False,REGIME_UNFAVORABLE,0.00,20219.08,12
2025-04-29,0.428301,0.096673,0.941996,False,REGIME_UNFAVORABLE,0.00,20219.08,12
2025-04-30,0.434987,0.096737,0.941958,False,NN_SIGNAL_TOO_HIGH_SELL,0.00,20219.08,12
2025-05-01,0.446039,0.096932,0.941841,False,NN_SIGNAL_TOO_HIGH_SELL,0.00,20219.08,12
2025-05-02,0.500669,0.096958,0.941825,False,NO_SIGNAL,0.00,20219.08,12
2025-05-05,0.538971,0.096851,0.941890,False,SIGNAL_FILTERED,1675.93,20219.08,12
2025-05-06,0.552548,0.097085,0.941749,False,SIGNAL_FILTERED,1661.93,20219.08,12
2025-05-07,0.554593,0.097291,0.941626,False,SIGNAL_FILTERED,1668.92,20219.08,12
2025-05-08,0.519077,0.096962,0.941823,False,NO_SIGNAL,0.00,20219.08,12
2025-05-09,0.472550,0.096759,0.941945,False,NN_SIGNAL_TOO_HIGH_SELL,0.00,20219.08,12
2025-05-12,0.459301,0.096419,0.942149,False,NN_SIGNAL_TOO_HIGH_SELL,0.00,20219.08,12
2025-05-13,0.503189,0.094606,0.943236,False,NO_SIGNAL,0.00,20219.08,12
2025-05-14,0.502822,0.092729,0.944363,False,NO_SIGNAL,0.00,20219.08,12
2025-05-15,0.552951,0.093029,0.944182,False,SIGNAL_FILTERED,2926.81,20219.08,12
2025-05-16,0.613670,0.093212,0.944073,False,SIGNAL_FILTERED,2945.35,20219.08,12
2025-05-19,0.567713,0.093227,0.944064,False,SIGNAL_FILTERED,2948.57,20219.08,12
2025-05-20,0.468410,0.092385,0.944569,False,NN_SIGNAL_TOO_HIGH_SELL,0.00,20219.08,12
2025-05-21,0.356664,0.086745,0.947953,False,NN_SIGNAL_TOO_HIGH_SELL,0.00,20219.08,12
2025-05-22,0.346717,0.081061,0.951363,False,NN_SIGNAL_TOO_HIGH_SELL,0.00,20219.08,12
2025-05-23,0.417662,0.079013,0.952592,False,NN_SIGNAL_TOO_HIGH_SELL,0.00,20219.08,12
2025-05-27,0.473040,0.070445,0.957733,False,NN_SIGNAL_TOO_HIGH_SELL,0.00,20219.08,12
2025-05-28,0.523863,0.056146,0.966312,False,SIGNAL_FILTERED,2913.28,20219.08,12
2025-05-29,0.456703,0.036593,0.978044,False,NN_SIGNAL_TOO_HIGH_SELL,0.00,20219.08,12
2025-05-30,0.449769,0.034446,0.979332,False,NN_SIGNAL_TOO_HIGH_SELL,0.00,20219.08,12
2025-06-02,0.440636,0.034528,0.979283,False,NN_SIGNAL_TOO_HIGH_SELL,0.00,20219.08,12
2025-06-03,0.456966,0.034088,0.979547,False,NN_SIGNAL_TOO_HIGH_SELL,0.00,20219.08,12
2025-06-04,0.471943,0.033934,0.979640,False,NN_SIGNAL_TOO_HIGH_SELL,0.00,20219.08,12
2025-06-05,0.573050,0.032439,0.980537,False,SIGNAL_FILTERED,2939.65,20219.08,12
2025-06-06,0.622258,0.030625,0.981625,False,SIGNAL_FILTERED,2969.84,20219.08,12
2025-06-09,0.664417,0.027736,0.983359,False,SIGNAL_FILTERED,2972.51,20219.08,12
2025-06-10,0.634646,0.026147,0.984312,False,SIGNAL_FILTERED,2989.37,20219.08,12
2025-06-11,0.596933,0.024865,0.985081,False,SIGNAL_FILTERED,2980.84,20219.08,12
2025-06-12,0.562172,0.024821,0.985108,False,SIGNAL_FILTERED,2992.69,20219.08,12
2025-06-13,0.541645,0.024904,0.985057,False,SIGNAL_FILTERED,2959.23,20219.08,12
2025-06-16,0.505184,0.025248,0.984851,False,NO_SIGNAL,0.00,20219.08,12
2025-06-17,0.496391,0.025482,0.984711,False,NO_SIGNAL,0.00,20219.08,12
2025-06-18,0.487563,0.025264,0.984842,False,NO_SIGNAL,0.00,20219.08,12
2025-06-20,0.502574,0.024843,0.985094,False,NO_SIGNAL,0.00,20219.08,12
2025-06-23,0.563640,0.024263,0.985442,False,SIGNAL_FILTERED,2983.64,20219.08,12
2025-06-24,0.625451,0.024460,0.985324,False,SIGNAL_FILTERED,2413.28,20219.08,12
2025-06-25,0.607958,0.024409,0.985355,False,SIGNAL_FILTERED,2414.63,20219.08,12
2025-06-26,0.551146,0.024481,0.985312,False,SIGNAL_FILTERED,2433.52,20219.08,12
2025-06-27,0.461786,0.023357,0.985986,False,NN_SIGNAL_TOO_HIGH_SELL,0.00,20219.08,12
2025-06-30,0.498118,0.021515,0.987091,False,NO_SIGNAL,0.00,20219.08,12
2025-07-01,0.600333,0.019609,0.988235,False,SIGNAL_FILTERED,3070.64,20219.08,12
2025-07-02,0.631203,0.019702,0.988179,False,SIGNAL_FILTERED,3084.56,20219.08,12
2025-07-03,0.653873,0.019678,0.988193,False,SIGNAL_FILTERED,3108.87,20219.08,12
2025-07-07,0.583247,0.020024,0.987986,False,SIGNAL_FILTERED,3085.70,20219.08,12
2025-07-08,0.564395,0.020048,0.987971,False,SIGNAL_FILTERED,3084.01,20219.08,12
2025-07-09,0.524432,0.019851,0.988090,False,SIGNAL_FILTERED,3102.51,20219.08,12
2025-07-10,0.533668,0.018622,0.988827,False,SIGNAL_FILTERED,3111.26,20219.08,12
2025-07-11,0.558811,0.017855,0.989287,False,SIGNAL_FILTERED,3100.32,20219.08,12
2025-07-14,0.521138,0.017150,0.989710,False,SIGNAL_FILTERED,3106.23,20219.08,12
2025-07-15,0.544098,0.015861,0.990483,False,SIGNAL_FILTERED,3092.96,20219.08,12
2025-07-16,0.551481,0.014684,0.991190,False,SIGNAL_FILTERED,3103.30,20219.08,12
2025-07-17,0.485378,0.014358,0.991385,False,NO_SIGNAL,0.00,20219.08,12
2025-07-18,0.432845,0.014328,0.991403,False,NN_SIGNAL_TOO_HIGH_SELL,0.00,20219.08,12
2025-07-21,0.439271,0.014492,0.991305,False,NN_SIGNAL_TOO_HIGH_SELL,0.00,20219.08,12
2025-07-22,0.460553,0.014697,0.991182,False,NN_SIGNAL_TOO_HIGH_SELL,0.00,20219.08,12
2025-07-23,0.494827,0.014437,0.991338,False,NO_SIGNAL,0.00,20219.08,12
2025-07-24,0.496705,0.014583,0.991250,False,NO_SIGNAL,0.00,20219.08,12
2025-07-25,0.461465,0.014200,0.991480,False,NN_SIGNAL_TOO_HIGH_SELL,0.00,20219.08,12
2025-07-28,0.471309,0.014166,0.991501,False,NN_SIGNAL_TOO_HIGH_SELL,0.00,20219.08,12
2025-07-29,0.490463,0.014311,0.991413,False,NO_SIGNAL,0.00,20219.08,12
2025-07-30,0.503580,0.014482,0.991311,False,NO_SIGNAL,0.00,20219.08,12
2025-07-31,0.506687,0.014222,0.991467,False,NO_SIGNAL,0.00,20219.08,12
2025-08-01,0.550290,0.014916,0.991050,False,SIGNAL_FILTERED,2472.70,20219.08,12
2025-08-04,0.591080,0.015782,0.990531,False,SIGNAL_FILTERED,2510.28,20219.08,12
2025-08-05,0.581535,0.017993,0.989204,False,SIGNAL_FILTERED,2497.55,20219.08,12
2025-08-06,0.537399,0.018372,0.988977,False,SIGNAL_FILTERED,2516.69,20219.08,12
2025-08-07,0.495125,0.018075,0.989155,False,NO_SIGNAL,0.00,20219.08,12
2025-08-08,0.457096,0.017843,0.989294,False,NN_SIGNAL_TOO_HIGH_SELL,0.00,20219.08,12
2025-08-11,0.495080,0.017407,0.989556,False,NO_SIGNAL,0.00,20219.08,12
2025-08-12,0.555004,0.017545,0.989473,False,SIGNAL_FILTERED,2556.10,20219.08,12
2025-08-13,0.540526,0.017632,0.989421,False,SIGNAL_FILTERED,2564.85,20219.08,12
2025-08-14,0.529298,0.017693,0.989384,False,SIGNAL_FILTERED,2565.09,20219.08,12
2025-08-15,0.516874,0.017713,0.989372,False,NO_SIGNAL,0.00,20219.08,12
2025-08-18,0.505719,0.017617,0.989430,False,NO_SIGNAL,0.00,20219.08,12
2025-08-19,0.480373,0.017278,0.989633,False,NO_SIGNAL,0.00,20219.08,12
2025-08-20,0.454143,0.017035,0.989779,False,NN_SIGNAL_TOO_HIGH_SELL,0.00,20219.08,12
2025-08-21,0.441112,0.016760,0.989944,False,NN_SIGNAL_TOO_HIGH_SELL,0.00,20219.08,12
2025-08-22,0.433034,0.015967,0.990420,False,NN_SIGNAL_TOO_HIGH_SELL,0.00,20219.08,12
2025-08-25,0.445653,0.016226,0.990264,False,NN_SIGNAL_TOO_HIGH_SELL,0.00,20219.08,12
2025-08-26,0.429309,0.016181,0.990291,False,NN_SIGNAL_TOO_HIGH_SELL,0.00,20219.08,12
2025-08-27,0.444920,0.016173,0.990296,False,NN_SIGNAL_TOO_HIGH_SELL,0.00,20219.08,12
2025-08-28,0.479826,0.016229,0.990263,False,NN_SIGNAL_TOO_HIGH_SELL,0.00,20219.08,12
2025-08-29,0.528059,0.016277,0.990234,False,SIGNAL_FILTERED,2565.49,20219.08,12
2025-09-02,0.611786,0.016226,0.990265,False,SIGNAL_FILTERED,2546.47,20219.08,12
2025-09-03,0.719209,0.016844,0.989894,False,SIGNAL_FILTERED,2560.28,20219.08,12
2025-09-04,0.753006,0.017215,0.989671,False,SIGNAL_FILTERED,2581.67,20219.08,12
2025-09-05,0.740298,0.017522,0.989487,False,SIGNAL_FILTERED,2574.20,20219.08,12
2025-09-08,0.673828,0.017598,0.989441,False,SIGNAL_FILTERED,2580.52,20219.08,12
2025-09-09,0.602315,0.017708,0.989375,False,SIGNAL_FILTERED,2586.49,20219.08,12
2025-09-10,0.547996,0.017915,0.989251,False,SIGNAL_FILTERED,2593.96,20219.08,12
2025-09-11,0.512944,0.018078,0.989153,False,NO_SIGNAL,0.00,20219.08,12
2025-09-12,0.534615,0.018000,0.989200,False,SIGNAL_FILTERED,2614.64,20219.08,12
2025-09-15,0.564647,0.017886,0.989269,False,SIGNAL_FILTERED,2628.56,20219.08,12
2025-09-16,0.665638,0.018012,0.989193,False,SIGNAL_FILTERED,2624.94,20219.08,12
2025-09-17,0.775642,0.017243,0.989654,False,SIGNAL_FILTERED,2621.68,20219.08,12
2025-09-18,0.800888,0.015912,0.990453,False,SIGNAL_FILTERED,2633.93,20219.08,12
2025-09-19,0.691844,0.014730,0.991162,False,SIGNAL_FILTERED,2646.98,20219.08,12
2025-09-22,0.522308,0.014666,0.991201,False,SIGNAL_FILTERED,2659.50,20219.08,12
2025-09-23,0.459661,0.014579,0.991252,False,NN_SIGNAL_TOO_HIGH_SELL,0.00,20219.08,12
2025-09-24,0.445702,0.014750,0.991150,False,NN_SIGNAL_TOO_HIGH_SELL,0.00,20219.08,12
2025-09-25,0.449680,0.014858,0.991085,False,NN_SIGNAL_TOO_HIGH_SELL,0.00,20219.08,12
2025-09-26,0.460397,0.014104,0.991538,False,NN_SIGNAL_TOO_HIGH_SELL,0.00,20219.08,12
2025-09-29,0.520812,0.013935,0.991639,False,SIGNAL_FILTERED,2646.90,20219.08,12
2025-09-30,0.593589,0.013436,0.991939,False,SIGNAL_FILTERED,2656.87,20219.08,12
2025-10-01,0.559440,0.013417,0.991950,False,SIGNAL_FILTERED,2665.92,20219.08,12
2025-10-02,0.589551,0.013333,0.992000,False,SIGNAL_FILTERED,2668.99,20219.08,12
2025-10-03,0.679637,0.013059,0.992165,False,SIGNAL_FILTERED,2668.95,20219.08,12
2025-10-06,0.644412,0.013117,0.992130,False,SIGNAL_FILTERED,2678.53,20219.08,12
2025-10-07,0.508241,0.013163,0.992102,False,NO_SIGNAL,0.00,20219.08,12
2025-10-08,0.405467,0.012523,0.992486,False,NN_SIGNAL_TOO_HIGH_SELL,0.00,20219.08,12
2025-10-09,0.393873,0.011496,0.993102,False,NN_SIGNAL_TOO_HIGH_SELL,0.00,20219.08,12
2025-10-10,0.433464,0.014911,0.991054,False,NN_SIGNAL_TOO_HIGH_SELL,0.00,20219.08,12
2025-10-13,0.486264,0.018706,0.988776,False,NO_SIGNAL,0.00,20219.08,12
2025-10-14,0.513557,0.022286,0.986628,False,NO_SIGNAL,0.00,20219.08,12
2025-10-15,0.416565,0.022556,0.986466,False,NN_SIGNAL_TOO_HIGH_SELL,0.00,20219.08,12
2025-10-16,0.383758,0.023136,0.986118,False,NN_SIGNAL_TOO_HIGH_SELL,0.00,20219.08,12
2025-10-17,0.359621,0.023450,0.985930,False,NN_SIGNAL_TOO_HIGH_SELL,0.00,20219.08,12
2025-10-20,0.344503,0.023781,0.985732,False,NN_SIGNAL_TOO_HIGH_SELL,0.00,20219.08,12
2025-10-21,0.350592,0.023817,0.985710,False,NN_SIGNAL_TOO_HIGH_SELL,0.00,20219.08,12
2025-10-22,0.361984,0.023910,0.985654,False,NN_SIGNAL_TOO_HIGH_SELL,0.00,20219.08,12
2025-10-23,0.400598,0.023853,0.985688,False,NN_SIGNAL_TOO_HIGH_SELL,0.00,20219.08,12
2025-10-24,0.439506,0.023756,0.985746,False,NN_SIGNAL_TOO_HIGH_SELL,0.00,20219.08,12
2025-10-27,0.485355,0.023958,0.985625,False,NO_SIGNAL,0.00,20219.08,12
2025-10-28,0.477142,0.024143,0.985514,False,NN_SIGNAL_TOO_HIGH_SELL,0.00,20219.08,12
2025-10-29,0.422585,0.024218,0.985469,False,NN_SIGNAL_TOO_HIGH_SELL,0.00,20219.08,12
2025-10-30,0.396253,0.023298,0.986021,False,NN_SIGNAL_TOO_HIGH_SELL,0.00,20219.08,12
2025-10-31,0.455480,0.022873,0.986276,False,NN_SIGNAL_TOO_HIGH_SELL,0.00,20219.08,12
2025-11-03,0.538924,0.021993,0.986804,False,SIGNAL_FILTERED,2725.31,20219.08,12
2025-11-04,0.581427,0.021853,0.986888,False,SIGNAL_FILTERED,2693.00,20219.08,12
2025-11-05,0.531505,0.021901,0.986860,False,SIGNAL_FILTERED,2702.33,20219.08,12
2025-11-06,0.513830,0.022425,0.986545,False,NO_SIGNAL,0.00,20219.08,12
2025-11-07,0.502935,0.022175,0.986695,False,NO_SIGNAL,0.00,20219.08,12
2025-11-10,0.488079,0.022146,0.986713,False,NO_SIGNAL,0.00,20219.08,12
2025-11-11,0.477117,0.022388,0.986567,False,NN_SIGNAL_TOO_HIGH_SELL,0.00,20219.08,12
2025-11-12,0.467899,0.022691,0.986385,False,NN_SIGNAL_TOO_HIGH_SELL,0.00,20219.08,12
2025-11-13,0.480990,0.022189,0.986687,False,NO_SIGNAL,0.00,20219.08,12
2025-11-14,0.492953,0.022174,0.986696,False,NO_SIGNAL,0.00,20219.08,12
2025-11-17,0.560301,0.022583,0.986450,False,REGIME_UNFAVORABLE,0.00,20219.08,12
2025-11-18,0.528780,0.023478,0.985913,False,REGIME_UNFAVORABLE,0.00,20219.08,12
2025-11-19,0.551390,0.024103,0.985538,False,REGIME_UNFAVORABLE,0.00,20219.08,12
2025-11-20,0.621401,0.024212,0.985473,False,REGIME_UNFAVORABLE,0.00,20219.08,12
2025-11-21,0.632805,0.023783,0.985730,False,REGIME_UNFAVORABLE,0.00,20219.08,12
2025-11-24,0.633081,0.024511,0.985293,False,REGIME_UNFAVORABLE,0.00,20219.08,12
2025-11-25,0.422710,0.023894,0.985663,False,NN_SIGNAL_TOO_HIGH_SELL,0.00,20219.08,12
2025-11-26,0.356330,0.022996,0.986202,False,NN_SIGNAL_TOO_HIGH_SELL,0.00,20219.08,12
2025-11-28,0.409012,0.020342,0.987795,False,NN_SIGNAL_TOO_HIGH_SELL,0.00,20219.08,12
2025-12-01,0.490052,0.020313,0.987812,False,NO_SIGNAL,0.00,20219.08,12
2025-12-02,0.516759,0.020354,0.987787,False,NO_SIGNAL,0.00,20219.08,12
2025-12-03,0.496747,0.019803,0.988118,False,NO_SIGNAL,0.00,20219.08,12
2025-12-04,0.482528,0.020108,0.987935,False,NO_SIGNAL,0.00,20219.08,12
2025-12-05,0.497622,0.019826,0.988104,False,NO_SIGNAL,0.00,20219.08,12
2025-12-08,0.540443,0.019578,0.988253,False,SIGNAL_FILTERED,2726.46,20219.08,12
2025-12-09,0.573489,0.019392,0.988365,False,SIGNAL_FILTERED,2724.11,20219.08,12
2025-12-10,0.586567,0.019462,0.988323,False,SIGNAL_FILTERED,2742.18,20219.08,12
2025-12-11,0.596272,0.019169,0.988499,False,SIGNAL_FILTERED,2748.56,20219.08,12
2025-12-12,0.597941,0.018998,0.988601,False,SIGNAL_FILTERED,2719.01,20219.08,12
2025-12-15,0.567048,0.019065,0.988561,False,SIGNAL_FILTERED,2714.90,20219.08,12
2025-12-16,0.491199,0.019035,0.988579,False,NO_SIGNAL,0.00,20219.08,12
2025-12-17,0.460997,0.019275,0.988435,False,NN_SIGNAL_TOO_HIGH_SELL,0.00,20219.08,12
2025-12-18,0.406388,0.019349,0.988391,False,NN_SIGNAL_TOO_HIGH_SELL,0.00,20219.08,12
2025-12-19,0.394531,0.019545,0.988273,False,NN_SIGNAL_TOO_HIGH_SELL,0.00,20219.08,12
2025-12-22,0.373190,0.019823,0.988106,False,NN_SIGNAL_TOO_HIGH_SELL,0.00,20219.08,12
2025-12-23,0.372446,0.019932,0.988041,False,NN_SIGNAL_TOO_HIGH_SELL,0.00,20219.08,12
2025-12-24,0.414778,0.019835,0.988099,False,NN_SIGNAL_TOO_HIGH_SELL,0.00,20219.08,12
2025-12-26,0.466865,0.019141,0.988515,False,NN_SIGNAL_TOO_HIGH_SELL,0.00,20219.08,12
2025-12-29,0.563542,0.018642,0.988815,False,SIGNAL_FILTERED,2751.40,20219.08,12
2025-12-30,0.667525,0.018148,0.989111,False,SIGNAL_FILTERED,2748.04,20219.08,12
