timestamp,calculation_type,ticker,account_balance,entry_price,stop_price,target_price,atr,volatility,kelly_fraction,position_size,position_value,risk_amount,portfolio_heat,notes
2026-01-14T20:51:10.278152,position_size,XLF,20000.0,39.219512939453125,38.4205,,,0.3995069292930649,0.25,50,1960.9756469726562,39.9506469726564,,"Kelly:0.2500, MaxPct:0.1"
2026-01-14T20:51:10.463453,portfolio_heat_check,,20000.0,,,,,,0.25,,,,0.00199753234863282,"Can open: True, Max heat: 0.2"
2026-01-14T20:51:10.463574,position_size,XLF,20000.0,39.22922134399414,38.4774,,,0.37592477598588153,0.25,50,1961.461067199707,37.591067199706885,,"Kelly:0.2500, MaxPct:0.1"
2026-01-14T20:51:13.841645,position_size,XLF,20000.0,41.053367614746094,40.2622,,,0.3955933466194591,0.25,48,1970.5616455078125,37.9760455078125,,"Kelly:0.2500, MaxPct:0.1"
2026-01-14T20:51:14.027676,portfolio_heat_check,,20000.0,,,,,,0.25,,,,0.001898802275390625,"Can open: True, Max heat: 0.2"
2026-01-14T20:51:14.027793,position_size,XLF,20000.0,40.82918930053711,40.0295,,,0.3998568005822238,0.25,48,1959.8010864257812,38.38508642578131,,"Kelly:0.2500, MaxPct:0.1"
2026-01-14T20:51:14.231199,portfolio_heat_check,,20000.0,,,,,,0.25,,,,0.001898802275390625,"Can open: True, Max heat: 0.2"
2026-01-14T20:51:14.231306,position_size,XLF,20000.0,40.6147575378418,39.8288,,,0.39299689158655227,0.25,49,1990.123119354248,38.51191935424799,,"Kelly:0.2500, MaxPct:0.1"
2026-01-14T20:51:14.414506,portfolio_heat_check,,20000.0,,,,,,0.25,,,,0.001898802275390625,"Can open: True, Max heat: 0.2"
2026-01-14T20:51:14.414625,position_size,XLF,20000.0,40.59527587890625,39.7869,,,0.40420393742982696,0.25,49,1989.1685180664062,39.61041806640611,,"Kelly:0.2500, MaxPct:0.1"
2026-01-14T20:51:14.621104,portfolio_heat_check,,20000.0,,,,,,0.25,,,,0.001898802275390625,"Can open: True, Max heat: 0.2"
2026-01-14T20:51:14.621257,position_size,XLF,20000.0,40.137176513671875,39.2853,,,0.4259532858081749,0.25,49,1966.7216491699219,41.7419491699219,,"Kelly:0.2500, MaxPct:0.1"
2026-01-14T20:51:14.804991,position_size,XLF,20000.0,40.51729202270508,39.6596,,,0.4288577122977024,0.25,49,1985.3473091125488,42.02690911254895,,"Kelly:0.2500, MaxPct:0.1"
2026-01-14T20:51:16.170388,position_size,XLF,20000.0,38.58743667602539,37.5097,,,0.5388566447406836,0.25,51,1967.959270477295,54.96457047729481,,"Kelly:0.2500, MaxPct:0.1"
2026-01-14T20:51:16.357220,portfolio_heat_check,,20000.0,,,,,,0.25,,,,0.0027482285238647403,"Can open: True, Max heat: 0.2"
2026-01-14T20:51:16.357338,position_size,XLF,20000.0,38.68490219116211,37.6058,,,0.5395529919333865,0.25,51,1972.9300117492676,55.03421174926747,,"Kelly:0.2500, MaxPct:0.1"
2026-01-14T20:51:16.908828,portfolio_heat_check,,20000.0,,,,,,0.25,,,,0.0027482285238647403,"Can open: True, Max heat: 0.2"
2026-01-14T20:51:16.909018,position_size,XLF,20000.0,39.835018157958984,38.6431,,,0.5959442480682594,0.25,50,1991.7509078979492,59.595907897949374,,"Kelly:0.2500, MaxPct:0.1"
2026-01-14T20:51:17.095788,portfolio_heat_check,,20000.0,,,,,,0.25,,,,0.0027482285238647403,"Can open: True, Max heat: 0.2"
2026-01-14T20:51:17.095906,position_size,XLF,20000.0,40.088436126708984,38.9049,,,0.5917672324918141,0.25,49,1964.3333702087402,57.99327020874034,,"Kelly:0.2500, MaxPct:0.1"
2026-01-14T20:51:17.279367,portfolio_heat_check,,20000.0,,,,,,0.25,,,,0.0027482285238647403,"Can open: True, Max heat: 0.2"
2026-01-14T20:51:17.279495,position_size,XLF,20000.0,40.07869338989258,38.9926,,,0.5430339022351625,0.25,49,1963.8559761047363,53.21857610473618,,"Kelly:0.2500, MaxPct:0.1"
2026-01-14T20:51:18.711667,position_size,XLF,20000.0,39.52312469482422,38.6069,,,0.458098179852613,0.25,50,1976.156234741211,45.81123474121078,,"Kelly:0.2500, MaxPct:0.1"
2026-01-14T20:51:18.898936,portfolio_heat_check,,20000.0,,,,,,0.25,,,,0.0022905617370605393,"Can open: True, Max heat: 0.2"
2026-01-14T20:51:18.899038,position_size,XLF,20000.0,40.02996063232422,39.104,,,0.4629718111600525,0.25,49,1961.4680709838867,45.37207098388676,,"Kelly:0.2500, MaxPct:0.1"
2026-01-14T20:51:19.077877,portfolio_heat_check,,20000.0,,,,,,0.25,,,,0.0022905617370605393,"Can open: True, Max heat: 0.2"
2026-01-14T20:51:19.077981,position_size,XLF,20000.0,40.166412353515625,39.2753,,,0.44556606036371854,0.25,49,1968.1542053222656,43.664505322265555,,"Kelly:0.2500, MaxPct:0.1"
2026-01-14T20:51:19.260827,portfolio_heat_check,,20000.0,,,,,,0.25,,,,0.0022905617370605393,"Can open: True, Max heat: 0.2"
2026-01-14T20:51:19.260933,position_size,XLF,20000.0,40.312618255615234,39.4507,,,0.43094648306545175,0.25,49,1975.3182945251465,42.2339945251466,,"Kelly:0.2500, MaxPct:0.1"
2026-01-14T20:51:19.445629,portfolio_heat_check,,20000.0,,,,,,0.25,,,,0.0022905617370605393,"Can open: True, Max heat: 0.2"
2026-01-14T20:51:19.445740,position_size,XLF,20000.0,40.6147575378418,39.7696,,,0.4225922337035044,0.25,49,1990.123119354248,41.412719354248196,,"Kelly:0.2500, MaxPct:0.1"
2026-01-14T20:51:19.659765,portfolio_heat_check,,20000.0,,,,,,0.25,,,,0.0022905617370605393,"Can open: True, Max heat: 0.2"
2026-01-14T20:51:19.659873,position_size,XLF,20000.0,40.77071762084961,39.9965,,,0.3870868770084413,0.25,49,1997.7651634216309,37.93666342163098,,"Kelly:0.2500, MaxPct:0.1"
2026-01-14T20:51:20.197283,portfolio_heat_check,,20000.0,,,,,,0.25,,,,0.0022905617370605393,"Can open: True, Max heat: 0.2"
2026-01-14T20:51:20.197391,position_size,XLF,20000.0,41.11185073852539,40.3641,,,0.3738594284925004,0.25,48,1973.3688354492188,35.892035449218724,,"Kelly:0.2500, MaxPct:0.1"
2026-01-14T20:51:20.375265,portfolio_heat_check,,20000.0,,,,,,0.25,,,,0.0022905617370605393,"Can open: True, Max heat: 0.2"
2026-01-14T20:51:20.375374,position_size,XLF,20000.0,41.11185073852539,40.3794,,,0.3662014804782819,0.25,48,1973.3688354492188,35.1576354492189,,"Kelly:0.2500, MaxPct:0.1"
2026-01-14T20:51:20.555237,portfolio_heat_check,,20000.0,,,,,,0.25,,,,0.0022905617370605393,"Can open: True, Max heat: 0.2"
2026-01-14T20:51:20.555344,position_size,XLF,20000.0,41.41400146484375,40.6913,,,0.3613281001237623,0.25,48,1987.8720703125,34.689670312500084,,"Kelly:0.2500, MaxPct:0.1"
2026-01-14T20:51:20.744145,position_size,XLF,20000.0,40.84868621826172,40.0982,,,0.375252446688044,0.25,48,1960.7369384765625,36.02333847656257,,"Kelly:0.2500, MaxPct:0.1"
2026-01-14T20:51:20.924566,portfolio_heat_check,,20000.0,,,,,,0.25,,,,0.0018011669238281287,"Can open: True, Max heat: 0.2"
2026-01-14T20:51:20.924666,position_size,XLF,20000.0,41.11185073852539,40.3975,,,0.3571515297180231,0.25,48,1973.3688354492188,34.28883544921871,,"Kelly:0.2500, MaxPct:0.1"
2026-01-14T20:51:21.105089,portfolio_heat_check,,20000.0,,,,,,0.25,,,,0.0018011669238281287,"Can open: True, Max heat: 0.2"
2026-01-14T20:51:21.105208,position_size,XLF,20000.0,40.877925872802734,40.1789,,,0.34949331884884316,0.25,48,1962.1404418945312,33.55324189453131,,"Kelly:0.2500, MaxPct:0.1"
2026-01-14T20:51:21.287674,portfolio_heat_check,,20000.0,,,,,,0.25,,,,0.0018011669238281287,"Can open: True, Max heat: 0.2"
2026-01-14T20:51:21.287783,position_size,XLF,20000.0,40.312618255615234,39.6025,,,0.3550622306518067,0.25,49,1975.3182945251465,34.795794525146526,,"Kelly:0.2500, MaxPct:0.1"
2026-01-14T20:51:26.789241,position_size,XLF,20000.0,40.540733337402344,39.669,,,0.4358733796394085,0.25,49,1986.4959335327148,42.714933532714994,,"Kelly:0.2500, MaxPct:0.1"
2026-01-14T20:51:30.684778,position_size,XLF,20000.0,40.609230041503906,39.1079,,,0.7506762145865444,0.25,49,1989.8522720336914,73.56517203369137,,"Kelly:0.2500, MaxPct:0.1"
2026-01-14T20:51:30.875571,portfolio_heat_check,,20000.0,,,,,,0.25,,,,0.0036782586016845683,"Can open: True, Max heat: 0.2"
2026-01-14T20:51:30.875675,position_size,XLF,20000.0,40.65815353393555,39.1638,,,0.7471812279320511,0.25,49,1992.2495231628418,73.2233231628417,,"Kelly:0.2500, MaxPct:0.1"
2026-01-14T20:51:31.056462,portfolio_heat_check,,20000.0,,,,,,0.25,,,,0.0036782586016845683,"Can open: True, Max heat: 0.2"
2026-01-14T20:51:31.056559,position_size,XLF,20000.0,41.31377029418945,39.797,,,0.7583641970966813,0.25,48,1983.0609741210938,72.80497412109389,,"Kelly:0.2500, MaxPct:0.1"
2026-01-14T20:51:31.250480,portfolio_heat_check,,20000.0,,,,,,0.25,,,,0.0036782586016845683,"Can open: True, Max heat: 0.2"
2026-01-14T20:51:31.250591,position_size,XLF,20000.0,41.48991394042969,39.9676,,,0.7611603178250645,0.25,48,1991.515869140625,73.07106914062513,,"Kelly:0.2500, MaxPct:0.1"
2026-01-14T20:51:34.916754,position_size,XLF,20000.0,43.3393440246582,42.3328,,,0.5032475959639362,0.25,46,1993.6098251342773,46.301025134277396,,"Kelly:0.2500, MaxPct:0.1"
2026-01-14T20:51:35.115077,portfolio_heat_check,,20000.0,,,,,,0.25,,,,0.0023150512567138696,"Can open: True, Max heat: 0.2"
2026-01-14T20:51:35.115326,position_size,XLF,20000.0,43.98517608642578,42.8864,,,0.5493785277647599,0.25,45,1979.3329238891602,49.44492388916007,,"Kelly:0.2500, MaxPct:0.1"
2026-01-14T20:51:35.311501,portfolio_heat_check,,20000.0,,,,,,0.25,,,,0.0023150512567138696,"Can open: True, Max heat: 0.2"
2026-01-14T20:51:35.311623,position_size,XLF,20000.0,43.53504943847656,42.3049,,,0.6150801056673474,0.25,45,1959.0772247314453,55.356724731445155,,"Kelly:0.2500, MaxPct:0.1"
2026-01-14T20:51:37.131248,position_size,XLF,20000.0,44.25273132324219,42.9481,,,0.6523390192707395,0.25,45,1991.3729095458984,58.70840954589859,,"Kelly:0.2500, MaxPct:0.1"
2026-01-14T20:51:37.313326,portfolio_heat_check,,20000.0,,,,,,0.25,,,,0.0029354204772949295,"Can open: True, Max heat: 0.2"
2026-01-14T20:51:37.313431,position_size,XLF,20000.0,43.98756790161133,42.7414,,,0.6231070251646348,0.25,45,1979.4405555725098,56.07755557250982,,"Kelly:0.2500, MaxPct:0.1"
2026-01-14T20:51:44.640347,position_size,XLF,20000.0,48.79977798461914,47.321,,,0.7393710794931643,0.25,40,1951.9911193847656,59.15111938476571,,"Kelly:0.2500, MaxPct:0.1"
2026-01-14T20:51:44.821308,portfolio_heat_check,,20000.0,,,,,,0.25,,,,0.0029575559692382853,"Can open: True, Max heat: 0.2"
2026-01-14T20:51:44.821415,position_size,XLF,20000.0,48.652469635009766,47.1948,,,0.7288485255878615,0.25,41,1994.7512550354004,59.76445503540036,,"Kelly:0.2500, MaxPct:0.1"
2026-01-14T20:51:45.006662,portfolio_heat_check,,20000.0,,,,,,0.25,,,,0.0029575559692382853,"Can open: True, Max heat: 0.2"
2026-01-14T20:51:45.006765,position_size,XLF,20000.0,49.27117919921875,47.7602,,,0.7555051108124847,0.25,40,1970.84716796875,60.4391679687501,,"Kelly:0.2500, MaxPct:0.1"
2026-01-14T20:51:45.186076,portfolio_heat_check,,20000.0,,,,,,0.25,,,,0.0029575559692382853,"Can open: True, Max heat: 0.2"
2026-01-14T20:51:45.186187,position_size,XLF,20000.0,49.821144104003906,48.3059,,,0.757609225062678,0.25,40,1992.8457641601562,60.6097641601562,,"Kelly:0.2500, MaxPct:0.1"
2026-01-14T20:51:50.669820,position_size,XLF,20000.0,47.82436752319336,46.3318,,,0.7462863260640624,0.25,41,1960.7990684509277,61.195268450927685,,"Kelly:0.2500, MaxPct:0.1"
2026-01-14T20:51:50.879442,portfolio_heat_check,,20000.0,,,,,,0.25,,,,0.0030597634225463842,"Can open: True, Max heat: 0.2"
2026-01-14T20:51:50.879607,position_size,XLF,20000.0,46.67042541503906,45.2514,,,0.709508610036479,0.25,42,1960.1578674316406,59.59906743164076,,"Kelly:0.2500, MaxPct:0.1"
2026-01-14T20:51:51.065389,portfolio_heat_check,,20000.0,,,,,,0.25,,,,0.0030597634225463842,"Can open: True, Max heat: 0.2"
2026-01-14T20:51:51.065494,position_size,XLF,20000.0,47.005760192871094,45.6004,,,0.7026852920543948,0.25,42,1974.241928100586,59.02512810058592,,"Kelly:0.2500, MaxPct:0.1"
2026-01-14T20:51:51.245646,portfolio_heat_check,,20000.0,,,,,,0.25,,,,0.0030597634225463842,"Can open: True, Max heat: 0.2"
2026-01-14T20:51:51.245747,position_size,XLF,20000.0,47.58766174316406,46.2745,,,0.6565755295402,0.25,42,1998.6817932128906,55.15279321289049,,"Kelly:0.2500, MaxPct:0.1"
2026-01-14T20:51:51.453867,portfolio_heat_check,,20000.0,,,,,,0.25,,,,0.0030597634225463842,"Can open: True, Max heat: 0.2"
2026-01-14T20:51:51.453989,position_size,XLF,20000.0,48.80077362060547,47.3805,,,0.7101156614731151,0.25,40,1952.0309448242188,56.810944824218836,,"Kelly:0.2500, MaxPct:0.1"
2026-01-14T20:51:52.677061,position_size,XLF,20000.0,50.1519660949707,48.8825,,,0.6347375186788327,0.25,39,1955.9266777038574,49.50917770385741,,"Kelly:0.2500, MaxPct:0.1"
2026-01-14T20:51:52.877416,portfolio_heat_check,,20000.0,,,,,,0.25,,,,0.0024754588851928707,"Can open: True, Max heat: 0.2"
2026-01-14T20:51:52.877536,position_size,XLF,20000.0,50.70427703857422,49.3954,,,0.654463151142366,0.25,39,1977.4668045043945,51.046204504394446,,"Kelly:0.2500, MaxPct:0.1"
2026-01-14T20:51:53.064552,portfolio_heat_check,,20000.0,,,,,,0.25,,,,0.0024754588851928707,"Can open: True, Max heat: 0.2"
2026-01-14T20:51:53.064657,position_size,XLF,20000.0,50.615516662597656,49.339,,,0.6382598652976006,0.25,39,1974.0051498413086,49.78414984130865,,"Kelly:0.2500, MaxPct:0.1"
2026-01-14T20:51:58.220236,position_size,XLF,20000.0,47.360816955566406,45.4664,,,1.058834136456669,0.25,42,1989.154312133789,79.56551213378906,,"Kelly:0.2500, MaxPct:0.1"
2026-01-14T20:51:58.795702,position_size,XLF,20000.0,46.76905059814453,44.8983,,,1.0743331075846763,0.25,42,1964.3001251220703,78.57152512207035,,"Kelly:0.2500, MaxPct:0.1"
2026-01-14T20:51:58.998471,portfolio_heat_check,,20000.0,,,,,,0.25,,,,0.003928576256103517,"Can open: True, Max heat: 0.2"
2026-01-14T20:51:58.998577,position_size,XLF,20000.0,47.85395050048828,45.9398,,,1.1060346174240325,0.25,41,1962.0119705200195,78.48017052001961,,"Kelly:0.2500, MaxPct:0.1"
2026-01-14T20:51:59.212225,portfolio_heat_check,,20000.0,,,,,,0.25,,,,0.003928576256103517,"Can open: True, Max heat: 0.2"
2026-01-14T20:51:59.212350,position_size,XLF,20000.0,48.4161262512207,46.4795,,,1.0996945436376073,0.25,41,1985.0611763000488,79.40167630004876,,"Kelly:0.2500, MaxPct:0.1"
2026-01-14T20:52:00.095001,position_size,XLF,20000.0,49.6412353515625,47.7557,,,0.9427784533712357,0.25,40,1985.6494140625,75.4214140625001,,"Kelly:0.2500, MaxPct:0.1"
2026-01-14T20:52:00.277863,portfolio_heat_check,,20000.0,,,,,,0.25,,,,0.0037710707031250053,"Can open: True, Max heat: 0.2"
2026-01-14T20:52:00.277965,position_size,XLF,20000.0,49.91839599609375,48.1327,,,0.892870503642183,0.25,40,1996.73583984375,71.42783984375001,,"Kelly:0.2500, MaxPct:0.1"
2026-01-14T20:52:00.455209,portfolio_heat_check,,20000.0,,,,,,0.25,,,,0.0037710707031250053,"Can open: True, Max heat: 0.2"
2026-01-14T20:52:00.455301,position_size,XLF,20000.0,49.76991653442383,48.0021,,,0.8839223779788351,0.25,40,1990.7966613769531,70.71266137695318,,"Kelly:0.2500, MaxPct:0.1"
2026-01-14T20:52:00.637741,portfolio_heat_check,,20000.0,,,,,,0.25,,,,0.0037710707031250053,"Can open: True, Max heat: 0.2"
2026-01-14T20:52:00.637835,position_size,XLF,20000.0,49.670928955078125,48.0338,,,0.8185741698692597,0.25,40,1986.837158203125,65.48515820312502,,"Kelly:0.2500, MaxPct:0.1"
2026-01-14T20:52:00.815370,portfolio_heat_check,,20000.0,,,,,,0.25,,,,0.0037710707031250053,"Can open: True, Max heat: 0.2"
2026-01-14T20:52:00.815498,position_size,XLF,20000.0,48.71076965332031,47.0547,,,0.8280597558217819,0.25,41,1997.1415557861328,67.89885578613294,,"Kelly:0.2500, MaxPct:0.1"
2026-01-14T20:52:01.001391,portfolio_heat_check,,20000.0,,,,,,0.25,,,,0.0037710707031250053,"Can open: True, Max heat: 0.2"
2026-01-14T20:52:01.001490,position_size,XLF,20000.0,49.304683685302734,47.552,,,0.8763428929624807,0.25,40,1972.1873474121094,70.10734741210939,,"Kelly:0.2500, MaxPct:0.1"
2026-01-14T20:52:01.742575,position_size,XLF,20000.0,43.75159454345703,42.0015,,,1.1622931840788502,0.25,45,1968.8217544555664,78.75425445556641,,"Kelly:0.2500, MaxPct:0.1"
2026-01-14T20:52:01.927737,portfolio_heat_check,,20000.0,,,,,,0.25,,,,0.00393771272277832,"Can open: True, Max heat: 0.2"
2026-01-14T20:52:01.927855,position_size,XLF,20000.0,43.64270782470703,41.897,,,1.3745175612943983,0.25,45,1963.9218521118164,78.55685211181648,,"Kelly:0.2500, MaxPct:0.1"
2026-01-14T20:52:02.109677,portfolio_heat_check,,20000.0,,,,,,0.25,,,,0.00393771272277832,"Can open: True, Max heat: 0.2"
2026-01-14T20:52:02.109788,position_size,XLF,20000.0,43.474430084228516,41.7355,,,1.5168805424916667,0.25,46,1999.8237838745117,79.99078387451164,,"Kelly:0.2500, MaxPct:0.1"
2026-01-14T20:52:02.294050,portfolio_heat_check,,20000.0,,,,,,0.25,,,,0.00393771272277832,"Can open: True, Max heat: 0.2"
2026-01-14T20:52:02.294189,position_size,XLF,20000.0,46.7508544921875,44.8808,,,1.7829268712025264,0.25,42,1963.535888671875,78.54228867187497,,"Kelly:0.2500, MaxPct:0.1"
2026-01-14T20:52:11.763361,position_size,XLF,20000.0,51.23170471191406,49.9524,,,0.6396355940431349,0.25,39,1998.0364837646484,49.892883764648545,,"Kelly:0.2500, MaxPct:0.1"
2026-01-14T20:52:11.944236,portfolio_heat_check,,20000.0,,,,,,0.25,,,,0.0024946441882324273,"Can open: True, Max heat: 0.2"
2026-01-14T20:52:11.944340,position_size,XLF,20000.0,51.06285095214844,49.8018,,,0.6305166993663625,0.25,39,1991.451187133789,49.18098713378906,,"Kelly:0.2500, MaxPct:0.1"
2026-01-14T20:52:16.571786,position_size,XLF,20000.0,52.344139099121094,51.2629,,,0.5406096249267252,0.25,38,1989.0772857666016,41.08708576660149,,"Kelly:0.2500, MaxPct:0.1"
2026-01-14T20:52:16.754901,portfolio_heat_check,,20000.0,,,,,,0.25,,,,0.0020543542883300746,"Can open: True, Max heat: 0.2"
2026-01-14T20:52:16.755012,position_size,XLF,20000.0,52.01636505126953,50.8798,,,0.5682788863932231,0.25,38,1976.6218719482422,43.18947194824207,,"Kelly:0.2500, MaxPct:0.1"
2026-01-14T20:52:16.933864,portfolio_heat_check,,20000.0,,,,,,0.25,,,,0.0020543542883300746,"Can open: True, Max heat: 0.2"
2026-01-14T20:52:16.933960,position_size,XLF,20000.0,51.052921295166016,49.8227,,,0.6151031007553799,0.25,39,1991.0639305114746,47.978630511474705,,"Kelly:0.2500, MaxPct:0.1"
2026-01-14T20:52:17.115389,position_size,XLF,20000.0,51.559471130371094,50.3704,,,0.5945282898483306,0.25,38,1959.2599029541016,45.184702954101695,,"Kelly:0.2500, MaxPct:0.1"
2026-01-14T20:52:17.296135,portfolio_heat_check,,20000.0,,,,,,0.25,,,,0.0022592351477050848,"Can open: True, Max heat: 0.2"
2026-01-14T20:52:17.296250,position_size,XLF,20000.0,51.35089111328125,50.1618,,,0.594528287004327,0.25,38,1951.3338623046875,45.18546230468752,,"Kelly:0.2500, MaxPct:0.1"
2026-01-14T20:52:17.480984,portfolio_heat_check,,20000.0,,,,,,0.25,,,,0.0022592351477050848,"Can open: True, Max heat: 0.2"
2026-01-14T20:52:17.481080,position_size,XLF,20000.0,51.599205017089844,50.4697,,,0.5647309927208839,0.25,38,1960.769790649414,42.921190649413944,,"Kelly:0.2500, MaxPct:0.1"
2026-01-14T20:52:20.676467,position_size,XLF,20000.0,53.625431060791016,52.6577,,,0.48385391338027517,0.25,37,1984.1409492492676,35.80604924926764,,"Kelly:0.2500, MaxPct:0.1"
2026-01-14T20:52:21.741389,position_size,XLF,20000.0,52.979820251464844,51.8206,,,0.5796315885563195,0.25,37,1960.2533493041992,42.89114930419926,,"Kelly:0.2500, MaxPct:0.1"
2026-01-14T20:52:21.922061,portfolio_heat_check,,20000.0,,,,,,0.25,,,,0.002144557465209963,"Can open: True, Max heat: 0.2"
2026-01-14T20:52:21.922198,position_size,XLF,20000.0,52.80103302001953,51.656,,,0.5725368193679036,0.25,37,1953.6382217407227,42.3662217407227,,"Kelly:0.2500, MaxPct:0.1"
2026-01-14T20:52:22.127272,portfolio_heat_check,,20000.0,,,,,,0.25,,,,0.002144557465209963,"Can open: True, Max heat: 0.2"
2026-01-14T20:52:22.127377,position_size,XLF,20000.0,53.665157318115234,52.4903,,,0.5874351963479926,0.25,37,1985.6108207702637,43.469720770263756,,"Kelly:0.2500, MaxPct:0.1"
2026-01-14T20:52:29.603027,position_size,XLF,20000.0,52.22746276855469,50.9804,,,0.6235353838698501,0.25,38,1984.6435852050781,47.38838520507801,,"Kelly:0.2500, MaxPct:0.1"
2026-01-14T20:52:29.784292,portfolio_heat_check,,20000.0,,,,,,0.25,,,,0.0023694192602539007,"Can open: True, Max heat: 0.2"
2026-01-14T20:52:29.784395,position_size,XLF,20000.0,52.59617233276367,51.3349,,,0.6306532542647025,0.25,38,1998.6545486450195,47.928348645019625,,"Kelly:0.2500, MaxPct:0.1"
2026-01-14T20:52:29.963545,portfolio_heat_check,,20000.0,,,,,,0.25,,,,0.0023694192602539007,"Can open: True, Max heat: 0.2"
2026-01-14T20:52:29.963640,position_size,XLF,20000.0,52.78551483154297,51.5199,,,0.6327885615748693,0.25,37,1953.0640487670898,46.82774876708985,,"Kelly:0.2500, MaxPct:0.1"
2026-01-14T20:52:30.144952,portfolio_heat_check,,20000.0,,,,,,0.25,,,,0.0023694192602539007,"Can open: True, Max heat: 0.2"
2026-01-14T20:52:30.145049,position_size,XLF,20000.0,53.02467346191406,51.7933,,,0.6157052889178419,0.25,37,1961.9129180908203,45.560818090820234,,"Kelly:0.2500, MaxPct:0.1"
2026-01-14T20:52:30.388555,portfolio_heat_check,,20000.0,,,,,,0.25,,,,0.0023694192602539007,"Can open: True, Max heat: 0.2"
2026-01-14T20:52:30.388658,position_size,XLF,20000.0,53.483070373535156,52.2488,,,0.6171287998185362,0.25,37,1978.8736038208008,45.66800382080068,,"Kelly:0.2500, MaxPct:0.1"
2026-01-14T20:52:30.582948,portfolio_heat_check,,20000.0,,,,,,0.25,,,,0.0023694192602539007,"Can open: True, Max heat: 0.2"
2026-01-14T20:52:30.583047,position_size,XLF,20000.0,52.795475006103516,51.5157,,,0.6399063467123943,0.25,37,1953.43257522583,47.351675225829986,,"Kelly:0.2500, MaxPct:0.1"
2026-01-14T20:52:30.794326,portfolio_heat_check,,20000.0,,,,,,0.25,,,,0.0023694192602539007,"Can open: True, Max heat: 0.2"
2026-01-14T20:52:30.794428,position_size,XLF,20000.0,52.2673225402832,50.9192,,,0.6740725869723977,0.25,38,1986.1582565307617,51.22865653076185,,"Kelly:0.2500, MaxPct:0.1"
2026-01-14T20:52:36.038526,position_size,XLF,20000.0,55.619998931884766,54.4416,,,0.5891962050525587,0.25,35,1946.6999626159668,41.24396261596676,,"Kelly:0.2500, MaxPct:0.1"
2026-01-14T20:52:36.240742,portfolio_heat_check,,20000.0,,,,,,0.25,,,,0.0020621981307983378,"Can open: True, Max heat: 0.2"
2026-01-14T20:52:36.240849,position_size,XLF,20000.0,55.31999969482422,54.1428,,,0.5885890132563064,0.25,36,1991.5199890136719,42.379189013671834,,"Kelly:0.2500, MaxPct:0.1"
2026-01-14T20:52:36.430004,portfolio_heat_check,,20000.0,,,,,,0.25,,,,0.0020621981307983378,"Can open: True, Max heat: 0.2"
2026-01-14T20:52:36.430108,position_size,XLF,20000.0,55.18000030517578,54.0653,,,0.5573346823326654,0.25,36,1986.4800109863281,40.129210986328104,,"Kelly:0.2500, MaxPct:0.1"
2026-01-14T20:52:36.430785,portfolio_heat_check,,20000.0,,,,,,0.25,,,,0.0020621981307983378,"Can open: True, Max heat: 0.2"
2026-01-14T21:55:20.580396,position_size,XLF,20000.0,40.82918930053711,40.0507,,,0.3892585827743912,0.25,73,2980.530818939209,56.82971893920905,,"Kelly:0.2500, MaxPct:0.15"
2026-01-14T21:55:20.994835,position_size,XLF,20000.0,41.05337142944336,40.2622,,,0.3955922656806443,0.25,73,2996.8961143493652,57.755514349365235,,"Kelly:0.2500, MaxPct:0.15"
2026-01-14T21:55:21.595862,position_size,XLF,20000.0,40.82918930053711,40.0295,,,0.3998557174335947,0.25,73,2980.530818939209,58.377318939209076,,"Kelly:0.2500, MaxPct:0.15"
2026-01-14T21:55:22.101620,position_size,XLF,20000.0,40.61476516723633,39.8288,,,0.39299526500894644,0.25,73,2964.877857208252,57.37545720825187,,"Kelly:0.2500, MaxPct:0.15"
2026-01-14T21:55:22.772060,position_size,XLF,20000.0,40.595272064208984,39.7869,,,0.4042023098257361,0.25,73,2963.454860687256,59.011160687255654,,"Kelly:0.2500, MaxPct:0.15"
2026-01-14T21:55:29.398889,position_size,XLF,20000.0,39.35742950439453,38.2352,,,0.5611349795286219,0.25,76,2991.1646423339844,85.28944233398445,,"Kelly:0.2500, MaxPct:0.15"
2026-01-14T21:55:29.981898,position_size,XLF,20000.0,39.83502197265625,38.6431,,,0.5959448067368146,0.25,75,2987.6266479492188,89.39414794921899,,"Kelly:0.2500, MaxPct:0.15"
2026-01-14T21:55:30.463012,position_size,XLF,20000.0,40.08843994140625,38.9049,,,0.5917677945705085,0.25,74,2966.5445556640625,87.58195566406266,,"Kelly:0.2500, MaxPct:0.15"
2026-01-14T21:55:31.003515,position_size,XLF,20000.0,40.07868576049805,38.9926,,,0.5430339206292868,0.25,74,2965.8227462768555,80.37034627685524,,"Kelly:0.2500, MaxPct:0.15"
2026-01-14T21:55:31.546195,position_size,XLF,20000.0,39.84477615356445,38.7434,,,0.5506913750631804,0.25,75,2988.358211517334,82.6032115173339,,"Kelly:0.2500, MaxPct:0.15"
2026-01-14T21:55:32.070119,position_size,XLF,20000.0,39.78628921508789,38.6752,,,0.5555647361045659,0.25,75,2983.971691131592,83.33169113159204,,"Kelly:0.2500, MaxPct:0.15"
2026-01-14T21:55:32.569147,position_size,XLF,20000.0,39.72780227661133,38.6946,,,0.5165778952167456,0.25,75,2979.5851707458496,77.49017074584953,,"Kelly:0.2500, MaxPct:0.15"
2026-01-14T21:55:33.152208,position_size,XLF,20000.0,39.33793640136719,38.3201,,,0.5089194114873895,0.25,76,2989.6831665039062,77.35556650390652,,"Kelly:0.2500, MaxPct:0.15"
2026-01-14T21:55:34.804758,position_size,XLF,20000.0,39.52312469482422,38.6069,,,0.4580970847403546,0.25,75,2964.2343521118164,68.71685211181617,,"Kelly:0.2500, MaxPct:0.15"
2026-01-14T21:55:35.297297,position_size,XLF,20000.0,40.02996063232422,39.104,,,0.4629707129506616,0.25,74,2962.217086791992,68.52108679199225,,"Kelly:0.2500, MaxPct:0.15"
2026-01-14T21:55:35.844590,position_size,XLF,20000.0,40.16641616821289,39.2753,,,0.4455657766193468,0.25,74,2972.314796447754,65.9425964477538,,"Kelly:0.2500, MaxPct:0.15"
2026-01-14T21:55:36.525732,position_size,XLF,20000.0,40.312618255615234,39.4507,,,0.4309459298527492,0.25,74,2983.1337509155273,63.78195091552752,,"Kelly:0.2500, MaxPct:0.15"
2026-01-14T21:55:37.150515,position_size,XLF,20000.0,40.61476516723633,39.7696,,,0.4225914164385764,0.25,73,2964.877857208252,61.697057208252176,,"Kelly:0.2500, MaxPct:0.15"
2026-01-14T21:55:39.670075,position_size,XLF,20000.0,41.11185073852539,40.3794,,,0.36620120482900276,0.25,72,2960.053253173828,52.73645317382835,,"Kelly:0.2500, MaxPct:0.15"
2026-01-14T21:55:40.393862,position_size,XLF,20000.0,41.413997650146484,40.6913,,,0.36132755453639376,0.25,72,2981.807830810547,52.034230810547,,"Kelly:0.2500, MaxPct:0.15"
2026-01-14T21:55:40.917874,position_size,XLF,20000.0,40.84868621826172,40.0982,,,0.37525163402322753,0.25,73,2981.9540939331055,54.78549393310558,,"Kelly:0.2500, MaxPct:0.15"
2026-01-14T21:55:41.442858,position_size,XLF,20000.0,41.11185073852539,40.3975,,,0.35715072474956855,0.25,72,2960.053253173828,51.433253173828064,,"Kelly:0.2500, MaxPct:0.15"
2026-01-14T21:55:42.032297,position_size,XLF,20000.0,40.877925872802734,40.1789,,,0.3494925103110797,0.25,73,2984.0885887145996,51.0288887145997,,"Kelly:0.2500, MaxPct:0.15"
2026-01-14T21:55:42.544493,position_size,XLF,20000.0,40.312618255615234,39.6025,,,0.35506142211404323,0.25,74,2983.1337509155273,52.54875091552741,,"Kelly:0.2500, MaxPct:0.15"
2026-01-14T21:55:43.106755,position_size,XLF,20000.0,40.55628204345703,39.8559,,,0.35018757925712307,0.25,73,2960.6085891723633,51.1278891723634,,"Kelly:0.2500, MaxPct:0.15"
2026-01-14T21:55:57.981404,position_size,XLF,20000.0,40.65815353393555,39.798,,,0.43008227127893306,0.25,73,2968.045207977295,62.79120797729479,,"Kelly:0.2500, MaxPct:0.15"
2026-01-14T21:55:58.336797,position_size,XLF,20000.0,40.64836502075195,39.7922,,,0.42808721913848047,0.25,73,2967.3306465148926,62.500046514892496,,"Kelly:0.2500, MaxPct:0.15"
2026-01-14T21:55:58.933527,position_size,XLF,20000.0,40.54072570800781,39.669,,,0.43587472665222143,0.25,73,2959.4729766845703,63.63597668457054,,"Kelly:0.2500, MaxPct:0.15"
2026-01-14T21:55:59.516530,position_size,XLF,20000.0,40.853858947753906,39.9734,,,0.4402174029400326,0.25,73,2982.331703186035,64.2735031860353,,"Kelly:0.2500, MaxPct:0.15"
2026-01-14T21:56:00.098189,position_size,XLF,20000.0,41.01042556762695,40.1242,,,0.4431094960802514,0.25,73,2993.7610664367676,64.69446643676744,,"Kelly:0.2500, MaxPct:0.15"
2026-01-14T21:56:00.748676,position_size,XLF,20000.0,41.333343505859375,40.451,,,0.4411557450943704,0.25,72,2976.000732421875,63.52873242187496,,"Kelly:0.2500, MaxPct:0.15"
2026-01-14T21:56:01.930386,position_size,XLF,20000.0,42.556514739990234,41.6702,,,0.44313708827587,0.25,70,2978.9560317993164,62.04203179931632,,"Kelly:0.2500, MaxPct:0.15"
2026-01-14T21:56:02.307406,position_size,XLF,20000.0,42.879425048828125,41.9596,,,0.45991200673289,0.25,69,2958.6803283691406,63.4679283691405,,"Kelly:0.2500, MaxPct:0.15"
2026-01-14T21:56:02.651973,position_size,XLF,20000.0,42.360809326171875,41.3543,,,0.5032473511758246,0.25,70,2965.2566528320312,70.4556528320311,,"Kelly:0.2500, MaxPct:0.15"
2026-01-14T21:56:03.001742,position_size,XLF,20000.0,41.93024826049805,40.9056,,,0.5123338264372974,0.25,71,2977.0476264953613,72.75002649536134,,"Kelly:0.2500, MaxPct:0.15"
2026-01-14T21:56:10.473733,position_size,XLF,20000.0,40.65815353393555,39.1638,,,0.7471815184556192,0.25,73,2968.045207977295,109.08780797729477,,"Kelly:0.2500, MaxPct:0.15"
2026-01-14T21:56:10.985367,position_size,XLF,20000.0,41.31377410888672,39.797,,,0.758364756860323,0.25,72,2974.5917358398438,109.20773583984396,,"Kelly:0.2500, MaxPct:0.15"
2026-01-14T21:56:11.547876,position_size,XLF,20000.0,41.48991012573242,39.9676,,,0.7611608723543003,0.25,72,2987.2735290527344,109.60632905273457,,"Kelly:0.2500, MaxPct:0.15"
2026-01-14T21:56:20.732597,position_size,XLF,20000.0,43.33934020996094,42.3328,,,0.5032473241758686,0.25,69,2990.4144744873047,69.45127448730477,,"Kelly:0.2500, MaxPct:0.15"
2026-01-14T21:56:21.536124,position_size,XLF,20000.0,43.98517608642578,42.8864,,,0.549378802419363,0.25,68,2990.991973876953,74.716773876953,,"Kelly:0.2500, MaxPct:0.15"
2026-01-14T21:56:22.273773,position_size,XLF,20000.0,43.53505325317383,42.3049,,,0.6150803874263525,0.25,68,2960.3836212158203,83.65042121582007,,"Kelly:0.2500, MaxPct:0.15"
2026-01-14T21:56:34.750670,position_size,XLF,20000.0,39.219512939453125,38.4205,,,0.3995063909292931,0.25,76,2980.6829833984375,60.72498339843773,,"Kelly:0.2500, MaxPct:0.15"
2026-01-14T21:56:35.085333,position_size,XLF,20000.0,39.22922897338867,38.4774,,,0.3759245107236962,0.25,76,2981.421401977539,57.13900197753884,,"Kelly:0.2500, MaxPct:0.15"
2026-01-14T21:56:38.311734,position_size,XLF,20000.0,46.2660026550293,45.2488,,,0.5085796676638802,0.25,64,2961.024169921875,65.10096992187482,,"Kelly:0.2500, MaxPct:0.15"
2026-01-14T21:56:38.863271,position_size,XLF,20000.0,46.30528259277344,45.3148,,,0.49525147423357196,0.25,64,2963.5380859375,63.390885937500116,,"Kelly:0.2500, MaxPct:0.15"
2026-01-14T21:56:39.644743,position_size,XLF,20000.0,45.79460144042969,44.7985,,,0.49805774584787393,0.25,65,2976.6490936279297,64.74659362792988,,"Kelly:0.2500, MaxPct:0.15"
2026-01-14T21:56:40.194380,position_size,XLF,20000.0,46.36420822143555,45.3204,,,0.5219083607510048,0.25,64,2967.309326171875,66.80372617187504,,"Kelly:0.2500, MaxPct:0.15"
2026-01-14T21:56:40.624411,position_size,XLF,20000.0,40.50754928588867,39.7606,,,0.37346260172396384,0.25,74,2997.5586471557617,55.27424715576197,,"Kelly:0.2500, MaxPct:0.15"
2026-01-14T21:56:40.975545,position_size,XLF,20000.0,40.83893966674805,40.0668,,,0.3860620907936553,0.25,73,2981.2425956726074,56.366195672607375,,"Kelly:0.2500, MaxPct:0.15"
2026-01-14T21:56:41.479089,position_size,XLF,20000.0,40.37109375,39.5487,,,0.4112009715311992,0.25,74,2987.4609375,60.85713750000025,,"Kelly:0.2500, MaxPct:0.15"
2026-01-14T21:56:42.055163,position_size,XLF,20000.0,40.21514892578125,39.4176,,,0.39876862969242666,0.25,74,2975.9210205078125,59.018620507812486,,"Kelly:0.2500, MaxPct:0.15"
2026-01-14T21:56:42.717873,position_size,XLF,20000.0,40.351600646972656,39.5789,,,0.38635413218743253,0.25,74,2986.0184478759766,57.17984787597676,,"Kelly:0.2500, MaxPct:0.15"
2026-01-14T21:56:43.354066,position_size,XLF,20000.0,40.82918930053711,40.0507,,,0.3892591210732189,0.25,73,2980.530818939209,56.82971893920905,,"Kelly:0.2500, MaxPct:0.15"
2026-01-14T21:56:44.041293,position_size,XLF,20000.0,41.053367614746094,40.2622,,,0.3955928052034555,0.25,73,2996.895835876465,57.755235876464845,,"Kelly:0.2500, MaxPct:0.15"
2026-01-14T21:56:44.643105,position_size,XLF,20000.0,40.82918930053711,40.0295,,,0.3998562591662202,0.25,73,2980.530818939209,58.377318939209076,,"Kelly:0.2500, MaxPct:0.15"
2026-01-14T21:56:45.458474,position_size,XLF,20000.0,40.61476516723633,39.8288,,,0.3929958061292465,0.25,73,2964.877857208252,57.37545720825187,,"Kelly:0.2500, MaxPct:0.15"
2026-01-14T21:56:46.271626,position_size,XLF,20000.0,40.59527587890625,39.7869,,,0.4042028519725212,0.25,73,2963.4551391601562,59.011439160156044,,"Kelly:0.2500, MaxPct:0.15"
2026-01-14T21:56:46.846100,position_size,XLF,20000.0,40.13717269897461,39.2853,,,0.4259521897939114,0.25,74,2970.150779724121,63.038579724121135,,"Kelly:0.2500, MaxPct:0.15"
2026-01-14T21:56:47.829315,position_size,XLF,20000.0,48.750675201416016,47.2958,,,0.727444112085722,0.25,61,2973.791187286377,88.74738728637696,,"Kelly:0.2500, MaxPct:0.15"
2026-01-14T21:56:48.387655,position_size,XLF,20000.0,48.9765510559082,47.5203,,,0.7281454822508014,0.25,61,2987.5696144104004,88.83131441040047,,"Kelly:0.2500, MaxPct:0.15"
2026-01-14T21:56:49.136786,position_size,XLF,20000.0,49.12386703491211,47.6606,,,0.7316530715823463,0.25,61,2996.5558891296387,89.25928912963853,,"Kelly:0.2500, MaxPct:0.15"
2026-01-14T21:56:49.764668,position_size,XLF,20000.0,48.799774169921875,47.321,,,0.7393697178631266,0.25,61,2976.7862243652344,90.2052243652345,,"Kelly:0.2500, MaxPct:0.15"
2026-01-14T21:56:50.454225,position_size,XLF,20000.0,48.6524658203125,47.1948,,,0.7288474323250484,0.25,61,2967.8004150390625,88.91761503906245,,"Kelly:0.2500, MaxPct:0.15"
2026-01-14T21:56:50.732028,position_size,XLF,20000.0,38.8505973815918,37.7868,,,0.531894170502204,0.25,77,2991.4959983825684,81.9123983825684,,"Kelly:0.2500, MaxPct:0.15"
2026-01-14T21:56:51.148914,position_size,XLF,20000.0,49.271175384521484,47.7602,,,0.755504019104734,0.25,60,2956.270523071289,90.65852307128921,,"Kelly:0.2500, MaxPct:0.15"
2026-01-14T21:56:51.410226,position_size,XLF,20000.0,38.58743667602539,37.5097,,,0.538856351047027,0.25,77,2971.232624053955,82.9857240539549,,"Kelly:0.2500, MaxPct:0.15"
2026-01-14T21:56:51.992948,position_size,XLF,20000.0,49.821144104003906,48.3059,,,0.7576081297045951,0.25,60,2989.2686462402344,90.9146462402343,,"Kelly:0.2500, MaxPct:0.15"
2026-01-14T21:56:52.181354,portfolio_heat_check,,20000.0,,,,,,0.25,,,,0.004149286202697745,"Can open: True, Max heat: 0.35"
2026-01-14T21:56:52.181739,position_size,XLF,20000.0,38.68490219116211,37.6058,,,0.5395526982397298,0.25,77,2978.7374687194824,83.09086871948226,,"Kelly:0.2500, MaxPct:0.15"
2026-01-14T21:56:52.680106,portfolio_heat_check,,20000.0,,,,,,0.25,,,,0.004149286202697745,"Can open: True, Max heat: 0.35"
2026-01-14T21:56:52.682279,position_size,XLF,20000.0,38.82136154174805,37.7228,,,0.549299529123074,0.25,77,2989.2448387145996,84.58923871459965,,"Kelly:0.2500, MaxPct:0.15"
2026-01-14T21:56:53.384332,portfolio_heat_check,,20000.0,,,,,,0.25,,,,0.004149286202697745,"Can open: True, Max heat: 0.35"
2026-01-14T21:56:53.384470,position_size,XLF,20000.0,39.3574333190918,38.2352,,,0.561135215843324,0.25,76,2991.1649322509766,85.28973225097664,,"Kelly:0.2500, MaxPct:0.15"
2026-01-14T21:56:53.962067,portfolio_heat_check,,20000.0,,,,,,0.25,,,,0.004149286202697745,"Can open: True, Max heat: 0.35"
2026-01-14T21:56:53.964282,position_size,XLF,20000.0,39.835018157958984,38.6431,,,0.5959444965613682,0.25,75,2987.626361846924,89.39386184692407,,"Kelly:0.2500, MaxPct:0.15"
2026-01-14T21:56:54.478973,portfolio_heat_check,,20000.0,,,,,,0.25,,,,0.004149286202697745,"Can open: True, Max heat: 0.35"
2026-01-14T21:56:54.479122,position_size,XLF,20000.0,40.08843994140625,38.9049,,,0.5917677541257694,0.25,74,2966.5445556640625,87.58195566406266,,"Kelly:0.2500, MaxPct:0.15"
2026-01-14T21:56:58.354814,position_size,XLF,20000.0,48.81941604614258,47.7335,,,0.5429533615254992,0.25,61,2977.9843788146973,66.24087881469731,,"Kelly:0.2500, MaxPct:0.15"
2026-01-14T21:56:58.971275,position_size,XLF,20000.0,48.80959701538086,47.7055,,,0.5520725242310017,0.25,61,2977.3854179382324,67.34991793823238,,"Kelly:0.2500, MaxPct:0.15"
2026-01-14T21:56:59.628441,position_size,XLF,20000.0,48.907806396484375,47.8598,,,0.5240129286098377,0.25,61,2983.376190185547,63.92839018554688,,"Kelly:0.2500, MaxPct:0.15"
2026-01-14T21:57:00.189799,position_size,XLF,20000.0,48.691749572753906,47.6928,,,0.4994606568757704,0.25,61,2970.1967239379883,60.935923937988385,,"Kelly:0.2500, MaxPct:0.15"
2026-01-14T21:57:02.051069,position_size,XLF,20000.0,48.22034454345703,47.3,,,0.46017753043878734,0.25,62,2989.661361694336,57.061361694336114,,"Kelly:0.2500, MaxPct:0.15"
2026-01-14T21:57:02.626084,position_size,XLF,20000.0,46.77669143676758,45.6739,,,0.5513710509329225,0.25,64,2993.708251953125,70.57865195312479,,"Kelly:0.2500, MaxPct:0.15"
2026-01-14T21:57:03.166207,portfolio_heat_check,,20000.0,,,,,,0.25,,,,0.0035289325976562394,"Can open: True, Max heat: 0.35"
2026-01-14T21:57:03.166340,position_size,XLF,20000.0,46.94363784790039,45.7595,,,0.5920568289406093,0.25,63,2957.4491844177246,74.60068441772444,,"Kelly:0.2500, MaxPct:0.15"
2026-01-14T21:57:03.466524,position_size,XLF,20000.0,40.809696197509766,40.0411,,,0.384301251559683,0.25,73,2979.107822418213,56.10752241821288,,"Kelly:0.2500, MaxPct:0.15"
2026-01-14T21:57:03.997768,portfolio_heat_check,,20000.0,,,,,,0.25,,,,0.0035289325976562394,"Can open: True, Max heat: 0.35"
2026-01-14T21:57:03.999285,position_size,XLF,20000.0,47.64092254638672,46.3867,,,0.6271312846490987,0.25,62,2953.7371978759766,77.76179787597671,,"Kelly:0.2500, MaxPct:0.15"
2026-01-14T21:57:04.229744,position_size,XLF,20000.0,41.111854553222656,40.3641,,,0.3738589768040167,0.25,72,2960.0535278320312,53.83832783203121,,"Kelly:0.2500, MaxPct:0.15"
2026-01-14T21:57:04.554516,portfolio_heat_check,,20000.0,,,,,,0.25,,,,0.0035289325976562394,"Can open: True, Max heat: 0.35"
2026-01-14T21:57:04.554662,position_size,XLF,20000.0,47.75532150268555,46.5147,,,0.6202926439822457,0.25,62,2960.829933166504,76.91853316650405,,"Kelly:0.2500, MaxPct:0.15"
2026-01-14T21:57:04.646882,position_size,XLF,20000.0,41.111854553222656,40.3795,,,0.36620103021098316,0.25,72,2960.0535278320312,52.72952783203124,,"Kelly:0.2500, MaxPct:0.15"
2026-01-14T21:57:05.021337,position_size,XLF,20000.0,41.41400146484375,40.6913,,,0.36132727772084294,0.25,72,2981.80810546875,52.034505468750126,,"Kelly:0.2500, MaxPct:0.15"
2026-01-14T21:57:05.138220,portfolio_heat_check,,20000.0,,,,,,0.25,,,,0.0035289325976562394,"Can open: True, Max heat: 0.35"
2026-01-14T21:57:05.138356,position_size,XLF,20000.0,48.317501068115234,47.0485,,,0.6344988975130244,0.25,62,2995.6850662231445,78.67806622314471,,"Kelly:0.2500, MaxPct:0.15"
2026-01-14T21:57:05.500043,position_size,XLF,20000.0,40.84868240356445,40.0982,,,0.3752518993339317,0.25,73,2981.953815460205,54.78521546020519,,"Kelly:0.2500, MaxPct:0.15"
2026-01-14T21:57:06.058038,position_size,XLF,20000.0,41.111854553222656,40.3976,,,0.3571515314272453,0.25,72,2960.0535278320312,51.42632783203146,,"Kelly:0.2500, MaxPct:0.15"
2026-01-14T21:57:06.641985,position_size,XLF,20000.0,40.877925872802734,40.1789,,,0.34949332055806537,0.25,73,2984.0885887145996,51.0288887145997,,"Kelly:0.2500, MaxPct:0.15"
2026-01-14T21:57:07.300705,position_size,XLF,20000.0,40.3126106262207,39.6025,,,0.3550625762069427,0.25,74,2983.133186340332,52.548186340332094,,"Kelly:0.2500, MaxPct:0.15"
2026-01-14T21:57:11.545517,position_size,XLF,20000.0,40.14691925048828,39.2572,,,0.4448724929312168,0.25,74,2970.872024536133,65.839224536133,,"Kelly:0.2500, MaxPct:0.15"
2026-01-14T21:57:12.119328,position_size,XLF,20000.0,40.26388168334961,39.3616,,,0.45113827772822646,0.25,74,2979.527244567871,66.76884456787089,,"Kelly:0.2500, MaxPct:0.15"
2026-01-14T21:57:22.854593,position_size,XLF,20000.0,40.65814971923828,39.798,,,0.4300816218745019,0.25,73,2968.0449295043945,62.7909295043944,,"Kelly:0.2500, MaxPct:0.15"
2026-01-14T21:57:23.481340,position_size,XLF,20000.0,40.64836883544922,39.7922,,,0.4280868449788591,0.25,73,2967.330924987793,62.50032498779289,,"Kelly:0.2500, MaxPct:0.15"
2026-01-14T21:57:24.108079,position_size,XLF,20000.0,40.54072952270508,39.669,,,0.4358743531705999,0.25,73,2959.4732551574707,63.63625515747093,,"Kelly:0.2500, MaxPct:0.15"
2026-01-14T21:57:24.870167,position_size,XLF,20000.0,40.85385513305664,39.9734,,,0.4402170219546682,0.25,73,2982.3314247131348,64.27322471313491,,"Kelly:0.2500, MaxPct:0.15"
2026-01-14T21:57:28.185265,position_size,XLF,20000.0,42.87942886352539,41.9596,,,0.45991199980666103,0.25,69,2958.680591583252,63.46819158325183,,"Kelly:0.2500, MaxPct:0.15"
2026-01-14T21:57:28.812601,position_size,XLF,20000.0,42.36080551147461,41.3543,,,0.5032473384588673,0.25,70,2965.2563858032227,70.45538580322251,,"Kelly:0.2500, MaxPct:0.15"
2026-01-14T21:57:29.517402,position_size,XLF,20000.0,41.93024826049805,40.9056,,,0.51233381372034,0.25,71,2977.0476264953613,72.75002649536134,,"Kelly:0.2500, MaxPct:0.15"
2026-01-14T21:57:30.184758,position_size,XLF,20000.0,42.16510009765625,41.1544,,,0.5053441155429158,0.25,71,2993.7221069335938,71.75970693359358,,"Kelly:0.2500, MaxPct:0.15"
2026-01-14T21:57:31.453285,position_size,XLF,20000.0,49.520755767822266,47.7807,,,0.8700330865468128,0.25,60,2971.245346069336,104.40334606933575,,"Kelly:0.2500, MaxPct:0.15"
2026-01-14T21:57:31.946779,position_size,XLF,20000.0,48.7021484375,46.8761,,,0.9130066938874128,0.25,61,2970.8310546875,111.38895468749993,,"Kelly:0.2500, MaxPct:0.15"
2026-01-14T21:57:35.898386,position_size,XLF,20000.0,39.96339416503906,38.5487,,,0.7073415060680632,0.25,75,2997.2545623779297,106.10206237792994,,"Kelly:0.2500, MaxPct:0.15"
2026-01-14T21:57:36.332168,position_size,XLF,20000.0,40.609222412109375,39.1079,,,0.7506762116636249,0.25,73,2964.4732360839844,109.59653608398432,,"Kelly:0.2500, MaxPct:0.15"
2026-01-14T21:57:36.954984,position_size,XLF,20000.0,40.65814971923828,39.1638,,,0.7471812250945439,0.25,73,2968.0449295043945,109.08752950439438,,"Kelly:0.2500, MaxPct:0.15"
2026-01-14T21:57:37.557637,position_size,XLF,20000.0,41.31377410888672,39.797,,,0.7583647359776238,0.25,72,2974.5917358398438,109.20773583984396,,"Kelly:0.2500, MaxPct:0.15"
2026-01-14T21:57:38.121104,position_size,XLF,20000.0,41.48991012573242,39.9676,,,0.761160579435046,0.25,72,2987.2735290527344,109.60632905273457,,"Kelly:0.2500, MaxPct:0.15"
2026-01-14T21:57:38.625058,position_size,XLF,20000.0,41.274635314941406,39.7285,,,0.7730427270982148,0.25,72,2971.7737426757812,111.32174267578148,,"Kelly:0.2500, MaxPct:0.15"
2026-01-14T21:57:38.871451,position_size,XLF,20000.0,49.6412353515625,47.7557,,,0.9427784710467572,0.25,60,2978.47412109375,113.13212109375016,,"Kelly:0.2500, MaxPct:0.15"
2026-01-14T21:57:39.448530,position_size,XLF,20000.0,49.91839599609375,48.1327,,,0.8928699683307022,0.25,60,2995.103759765625,107.14175976562501,,"Kelly:0.2500, MaxPct:0.15"
2026-01-14T21:57:39.986655,position_size,XLF,20000.0,49.76991271972656,48.0021,,,0.8839215683815433,0.25,60,2986.1947631835938,106.06876318359383,,"Kelly:0.2500, MaxPct:0.15"
2026-01-14T21:57:40.510942,position_size,XLF,20000.0,49.67092514038086,48.0338,,,0.8185739136268764,0.25,60,2980.2555084228516,98.2275084228516,,"Kelly:0.2500, MaxPct:0.15"
2026-01-14T21:57:41.154045,position_size,XLF,20000.0,48.71076965332031,47.0547,,,0.8280594995793987,0.25,61,2971.356948852539,101.02024885253925,,"Kelly:0.2500, MaxPct:0.15"
2026-01-14T21:57:41.805848,position_size,XLF,20000.0,49.304683685302734,47.552,,,0.8763426321415732,0.25,60,2958.281021118164,105.16102111816409,,"Kelly:0.2500, MaxPct:0.15"
2026-01-14T21:57:42.394037,position_size,XLF,20000.0,49.24528884887695,47.5204,,,0.8624502617463052,0.25,60,2954.717330932617,103.49333093261706,,"Kelly:0.2500, MaxPct:0.15"
2026-01-14T21:57:42.964394,position_size,XLF,20000.0,49.65113067626953,47.9172,,,0.8669483740386502,0.25,60,2979.067840576172,104.03584057617181,,"Kelly:0.2500, MaxPct:0.15"
2026-01-14T21:57:43.611077,position_size,XLF,20000.0,47.2061882019043,45.3179,,,0.9789114268891151,0.25,63,2973.9898567199707,118.96215671997061,,"Kelly:0.2500, MaxPct:0.15"
2026-01-14T21:57:44.176130,position_size,XLF,20000.0,43.75159454345703,42.0015,,,1.1622929126685466,0.25,68,2975.108428955078,119.00642895507812,,"Kelly:0.2500, MaxPct:0.15"
2026-01-14T21:57:44.692795,position_size,XLF,20000.0,43.6427116394043,41.897,,,1.3745173086982188,0.25,68,2967.704391479492,118.70839147949229,,"Kelly:0.2500, MaxPct:0.15"
2026-01-14T21:57:45.537823,position_size,XLF,20000.0,43.474430084228516,41.7355,,,1.5168802898954874,0.25,69,2999.7356758117676,119.98617581176745,,"Kelly:0.2500, MaxPct:0.15"
2026-01-14T21:57:46.361689,position_size,XLF,20000.0,46.750858306884766,44.8808,,,1.7829266415085796,0.25,64,2992.054931640625,119.68373164062496,,"Kelly:0.2500, MaxPct:0.15"
2026-01-14T21:57:46.854457,position_size,XLF,20000.0,45.44424819946289,43.6265,,,1.9033499795643896,0.25,66,2999.320381164551,119.97138116455078,,"Kelly:0.2500, MaxPct:0.15"
2026-01-14T21:57:47.476704,position_size,XLF,20000.0,46.196533203125,44.3487,,,1.9733469879697176,0.25,64,2956.578125,118.26132499999994,,"Kelly:0.2500, MaxPct:0.15"
2026-01-14T21:57:48.041852,position_size,XLF,20000.0,46.67166519165039,44.8048,,,2.010113204432245,0.25,64,2986.986572265625,119.47937226562499,,"Kelly:0.2500, MaxPct:0.15"
2026-01-14T21:57:48.575960,position_size,XLF,20000.0,46.79045104980469,44.9188,,,2.0051642584986276,0.25,64,2994.5888671875,119.78566718750017,,"Kelly:0.2500, MaxPct:0.15"
2026-01-14T21:57:49.523881,position_size,XLF,20000.0,43.33934020996094,42.3328,,,0.5032478727986306,0.25,69,2990.4144744873047,69.45127448730477,,"Kelly:0.2500, MaxPct:0.15"
2026-01-14T21:57:50.192514,position_size,XLF,20000.0,43.98517990112305,42.8864,,,0.5493790771073651,0.25,68,2990.992233276367,74.71703327636706,,"Kelly:0.2500, MaxPct:0.15"
2026-01-14T21:57:50.868333,position_size,XLF,20000.0,43.53504943847656,42.3049,,,0.6150806550099526,0.25,68,2960.3833618164062,83.65016181640601,,"Kelly:0.2500, MaxPct:0.15"
2026-01-14T21:57:51.280757,position_size,XLF,20000.0,43.329551696777344,42.0043,,,0.6626095336290031,0.25,69,2989.7390670776367,91.44236707763667,,"Kelly:0.2500, MaxPct:0.15"
2026-01-14T21:57:51.778734,position_size,XLF,20000.0,43.427406311035156,42.0686,,,0.6793850361470665,0.25,69,2996.491035461426,93.75763546142554,,"Kelly:0.2500, MaxPct:0.15"
2026-01-14T21:57:56.354851,position_size,XLF,20000.0,48.93843460083008,46.9809,,,1.016014942445206,0.25,61,2985.2445106506348,119.40961065063487,,"Kelly:0.2500, MaxPct:0.15"
2026-01-14T21:57:56.623501,position_size,XLF,20000.0,44.25272750854492,42.948,,,0.6523406377901984,0.25,67,2964.9327430725098,87.41674307250975,,"Kelly:0.2500, MaxPct:0.15"
2026-01-14T21:57:56.931372,position_size,XLF,20000.0,48.66127395629883,46.7148,,,1.0103584958690617,0.25,61,2968.3377113342285,118.73491133422871,,"Kelly:0.2500, MaxPct:0.15"
2026-01-14T21:57:57.142087,position_size,XLF,20000.0,43.987571716308594,42.7414,,,0.623108641148731,0.25,68,2991.1548767089844,84.73967670898446,,"Kelly:0.2500, MaxPct:0.15"
2026-01-14T21:57:59.298494,position_size,XLF,20000.0,50.35393142700195,48.6641,,,0.844911883169419,0.25,59,2970.8819541931152,99.70005419311536,,"Kelly:0.2500, MaxPct:0.15"
2026-01-14T21:57:59.848961,position_size,XLF,20000.0,50.561798095703125,48.9738,,,0.7940048215058866,0.25,59,2983.1460876464844,93.69188764648455,,"Kelly:0.2500, MaxPct:0.15"
2026-01-14T21:58:00.453466,position_size,XLF,20000.0,50.4232177734375,48.9229,,,0.7501682819303893,0.25,59,2974.9698486328125,88.51874863281259,,"Kelly:0.2500, MaxPct:0.15"
2026-01-14T21:58:07.971395,position_size,XLF,20000.0,46.30528259277344,45.246,,,0.5296235398609532,0.25,64,2963.5380859375,67.79408593749986,,"Kelly:0.2500, MaxPct:0.15"
2026-01-14T21:58:08.106323,position_size,XLF,20000.0,50.561798095703125,49.3231,,,0.6193659004827937,0.25,59,2983.1460876464844,73.08318764648457,,"Kelly:0.2500, MaxPct:0.15"
2026-01-14T21:58:08.588661,position_size,XLF,20000.0,46.2660026550293,45.2488,,,0.5085791155042126,0.25,64,2961.024169921875,65.10096992187482,,"Kelly:0.2500, MaxPct:0.15"
2026-01-14T21:58:09.162843,position_size,XLF,20000.0,46.30528259277344,45.3148,,,0.4952509252970704,0.25,64,2963.5380859375,63.390885937500116,,"Kelly:0.2500, MaxPct:0.15"
2026-01-14T21:58:09.719021,position_size,XLF,20000.0,45.79460144042969,44.7985,,,0.49805719691137235,0.25,65,2976.6490936279297,64.74659362792988,,"Kelly:0.2500, MaxPct:0.15"
2026-01-14T21:58:10.288616,position_size,XLF,20000.0,46.36421203613281,45.3204,,,0.5219080845237494,0.25,64,2967.3095703125,66.80397031250004,,"Kelly:0.2500, MaxPct:0.15"
2026-01-14T21:58:16.106846,position_size,XLF,20000.0,51.23170471191406,49.9524,,,0.6396352376188952,0.25,58,2971.4388732910156,74.19967329101578,,"Kelly:0.2500, MaxPct:0.15"
2026-01-14T21:58:17.202271,position_size,XLF,20000.0,51.06285095214844,49.8018,,,0.6305163452489901,0.25,58,2961.6453552246094,73.14095522460937,,"Kelly:0.2500, MaxPct:0.15"
2026-01-14T21:58:17.706608,position_size,XLF,20000.0,51.440284729003906,50.237,,,0.6016299357637394,0.25,58,2983.5365142822266,69.79051428222645,,"Kelly:0.2500, MaxPct:0.15"
2026-01-14T21:58:17.807750,position_size,XLF,20000.0,48.750675201416016,47.2958,,,0.7274446524812817,0.25,61,2973.791187286377,88.74738728637696,,"Kelly:0.2500, MaxPct:0.15"
2026-01-14T21:58:18.183362,position_size,XLF,20000.0,48.9765510559082,47.5203,,,0.7281460203954312,0.25,61,2987.5696144104004,88.83131441040047,,"Kelly:0.2500, MaxPct:0.15"
2026-01-14T21:58:18.609773,position_size,XLF,20000.0,49.12386703491211,47.6606,,,0.7316536106029738,0.25,61,2996.5558891296387,89.25928912963853,,"Kelly:0.2500, MaxPct:0.15"
2026-01-14T21:58:27.601281,position_size,XLF,20000.0,48.809600830078125,47.7055,,,0.5520719906476117,0.25,61,2977.3856506347656,67.35015063476558,,"Kelly:0.2500, MaxPct:0.15"
2026-01-14T21:58:28.279537,position_size,XLF,20000.0,48.90781021118164,47.8598,,,0.5240121271781985,0.25,61,2983.37642288208,63.928622882080084,,"Kelly:0.2500, MaxPct:0.15"
2026-01-14T21:58:28.876897,position_size,XLF,20000.0,48.69174575805664,47.6928,,,0.49945984928177417,0.25,61,2970.196491241455,60.93569124145518,,"Kelly:0.2500, MaxPct:0.15"
2026-01-14T21:58:29.159848,position_size,XLF,20000.0,53.079139709472656,52.0164,,,0.5313866936745322,0.25,56,2972.4318237304688,59.5134237304689,,"Kelly:0.2500, MaxPct:0.15"
2026-01-14T21:58:29.740379,position_size,XLF,20000.0,52.711639404296875,51.6404,,,0.535643566419581,0.25,56,2951.851806640625,59.98940664062502,,"Kelly:0.2500, MaxPct:0.15"
2026-01-14T21:58:30.272008,position_size,XLF,20000.0,52.44346618652344,51.3353,,,0.5540894739310386,0.25,57,2989.277572631836,63.16547263183613,,"Kelly:0.2500, MaxPct:0.15"
2026-01-14T21:58:30.706971,position_size,XLF,20000.0,52.344139099121094,51.2629,,,0.5406096249267252,0.25,57,2983.6159286499023,61.630628649902235,,"Kelly:0.2500, MaxPct:0.15"
2026-01-14T21:58:31.309313,position_size,XLF,20000.0,52.01636505126953,50.8798,,,0.5682788863932231,0.25,57,2964.9328079223633,64.78420792236311,,"Kelly:0.2500, MaxPct:0.15"
2026-01-14T21:58:32.038381,position_size,XLF,20000.0,51.052921295166016,49.8227,,,0.6151031007553799,0.25,58,2961.069435119629,71.35283511962905,,"Kelly:0.2500, MaxPct:0.15"
2026-01-14T21:58:32.676603,position_size,XLF,20000.0,51.559471130371094,50.3704,,,0.5945282898483306,0.25,58,2990.4493255615234,68.96612556152364,,"Kelly:0.2500, MaxPct:0.15"
2026-01-14T21:58:33.252375,position_size,XLF,20000.0,51.35089111328125,50.1618,,,0.594528287004327,0.25,58,2978.3516845703125,68.96728457031253,,"Kelly:0.2500, MaxPct:0.15"
2026-01-14T21:58:33.893126,position_size,XLF,20000.0,51.599205017089844,50.4697,,,0.5647309927208839,0.25,58,2992.753890991211,65.51129099121076,,"Kelly:0.2500, MaxPct:0.15"
2026-01-14T21:58:34.487870,position_size,XLF,20000.0,51.02311706542969,49.7787,,,0.6221972752119562,0.25,58,2959.340789794922,72.17618979492184,,"Kelly:0.2500, MaxPct:0.15"
2026-01-14T21:58:44.943386,position_size,XLF,20000.0,53.6949577331543,52.6648,,,0.5150705160188035,0.25,55,2953.2226753234863,56.65867532348635,,"Kelly:0.2500, MaxPct:0.15"
2026-01-14T21:58:45.595153,position_size,XLF,20000.0,52.711639404296875,51.5907,,,0.5604760675173353,0.25,56,2951.851806640625,62.7726066406251,,"Kelly:0.2500, MaxPct:0.15"
2026-01-14T21:58:46.197107,position_size,XLF,20000.0,52.751373291015625,51.6219,,,0.5647326688426831,0.25,56,2954.076904296875,63.25050429687519,,"Kelly:0.2500, MaxPct:0.15"
2026-01-14T21:58:46.819328,position_size,XLF,20000.0,52.979820251464844,51.8206,,,0.5796315885563195,0.25,56,2966.8699340820312,64.91633408203131,,"Kelly:0.2500, MaxPct:0.15"
2026-01-14T21:58:47.275847,position_size,XLF,20000.0,52.80103302001953,51.656,,,0.5725368193679036,0.25,56,2956.8578491210938,64.12184912109382,,"Kelly:0.2500, MaxPct:0.15"
2026-01-14T21:58:48.036487,position_size,XLF,20000.0,50.43798828125,49.3277,,,0.5551315242265576,0.25,59,2975.84130859375,65.50700859374999,,"Kelly:0.2500, MaxPct:0.15"
2026-01-14T21:58:48.106699,position_size,XLF,20000.0,53.665157318115234,52.4903,,,0.5874351963479926,0.25,55,2951.583652496338,64.61715249633801,,"Kelly:0.2500, MaxPct:0.15"
2026-01-14T21:58:48.710034,position_size,XLF,20000.0,53.436710357666016,52.3143,,,0.5611851585628506,0.25,56,2992.455780029297,62.85498002929671,,"Kelly:0.2500, MaxPct:0.15"
2026-01-14T21:58:53.048676,position_size,XLF,20000.0,51.45384216308594,50.3154,,,0.5692209588520859,0.25,58,2984.3228454589844,66.02964545898456,,"Kelly:0.2500, MaxPct:0.15"
2026-01-14T21:58:53.147735,position_size,XLF,20000.0,53.423282623291016,52.2189,,,0.6021752904904935,0.25,56,2991.703826904297,67.445426904297,,"Kelly:0.2500, MaxPct:0.15"
2026-01-14T21:58:53.552648,position_size,XLF,20000.0,53.28377151489258,52.2083,,,0.5377237178235964,0.25,56,2983.8912048339844,60.226404833984304,,"Kelly:0.2500, MaxPct:0.15"
2026-01-14T21:58:53.644888,position_size,XLF,20000.0,51.47357177734375,50.3873,,,0.5431549112754078,0.25,58,2985.4671630859375,63.00376308593731,,"Kelly:0.2500, MaxPct:0.15"
2026-01-14T21:58:54.185074,position_size,XLF,20000.0,53.67241287231445,52.5541,,,0.559154692549492,0.25,55,2951.982707977295,61.50720797729502,,"Kelly:0.2500, MaxPct:0.15"
2026-01-14T21:58:54.307717,position_size,XLF,20000.0,50.68455505371094,49.5222,,,0.5811966063971771,0.25,59,2990.3887481689453,68.57894816894543,,"Kelly:0.2500, MaxPct:0.15"
2026-01-14T21:58:54.738396,position_size,XLF,20000.0,53.941471099853516,52.8542,,,0.5436421844708305,0.25,55,2966.7809104919434,59.79991049194343,,"Kelly:0.2500, MaxPct:0.15"
2026-01-14T21:58:55.293316,position_size,XLF,20000.0,53.682376861572266,52.5479,,,0.5672460804175837,0.25,55,2952.5307273864746,62.39622738647469,,"Kelly:0.2500, MaxPct:0.15"
2026-01-14T21:58:58.722150,position_size,XLF,20000.0,53.323631286621094,52.1819,,,0.570890064842642,0.25,56,2986.1233520507812,63.936952050781315,,"Kelly:0.2500, MaxPct:0.15"
2026-01-14T21:58:59.284211,position_size,XLF,20000.0,53.13429260253906,51.9755,,,0.5794037923222355,0.25,56,2975.5203857421875,64.89238574218768,,"Kelly:0.2500, MaxPct:0.15"
2026-01-14T21:58:59.877635,position_size,XLF,20000.0,51.97833251953125,50.6629,,,0.6577014570618606,0.25,57,2962.7649536132812,74.97965361328122,,"Kelly:0.2500, MaxPct:0.15"
2026-01-14T21:59:00.232414,position_size,XLF,20000.0,48.702152252197266,46.8761,,,0.9130053218800259,0.25,61,2970.831287384033,111.38918738403314,,"Kelly:0.2500, MaxPct:0.15"
2026-01-14T21:59:00.526542,portfolio_heat_check,,20000.0,,,,,,0.25,,,,0.003748982680664061,"Can open: True, Max heat: 0.35"
2026-01-14T21:59:00.526720,position_size,XLF,20000.0,52.476593017578125,51.1897,,,0.6434655838016968,0.25,57,2991.165802001953,73.35290200195301,,"Kelly:0.2500, MaxPct:0.15"
2026-01-14T21:59:00.956915,position_size,XLF,20000.0,48.445716857910156,46.5079,,,0.9735908607555527,0.25,61,2955.1887283325195,118.20682833251956,,"Kelly:0.2500, MaxPct:0.15"
2026-01-14T21:59:01.096897,portfolio_heat_check,,20000.0,,,,,,0.25,,,,0.003748982680664061,"Can open: True, Max heat: 0.35"
2026-01-14T21:59:01.097132,position_size,XLF,20000.0,53.05457305908203,51.6338,,,0.7103747645374477,0.25,56,2971.0560913085938,79.5632913085937,,"Kelly:0.2500, MaxPct:0.15"
2026-01-14T21:59:03.932608,position_size,XLF,20000.0,47.85395431518555,45.9398,,,1.1060340659849177,0.25,62,2966.945167541504,118.67756754150402,,"Kelly:0.2500, MaxPct:0.15"
2026-01-14T21:59:04.480261,position_size,XLF,20000.0,48.41613006591797,46.4795,,,1.0996939978045985,0.25,61,2953.383934020996,118.134434020996,,"Kelly:0.2500, MaxPct:0.15"
2026-01-14T21:59:09.214000,position_size,XLF,20000.0,51.96836853027344,50.512,,,0.7281695527515123,0.25,57,2962.197006225586,83.01300622558591,,"Kelly:0.2500, MaxPct:0.15"
2026-01-14T21:59:09.695119,position_size,XLF,20000.0,52.2374267578125,50.8266,,,0.7053919667150633,0.25,57,2977.5333251953125,80.41712519531255,,"Kelly:0.2500, MaxPct:0.15"
2026-01-14T21:59:10.164485,position_size,XLF,20000.0,52.41679763793945,51.1398,,,0.6384830590601069,0.25,57,2987.757465362549,72.78886536254876,,"Kelly:0.2500, MaxPct:0.15"
2026-01-14T21:59:10.681065,position_size,XLF,20000.0,52.22746276855469,50.9804,,,0.6235353838698501,0.25,57,2976.965377807617,71.08257780761701,,"Kelly:0.2500, MaxPct:0.15"
2026-01-14T21:59:11.394297,position_size,XLF,20000.0,52.59617233276367,51.3349,,,0.6306532542647025,0.25,57,2997.9818229675293,71.89252296752943,,"Kelly:0.2500, MaxPct:0.15"
2026-01-14T21:59:12.097992,position_size,XLF,20000.0,52.78551483154297,51.5199,,,0.6327885615748693,0.25,56,2955.9888305664062,70.87443056640626,,"Kelly:0.2500, MaxPct:0.15"
2026-01-14T21:59:12.551060,position_size,XLF,20000.0,53.02467346191406,51.7933,,,0.6157052889178419,0.25,56,2969.3817138671875,68.95691386718738,,"Kelly:0.2500, MaxPct:0.15"
2026-01-14T21:59:13.004922,position_size,XLF,20000.0,43.751590728759766,42.0015,,,1.1622934462418715,0.25,68,2975.108169555664,119.00616955566406,,"Kelly:0.2500, MaxPct:0.15"
2026-01-14T21:59:13.177012,position_size,XLF,20000.0,53.483070373535156,52.2488,,,0.6171287998185362,0.25,56,2995.0519409179688,69.1191409179686,,"Kelly:0.2500, MaxPct:0.15"
2026-01-14T21:59:13.623145,position_size,XLF,20000.0,43.6427116394043,41.897,,,1.3745178447168043,0.25,68,2967.704391479492,118.70839147949229,,"Kelly:0.2500, MaxPct:0.15"
2026-01-14T21:59:13.874564,position_size,XLF,20000.0,52.795475006103516,51.5157,,,0.6399063467123943,0.25,56,2956.546600341797,71.66740034179674,,"Kelly:0.2500, MaxPct:0.15"
2026-01-14T21:59:14.221218,position_size,XLF,20000.0,43.474430084228516,41.7355,,,1.516880825914073,0.25,69,2999.7356758117676,119.98617581176745,,"Kelly:0.2500, MaxPct:0.15"
2026-01-14T21:59:14.402053,position_size,XLF,20000.0,52.2673225402832,50.9192,,,0.6740725869723977,0.25,57,2979.2373847961426,76.84298479614279,,"Kelly:0.2500, MaxPct:0.15"
2026-01-14T21:59:14.991931,position_size,XLF,20000.0,51.27080535888672,49.87,,,0.70040911081109,0.25,58,2973.7067108154297,81.24671081542984,,"Kelly:0.2500, MaxPct:0.15"
2026-01-14T21:59:15.476621,position_size,XLF,20000.0,51.19108200073242,49.8059,,,0.6925790172749343,0.25,58,2969.0827560424805,80.3405560424804,,"Kelly:0.2500, MaxPct:0.15"
2026-01-14T21:59:15.932802,position_size,XLF,20000.0,51.38042449951172,50.0437,,,0.6683781488646824,0.25,58,2980.0646209716797,77.53002097167962,,"Kelly:0.2500, MaxPct:0.15"
2026-01-14T21:59:16.685982,position_size,XLF,20000.0,50.93199157714844,49.4927,,,0.7196274565124361,0.25,58,2954.0555114746094,83.47891147460942,,"Kelly:0.2500, MaxPct:0.15"
2026-01-14T21:59:24.429232,position_size,XLF,20000.0,48.93843078613281,46.9809,,,1.0160163136965825,0.25,61,2985.2442779541016,119.40937795410167,,"Kelly:0.2500, MaxPct:0.15"
2026-01-14T21:59:29.858649,position_size,XLF,20000.0,55.43000030517578,54.2406,,,0.5946814748324835,0.25,54,2993.220016479492,64.22761647949216,,"Kelly:0.2500, MaxPct:0.15"
2026-01-14T21:59:30.520654,position_size,XLF,20000.0,55.72999954223633,54.5347,,,0.5976481436947506,0.25,53,2953.6899757385254,63.350875738525346,,"Kelly:0.2500, MaxPct:0.15"
2026-01-14T21:59:31.034782,position_size,XLF,20000.0,55.619998931884766,54.4416,,,0.5891962050525587,0.25,53,2947.8599433898926,62.45514338989252,,"Kelly:0.2500, MaxPct:0.15"
2026-01-14T21:59:31.645378,position_size,XLF,20000.0,55.31999969482422,54.1428,,,0.5885890132563064,0.25,54,2987.279983520508,63.56878352050775,,"Kelly:0.2500, MaxPct:0.15"
2026-01-14T21:59:32.106935,position_size,XLF,20000.0,55.18000030517578,54.0653,,,0.5573346823326654,0.25,54,2979.720016479492,60.193816479492156,,"Kelly:0.2500, MaxPct:0.15"
2026-01-14T21:59:43.446596,position_size,XLF,20000.0,50.47683334350586,49.2305,,,0.6231444423359928,0.25,59,2978.1331672668457,73.53366726684575,,"Kelly:0.2500, MaxPct:0.15"
2026-01-14T21:59:44.136971,position_size,XLF,20000.0,51.23170471191406,49.9524,,,0.6396365934097125,0.25,58,2971.4388732910156,74.19967329101578,,"Kelly:0.2500, MaxPct:0.15"
2026-01-14T21:59:44.688815,position_size,XLF,20000.0,51.06285095214844,49.8018,,,0.6305177010398074,0.25,58,2961.6453552246094,73.14095522460937,,"Kelly:0.2500, MaxPct:0.15"
2026-01-14T21:59:45.356708,position_size,XLF,20000.0,51.440284729003906,50.237,,,0.6016310213894239,0.25,58,2983.5365142822266,69.79051428222645,,"Kelly:0.2500, MaxPct:0.15"
2026-01-14T21:59:57.582764,position_size,XLF,20000.0,52.711639404296875,51.6404,,,0.5356438276722422,0.25,56,2951.851806640625,59.98940664062502,,"Kelly:0.2500, MaxPct:0.15"
2026-01-14T21:59:58.427265,position_size,XLF,20000.0,52.44346237182617,51.3353,,,0.5540897319841486,0.25,57,2989.277355194092,63.16525519409199,,"Kelly:0.2500, MaxPct:0.15"
2026-01-14T21:59:59.038654,position_size,XLF,20000.0,52.344139099121094,51.2629,,,0.5406098829798351,0.25,57,2983.6159286499023,61.630628649902235,,"Kelly:0.2500, MaxPct:0.15"
2026-01-14T21:59:59.738004,position_size,XLF,20000.0,52.01636505126953,50.8798,,,0.5682791444463332,0.25,57,2964.9328079223633,64.78420792236311,,"Kelly:0.2500, MaxPct:0.15"
2026-01-14T22:00:00.328136,position_size,XLF,20000.0,51.052921295166016,49.8227,,,0.6151036341905437,0.25,58,2961.069435119629,71.35283511962905,,"Kelly:0.2500, MaxPct:0.15"
2026-01-14T22:00:00.926537,position_size,XLF,20000.0,51.55947494506836,50.3704,,,0.5945290957618704,0.25,58,2990.449546813965,68.96634681396505,,"Kelly:0.2500, MaxPct:0.15"
2026-01-14T22:00:01.506224,position_size,XLF,20000.0,51.350894927978516,50.1618,,,0.594529096765238,0.25,58,2978.351905822754,68.96750582275394,,"Kelly:0.2500, MaxPct:0.15"
2026-01-14T22:00:02.072491,position_size,XLF,20000.0,51.599205017089844,50.4697,,,0.5647318024817949,0.25,58,2992.753890991211,65.51129099121076,,"Kelly:0.2500, MaxPct:0.15"
2026-01-14T22:00:02.696409,position_size,XLF,20000.0,51.02311706542969,49.7787,,,0.6221980838319158,0.25,58,2959.340789794922,72.17618979492184,,"Kelly:0.2500, MaxPct:0.15"
2026-01-14T22:00:15.025023,position_size,XLF,20000.0,52.751373291015625,51.6219,,,0.5647321175043553,0.25,56,2954.076904296875,63.25050429687519,,"Kelly:0.2500, MaxPct:0.15"
2026-01-14T22:00:15.834103,position_size,XLF,20000.0,52.979820251464844,51.8206,,,0.5796310372179916,0.25,56,2966.8699340820312,64.91633408203131,,"Kelly:0.2500, MaxPct:0.15"
2026-01-14T22:00:16.578881,position_size,XLF,20000.0,52.80103302001953,51.656,,,0.5725365430848234,0.25,56,2956.8578491210938,64.12184912109382,,"Kelly:0.2500, MaxPct:0.15"
2026-01-14T22:00:17.116471,position_size,XLF,20000.0,53.665157318115234,52.4903,,,0.5874351893897268,0.25,55,2951.583652496338,64.61715249633801,,"Kelly:0.2500, MaxPct:0.15"
2026-01-14T22:00:30.439692,position_size,XLF,20000.0,52.476593017578125,51.1897,,,0.6434655838016968,0.25,57,2991.165802001953,73.35290200195301,,"Kelly:0.2500, MaxPct:0.15"
2026-01-14T22:00:40.620056,position_size,XLF,20000.0,52.22746276855469,50.9804,,,0.6235353838698501,0.25,57,2976.965377807617,71.08257780761701,,"Kelly:0.2500, MaxPct:0.15"
2026-01-14T22:00:41.234869,position_size,XLF,20000.0,52.59617233276367,51.3349,,,0.6306532542647025,0.25,57,2997.9818229675293,71.89252296752943,,"Kelly:0.2500, MaxPct:0.15"
2026-01-14T22:00:41.795544,position_size,XLF,20000.0,52.78551483154297,51.5199,,,0.6327885615748693,0.25,56,2955.9888305664062,70.87443056640626,,"Kelly:0.2500, MaxPct:0.15"
2026-01-14T22:00:42.449656,position_size,XLF,20000.0,53.02467346191406,51.7933,,,0.6157052889178419,0.25,56,2969.3817138671875,68.95691386718738,,"Kelly:0.2500, MaxPct:0.15"
2026-01-14T22:00:43.141596,position_size,XLF,20000.0,53.483070373535156,52.2488,,,0.6171287998185362,0.25,56,2995.0519409179688,69.1191409179686,,"Kelly:0.2500, MaxPct:0.15"
2026-01-14T22:00:43.699661,position_size,XLF,20000.0,52.795475006103516,51.5157,,,0.6399063467123943,0.25,56,2956.546600341797,71.66740034179674,,"Kelly:0.2500, MaxPct:0.15"
2026-01-14T22:00:44.305708,position_size,XLF,20000.0,52.2673225402832,50.9192,,,0.6740725869723977,0.25,57,2979.2373847961426,76.84298479614279,,"Kelly:0.2500, MaxPct:0.15"
2026-01-14T22:00:44.882293,position_size,XLF,20000.0,51.27080535888672,49.87,,,0.70040911081109,0.25,58,2973.7067108154297,81.24671081542984,,"Kelly:0.2500, MaxPct:0.15"
2026-01-14T22:00:45.355864,position_size,XLF,20000.0,51.19108200073242,49.8059,,,0.6925790172749343,0.25,58,2969.0827560424805,80.3405560424804,,"Kelly:0.2500, MaxPct:0.15"
2026-01-14T22:00:56.905316,position_size,XLF,20000.0,54.4496955871582,53.2183,,,0.6157055915191592,0.25,55,2994.733257293701,67.72675729370121,,"Kelly:0.2500, MaxPct:0.15"
2026-01-14T22:00:57.530220,position_size,XLF,20000.0,54.43973159790039,53.2283,,,0.6057402064782593,0.25,55,2994.1852378845215,66.62873788452163,,"Kelly:0.2500, MaxPct:0.15"
2026-01-14T22:00:58.087069,position_size,XLF,20000.0,54.35004425048828,53.1186,,,0.6157053335008175,0.25,55,2989.2524337768555,67.72943377685543,,"Kelly:0.2500, MaxPct:0.15"
2026-01-14T22:01:00.699450,position_size,XLF,20000.0,55.72999954223633,54.5347,,,0.5976481436947506,0.25,53,2953.6899757385254,63.350875738525346,,"Kelly:0.2500, MaxPct:0.15"
2026-01-14T22:01:01.214109,position_size,XLF,20000.0,55.619998931884766,54.4416,,,0.5891962050525587,0.25,53,2947.8599433898926,62.45514338989252,,"Kelly:0.2500, MaxPct:0.15"
2026-01-14T22:01:01.781448,position_size,XLF,20000.0,55.31999969482422,54.1428,,,0.5885890132563064,0.25,54,2987.279983520508,63.56878352050775,,"Kelly:0.2500, MaxPct:0.15"
2026-01-14T22:01:02.422288,position_size,XLF,20000.0,55.18000030517578,54.0653,,,0.5573346823326654,0.25,54,2979.720016479492,60.193816479492156,,"Kelly:0.2500, MaxPct:0.15"
2026-01-14T22:12:26.762103,position_size,XLF,20000.0,40.02995681762695,39.3194,,,0.3552626304600298,0.25,74,2962.2168045043945,52.58120450439441,,"Kelly:0.2500, MaxPct:0.15"
2026-01-14T22:12:27.091151,position_size,XLF,20000.0,40.50755310058594,39.7606,,,0.37346287924550886,0.25,74,2997.5589294433594,55.274529443359626,,"Kelly:0.2500, MaxPct:0.15"
2026-01-14T22:12:27.287855,position_size,XLF,20000.0,40.83893585205078,40.0668,,,0.38606182270815126,0.25,73,2981.242317199707,56.365917199706985,,"Kelly:0.2500, MaxPct:0.15"
2026-01-14T22:12:27.488804,position_size,XLF,20000.0,40.37109375,39.5487,,,0.411200701489296,0.25,74,2987.4609375,60.85713750000025,,"Kelly:0.2500, MaxPct:0.15"
2026-01-14T22:12:27.898091,position_size,XLF,20000.0,40.35160446166992,39.5789,,,0.3863544010548147,0.25,74,2986.018730163574,57.18013016357442,,"Kelly:0.2500, MaxPct:0.15"
2026-01-14T22:12:28.090889,position_size,XLF,20000.0,40.829193115234375,40.0507,,,0.3892588483409024,0.25,73,2980.5310974121094,56.82999741210944,,"Kelly:0.2500, MaxPct:0.15"
2026-01-14T22:12:28.279940,position_size,XLF,20000.0,41.053367614746094,40.2622,,,0.3955925307270479,0.25,73,2996.895835876465,57.755235876464845,,"Kelly:0.2500, MaxPct:0.15"
2026-01-14T22:12:29.189167,position_size,XLF,20000.0,40.51729965209961,39.6596,,,0.42885717083150915,0.25,74,2998.280174255371,63.46977425537128,,"Kelly:0.2500, MaxPct:0.15"
2026-01-14T22:12:29.378412,position_size,XLF,20000.0,40.692745208740234,39.8476,,,0.4225914699849288,0.25,73,2970.570400238037,61.695600238037116,,"Kelly:0.2500, MaxPct:0.15"
2026-01-14T22:12:30.789258,position_size,XLF,20000.0,38.684906005859375,37.6058,,,0.5395532668764643,0.25,77,2978.737762451172,83.09116245117171,,"Kelly:0.2500, MaxPct:0.15"
2026-01-14T22:12:30.977940,portfolio_heat_check,,20000.0,,,,,,0.25,,,,0.004154558122558586,"Can open: True, Max heat: 0.35"
2026-01-14T22:12:30.978048,position_size,XLF,20000.0,38.82136535644531,37.7228,,,0.5493001001541599,0.25,77,2989.245132446289,84.5895324462891,,"Kelly:0.2500, MaxPct:0.15"
2026-01-14T22:12:31.167770,portfolio_heat_check,,20000.0,,,,,,0.25,,,,0.004154558122558586,"Can open: True, Max heat: 0.35"
2026-01-14T22:12:31.167885,position_size,XLF,20000.0,39.3574333190918,38.2352,,,0.561134965921631,0.25,76,2991.1649322509766,85.28973225097664,,"Kelly:0.2500, MaxPct:0.15"
2026-01-14T22:12:31.352611,portfolio_heat_check,,20000.0,,,,,,0.25,,,,0.004154558122558586,"Can open: True, Max heat: 0.35"
2026-01-14T22:12:31.352716,position_size,XLF,20000.0,39.83502197265625,38.6431,,,0.5959445220900267,0.25,75,2987.6266479492188,89.39414794921899,,"Kelly:0.2500, MaxPct:0.15"
2026-01-14T22:12:31.541024,portfolio_heat_check,,20000.0,,,,,,0.25,,,,0.004154558122558586,"Can open: True, Max heat: 0.35"
2026-01-14T22:12:31.541140,position_size,XLF,20000.0,40.088443756103516,38.9049,,,0.5917677858122369,0.25,74,2966.54483795166,87.58223795166032,,"Kelly:0.2500, MaxPct:0.15"
2026-01-14T22:12:31.726930,portfolio_heat_check,,20000.0,,,,,,0.25,,,,0.004154558122558586,"Can open: True, Max heat: 0.35"
2026-01-14T22:12:31.727042,position_size,XLF,20000.0,40.07868957519531,38.9926,,,0.5430339136601516,0.25,74,2965.823028564453,80.3706285644529,,"Kelly:0.2500, MaxPct:0.15"
2026-01-14T22:12:31.922968,portfolio_heat_check,,20000.0,,,,,,0.25,,,,0.004154558122558586,"Can open: True, Max heat: 0.35"
2026-01-14T22:12:31.923107,position_size,XLF,20000.0,39.84477615356445,38.7434,,,0.5506916405724215,0.25,75,2988.358211517334,82.6032115173339,,"Kelly:0.2500, MaxPct:0.15"
2026-01-14T22:12:32.190250,portfolio_heat_check,,20000.0,,,,,,0.25,,,,0.004154558122558586,"Can open: True, Max heat: 0.35"
2026-01-14T22:12:32.190364,position_size,XLF,20000.0,39.786293029785156,38.6752,,,0.5555650004228632,0.25,75,2983.9719772338867,83.33197723388696,,"Kelly:0.2500, MaxPct:0.15"
2026-01-14T22:12:33.318259,position_size,XLF,20000.0,40.02995681762695,39.104,,,0.4629709949679019,0.25,74,2962.2168045043945,68.52080450439459,,"Kelly:0.2500, MaxPct:0.15"
2026-01-14T22:12:33.506459,position_size,XLF,20000.0,40.16640853881836,39.2753,,,0.4455655132375931,0.25,74,2972.3142318725586,65.94203187255849,,"Kelly:0.2500, MaxPct:0.15"
2026-01-14T22:12:33.693244,position_size,XLF,20000.0,40.31261444091797,39.4507,,,0.4309456637900289,0.25,74,2983.1334686279297,63.78166862792986,,"Kelly:0.2500, MaxPct:0.15"
2026-01-14T22:12:33.880298,position_size,XLF,20000.0,40.61476135253906,39.7696,,,0.42259141680144807,0.25,73,2964.8775787353516,61.696778735351785,,"Kelly:0.2500, MaxPct:0.15"
2026-01-14T22:12:34.547483,position_size,XLF,20000.0,40.80970764160156,40.0411,,,0.3843017042605434,0.25,73,2979.108657836914,56.10835783691405,,"Kelly:0.2500, MaxPct:0.15"
2026-01-14T22:12:34.761756,position_size,XLF,20000.0,41.111846923828125,40.3641,,,0.3738580599308712,0.25,72,2960.052978515625,53.83777851562496,,"Kelly:0.2500, MaxPct:0.15"
2026-01-14T22:12:34.991588,position_size,XLF,20000.0,41.111846923828125,40.3794,,,0.36620010829269084,0.25,72,2960.052978515625,52.73617851562523,,"Kelly:0.2500, MaxPct:0.15"
2026-01-14T22:12:35.624266,position_size,XLF,20000.0,41.111846923828125,40.3975,,,0.3571496187358899,0.25,72,2960.052978515625,51.43297851562494,,"Kelly:0.2500, MaxPct:0.15"
2026-01-14T22:12:36.197861,position_size,XLF,20000.0,40.5562858581543,39.8559,,,0.350187641328015,0.25,73,2960.6088676452637,51.128167645263794,,"Kelly:0.2500, MaxPct:0.15"
2026-01-14T22:12:37.963118,position_size,XLF,20000.0,40.4295768737793,39.4855,,,0.4720221977635397,0.25,74,2991.788688659668,69.86168865966783,,"Kelly:0.2500, MaxPct:0.15"
2026-01-14T22:12:38.150848,position_size,XLF,20000.0,40.27362823486328,39.3574,,,0.458098136719237,0.25,74,2980.248489379883,67.80088937988293,,"Kelly:0.2500, MaxPct:0.15"
2026-01-14T22:12:38.342539,position_size,XLF,20000.0,39.815528869628906,38.8409,,,0.4873383218028202,0.25,75,2986.164665222168,73.09716522216814,,"Kelly:0.2500, MaxPct:0.15"
2026-01-14T22:12:39.823841,position_size,XLF,20000.0,40.697296142578125,39.7859,,,0.45571168481692786,0.25,73,2970.902618408203,66.53191840820327,,"Kelly:0.2500, MaxPct:0.15"
2026-01-14T22:12:40.011283,position_size,XLF,20000.0,40.39394760131836,39.485,,,0.4544515730349638,0.25,74,2989.1521224975586,67.26212249755864,,"Kelly:0.2500, MaxPct:0.15"
2026-01-14T22:12:40.199058,position_size,XLF,20000.0,40.1395263671875,39.2151,,,0.4622365818317183,0.25,74,2970.324951171875,68.40755117187503,,"Kelly:0.2500, MaxPct:0.15"
2026-01-14T22:12:40.415043,position_size,XLF,20000.0,40.090606689453125,39.1757,,,0.4574459171511275,0.25,74,2966.7048950195312,67.70309501953132,,"Kelly:0.2500, MaxPct:0.15"
2026-01-14T22:12:41.221673,position_size,XLF,20000.0,40.65815353393555,39.798,,,0.4300835498478648,0.25,73,2968.045207977295,62.79120797729479,,"Kelly:0.2500, MaxPct:0.15"
2026-01-14T22:12:41.416024,position_size,XLF,20000.0,40.64836883544922,39.7922,,,0.42808877295222203,0.25,73,2967.330924987793,62.50032498779289,,"Kelly:0.2500, MaxPct:0.15"
2026-01-14T22:12:41.601826,position_size,XLF,20000.0,40.54072570800781,39.669,,,0.43587627805286594,0.25,73,2959.4729766845703,63.63597668457054,,"Kelly:0.2500, MaxPct:0.15"
2026-01-14T22:12:41.814441,position_size,XLF,20000.0,40.85386276245117,39.9734,,,0.44021895108080755,0.25,73,2982.3319816589355,64.27378165893569,,"Kelly:0.2500, MaxPct:0.15"
2026-01-14T22:12:42.012415,position_size,XLF,20000.0,41.01042175292969,40.1242,,,0.4431110416854409,0.25,73,2993.760787963867,64.69418796386705,,"Kelly:0.2500, MaxPct:0.15"
2026-01-14T22:12:42.265917,position_size,XLF,20000.0,41.333343505859375,40.451,,,0.4411567444242778,0.25,72,2976.000732421875,63.52873242187496,,"Kelly:0.2500, MaxPct:0.15"
2026-01-14T22:12:42.478420,position_size,XLF,20000.0,41.470340728759766,40.5785,,,0.44593271549220354,0.25,72,2985.864532470703,64.21253247070325,,"Kelly:0.2500, MaxPct:0.15"
2026-01-14T22:12:42.670114,position_size,XLF,20000.0,42.077030181884766,41.1782,,,0.44942758594099785,0.25,71,2987.4691429138184,63.816942913818586,,"Kelly:0.2500, MaxPct:0.15"
2026-01-14T22:12:42.857019,position_size,XLF,20000.0,42.55651092529297,41.6702,,,0.4431367269733017,0.25,70,2978.955764770508,62.041764770507726,,"Kelly:0.2500, MaxPct:0.15"
2026-01-14T22:12:43.044636,position_size,XLF,20000.0,42.87942886352539,41.9596,,,0.4599117417917386,0.25,69,2958.680591583252,63.46819158325183,,"Kelly:0.2500, MaxPct:0.15"
2026-01-14T22:12:43.232563,position_size,XLF,20000.0,42.36081314086914,41.3543,,,0.5032470900302032,0.25,70,2965.25691986084,70.4559198608397,,"Kelly:0.2500, MaxPct:0.15"
2026-01-14T22:12:43.425983,position_size,XLF,20000.0,41.93024444580078,40.9056,,,0.5123335588806341,0.25,71,2977.0473556518555,72.74975565185548,,"Kelly:0.2500, MaxPct:0.15"
2026-01-14T22:12:43.612636,position_size,XLF,20000.0,42.165096282958984,41.1544,,,0.5053438580473636,0.25,71,2993.721836090088,71.75943609008772,,"Kelly:0.2500, MaxPct:0.15"
2026-01-14T22:12:45.962864,position_size,XLF,20000.0,40.65815353393555,39.1638,,,0.7471825872215574,0.25,73,2968.045207977295,109.08780797729477,,"Kelly:0.2500, MaxPct:0.15"
2026-01-14T22:12:46.151738,position_size,XLF,20000.0,41.31377410888672,39.797,,,0.7583658291872476,0.25,72,2974.5917358398438,109.20773583984396,,"Kelly:0.2500, MaxPct:0.15"
2026-01-14T22:12:46.373786,position_size,XLF,20000.0,41.48991012573242,39.9676,,,0.7611614028221402,0.25,72,2987.2735290527344,109.60632905273457,,"Kelly:0.2500, MaxPct:0.15"
2026-01-14T22:12:46.615683,position_size,XLF,20000.0,41.274627685546875,39.7285,,,0.7730435440254136,0.25,72,2971.773193359375,111.32119335937523,,"Kelly:0.2500, MaxPct:0.15"
2026-01-14T22:12:49.875150,position_size,XLF,20000.0,43.98517608642578,43.0668,,,0.45921245704738006,0.25,68,2990.991973876953,62.44957387695308,,"Kelly:0.2500, MaxPct:0.15"
2026-01-14T22:12:50.061641,position_size,XLF,20000.0,43.33934020996094,42.3328,,,0.5032470564730721,0.25,69,2990.4144744873047,69.45127448730477,,"Kelly:0.2500, MaxPct:0.15"
2026-01-14T22:12:50.247200,position_size,XLF,20000.0,43.98517608642578,42.8864,,,0.5493785347165664,0.25,68,2990.991973876953,74.716773876953,,"Kelly:0.2500, MaxPct:0.15"
2026-01-14T22:12:50.454460,position_size,XLF,20000.0,43.53504943847656,42.3049,,,0.6150801126191539,0.25,68,2960.3833618164062,83.65016181640601,,"Kelly:0.2500, MaxPct:0.15"
2026-01-14T22:12:50.644803,position_size,XLF,20000.0,43.32955551147461,42.0043,,,0.6626087242979928,0.25,69,2989.739330291748,91.442630291748,,"Kelly:0.2500, MaxPct:0.15"
2026-01-14T22:12:50.833311,position_size,XLF,20000.0,43.42741394042969,42.0686,,,0.6793834220215997,0.25,69,2996.4915618896484,93.75816188964819,,"Kelly:0.2500, MaxPct:0.15"
2026-01-14T22:12:51.779806,position_size,XLF,20000.0,44.709285736083984,43.3226,,,0.6933625253406872,0.25,67,2995.522144317627,92.90794431762686,,"Kelly:0.2500, MaxPct:0.15"
2026-01-14T22:12:52.003130,position_size,XLF,20000.0,44.679935455322266,43.3212,,,0.6793830634271382,0.25,67,2993.555675506592,91.03527550659197,,"Kelly:0.2500, MaxPct:0.15"
2026-01-14T22:12:54.187887,position_size,XLF,20000.0,44.28219223022461,43.2813,,,0.5004631555059394,0.25,67,2966.906879425049,67.05977942504872,,"Kelly:0.2500, MaxPct:0.15"
2026-01-14T22:12:54.375836,position_size,XLF,20000.0,44.53752899169922,43.5895,,,0.4739962655046647,0.25,67,2984.0144424438477,63.51794244384759,,"Kelly:0.2500, MaxPct:0.15"
2026-01-14T22:12:54.610975,position_size,XLF,20000.0,44.950008392333984,43.9877,,,0.4811383934781566,0.25,66,2966.700553894043,63.51235389404319,,"Kelly:0.2500, MaxPct:0.15"
2026-01-14T22:12:54.873154,position_size,XLF,20000.0,44.81251525878906,43.836,,,0.4882345599017291,0.25,66,2957.626007080078,64.45000708007822,,"Kelly:0.2500, MaxPct:0.15"
2026-01-14T22:12:55.858033,position_size,XLF,20000.0,46.757041931152344,45.6711,,,0.5429519117118267,0.25,64,2992.45068359375,69.50028359374983,,"Kelly:0.2500, MaxPct:0.15"
2026-01-14T22:12:56.770234,position_size,XLF,20000.0,46.3052864074707,45.3148,,,0.4952512095459828,0.25,64,2963.538330078125,63.391130078125116,,"Kelly:0.2500, MaxPct:0.15"
2026-01-14T22:12:56.959905,position_size,XLF,20000.0,45.79459762573242,44.7985,,,0.49805747590122607,0.25,65,2976.6488456726074,64.74634567260762,,"Kelly:0.2500, MaxPct:0.15"
2026-01-14T22:12:58.074078,position_size,XLF,20000.0,45.804420471191406,44.8055,,,0.4994602448349689,0.25,65,2977.2873306274414,64.92983062744128,,"Kelly:0.2500, MaxPct:0.15"
2026-01-14T22:12:58.262492,position_size,XLF,20000.0,45.45086669921875,44.4548,,,0.49805724997865497,0.25,66,2999.7572021484375,65.74040214843758,,"Kelly:0.2500, MaxPct:0.15"
2026-01-14T22:12:58.451523,position_size,XLF,20000.0,45.8731689453125,44.8925,,,0.4903412252836823,0.25,65,2981.7559814453125,63.74348144531261,,"Kelly:0.2500, MaxPct:0.15"
2026-01-14T22:12:58.825382,position_size,XLF,20000.0,47.876617431640625,46.4386,,,0.7190267818309489,0.25,62,2968.3502807617188,89.15708076171869,,"Kelly:0.2500, MaxPct:0.15"
2026-01-14T22:12:59.740234,position_size,XLF,20000.0,48.75067138671875,47.2958,,,0.7274451950179284,0.25,61,2973.7909545898438,88.74715458984376,,"Kelly:0.2500, MaxPct:0.15"
2026-01-14T22:12:59.929058,position_size,XLF,20000.0,48.976558685302734,47.5203,,,0.7281465718049317,0.25,61,2987.570079803467,88.83177980346687,,"Kelly:0.2500, MaxPct:0.15"
2026-01-14T22:13:00.114867,position_size,XLF,20000.0,49.123870849609375,47.6606,,,0.7316538928660111,0.25,61,2996.556121826172,89.25952182617173,,"Kelly:0.2500, MaxPct:0.15"
2026-01-14T22:13:00.334314,position_size,XLF,20000.0,48.799774169921875,47.321,,,0.7393708116251675,0.25,61,2976.7862243652344,90.2052243652345,,"Kelly:0.2500, MaxPct:0.15"
2026-01-14T22:13:00.538602,position_size,XLF,20000.0,48.6524658203125,47.1948,,,0.7288482543097656,0.25,61,2967.8004150390625,88.91761503906245,,"Kelly:0.2500, MaxPct:0.15"
2026-01-14T22:13:00.733361,position_size,XLF,20000.0,49.27117919921875,47.7602,,,0.7555051120127649,0.25,60,2956.270751953125,90.65875195312515,,"Kelly:0.2500, MaxPct:0.15"
2026-01-14T22:13:00.921614,position_size,XLF,20000.0,49.821144104003906,48.3059,,,0.7576092262629582,0.25,60,2989.2686462402344,90.9146462402343,,"Kelly:0.2500, MaxPct:0.15"
2026-01-14T22:13:01.109228,position_size,XLF,20000.0,50.14523696899414,48.9064,,,0.6194160793033637,0.25,59,2958.5689811706543,73.09138117065442,,"Kelly:0.2500, MaxPct:0.15"
2026-01-14T22:13:03.087521,position_size,XLF,20000.0,48.809600830078125,47.7055,,,0.5520730752214347,0.25,61,2977.3856506347656,67.35015063476558,,"Kelly:0.2500, MaxPct:0.15"
2026-01-14T22:13:03.292908,position_size,XLF,20000.0,48.907806396484375,47.8598,,,0.5240132098917475,0.25,61,2983.376190185547,63.92839018554688,,"Kelly:0.2500, MaxPct:0.15"
2026-01-14T22:13:03.507902,position_size,XLF,20000.0,48.691749572753906,47.6928,,,0.4994609341386556,0.25,61,2970.1967239379883,60.935923937988385,,"Kelly:0.2500, MaxPct:0.15"
2026-01-14T22:13:03.699954,position_size,XLF,20000.0,48.6524658203125,47.7111,,,0.4706996731036551,0.25,61,2967.8004150390625,57.42331503906239,,"Kelly:0.2500, MaxPct:0.15"
2026-01-14T22:13:03.887705,position_size,XLF,20000.0,48.56407928466797,47.6395,,,0.46228188031893225,0.25,61,2962.408836364746,56.399336364746205,,"Kelly:0.2500, MaxPct:0.15"
2026-01-14T22:13:04.080613,position_size,XLF,20000.0,48.2203483581543,47.3,,,0.4601775344131665,0.25,62,2989.6615982055664,57.06159820556658,,"Kelly:0.2500, MaxPct:0.15"
2026-01-14T22:13:04.268034,position_size,XLF,20000.0,46.77668762207031,45.6739,,,0.5513710473042599,0.25,64,2993.7080078125,70.57840781249979,,"Kelly:0.2500, MaxPct:0.15"
2026-01-14T22:13:04.456101,portfolio_heat_check,,20000.0,,,,,,0.25,,,,0.0035289203906249894,"Can open: True, Max heat: 0.35"
2026-01-14T22:13:04.456221,position_size,XLF,20000.0,46.943634033203125,45.7595,,,0.5920568211506685,0.25,63,2957.448944091797,74.6004440917967,,"Kelly:0.2500, MaxPct:0.15"
2026-01-14T22:13:04.635465,portfolio_heat_check,,20000.0,,,,,,0.25,,,,0.0035289203906249894,"Can open: True, Max heat: 0.35"
2026-01-14T22:13:04.635565,position_size,XLF,20000.0,47.64091873168945,46.3867,,,0.6271312696132837,0.25,62,2953.736961364746,77.76156136474624,,"Kelly:0.2500, MaxPct:0.15"
2026-01-14T22:13:04.863200,portfolio_heat_check,,20000.0,,,,,,0.25,,,,0.0035289203906249894,"Can open: True, Max heat: 0.35"
2026-01-14T22:13:04.863356,position_size,XLF,20000.0,47.75532531738281,46.5147,,,0.620292358812368,0.25,62,2960.8301696777344,76.91876967773452,,"Kelly:0.2500, MaxPct:0.15"
2026-01-14T22:13:05.182666,portfolio_heat_check,,20000.0,,,,,,0.25,,,,0.0035289203906249894,"Can open: True, Max heat: 0.35"
2026-01-14T22:13:05.182777,position_size,XLF,20000.0,48.317501068115234,47.0485,,,0.6344980692838676,0.25,62,2995.6850662231445,78.67806622314471,,"Kelly:0.2500, MaxPct:0.15"
2026-01-14T22:13:06.475256,position_size,XLF,20000.0,47.77505111694336,46.3294,,,0.7228019223418326,0.25,62,2962.0531692504883,89.6303692504883,,"Kelly:0.2500, MaxPct:0.15"
2026-01-14T22:13:06.658251,position_size,XLF,20000.0,47.66656494140625,46.1939,,,0.7363216436328968,0.25,62,2955.3270263671875,91.30522636718754,,"Kelly:0.2500, MaxPct:0.15"
2026-01-14T22:13:06.852965,position_size,XLF,20000.0,47.824371337890625,46.3318,,,0.7462860452278451,0.25,62,2965.1110229492188,92.53942294921868,,"Kelly:0.2500, MaxPct:0.15"
2026-01-14T22:13:07.043824,position_size,XLF,20000.0,46.67042541503906,45.2514,,,0.7095088741000198,0.25,64,2986.9072265625,90.81762656250021,,"Kelly:0.2500, MaxPct:0.15"
2026-01-14T22:13:07.234747,portfolio_heat_check,,20000.0,,,,,,0.25,,,,0.004540881328125011,"Can open: True, Max heat: 0.35"
2026-01-14T22:13:07.234916,position_size,XLF,20000.0,47.00575256347656,45.6004,,,0.7026855530182894,0.25,63,2961.3624114990234,88.53721149902341,,"Kelly:0.2500, MaxPct:0.15"
2026-01-14T22:13:07.456828,portfolio_heat_check,,20000.0,,,,,,0.25,,,,0.004540881328125011,"Can open: True, Max heat: 0.35"
2026-01-14T22:13:07.456995,position_size,XLF,20000.0,47.5876579284668,46.2745,,,0.6565760700024512,0.25,63,2998.022449493408,82.728949493408,,"Kelly:0.2500, MaxPct:0.15"
2026-01-14T22:13:12.055167,position_size,XLF,20000.0,51.47357177734375,50.3873,,,0.5431548452967476,0.25,58,2985.4671630859375,63.00376308593731,,"Kelly:0.2500, MaxPct:0.15"
2026-01-14T22:13:12.247375,position_size,XLF,20000.0,50.68455123901367,49.5222,,,0.5811968110411426,0.25,59,2990.3885231018066,68.57872310180676,,"Kelly:0.2500, MaxPct:0.15"
2026-01-14T22:13:12.613228,position_size,XLF,20000.0,50.27031707763672,49.1093,,,0.5804917189774648,0.25,59,2965.9487075805664,68.50000758056655,,"Kelly:0.2500, MaxPct:0.15"
2026-01-14T22:13:12.801850,position_size,XLF,20000.0,50.26045608520508,48.9994,,,0.6305097686457886,0.25,59,2965.3669090270996,74.40230902709953,,"Kelly:0.2500, MaxPct:0.15"
2026-01-14T22:13:13.085765,position_size,XLF,20000.0,50.15196990966797,48.8994,,,0.6262832321975397,0.25,59,2958.96622467041,73.90162467041016,,"Kelly:0.2500, MaxPct:0.15"
2026-01-14T22:13:14.226825,position_size,XLF,20000.0,48.7021484375,46.8761,,,0.9130058572017725,0.25,61,2970.8310546875,111.38895468749993,,"Kelly:0.2500, MaxPct:0.15"
2026-01-14T22:13:14.459393,position_size,XLF,20000.0,48.44572067260742,46.5079,,,0.9735908545263469,0.25,61,2955.1889610290527,118.20706102905277,,"Kelly:0.2500, MaxPct:0.15"
2026-01-14T22:13:14.678910,position_size,XLF,20000.0,47.360816955566406,45.4664,,,1.0588333062467779,0.25,63,2983.7314682006836,119.34826820068358,,"Kelly:0.2500, MaxPct:0.15"
2026-01-14T22:13:15.542268,position_size,XLF,20000.0,47.85395431518555,45.9398,,,1.1060340631636296,0.25,62,2966.945167541504,118.67756754150402,,"Kelly:0.2500, MaxPct:0.15"
2026-01-14T22:13:15.748334,position_size,XLF,20000.0,48.4161262512207,46.4795,,,1.0996939952587934,0.25,61,2953.383701324463,118.1342013244628,,"Kelly:0.2500, MaxPct:0.15"
2026-01-14T22:13:16.947378,position_size,XLF,20000.0,49.918392181396484,48.1327,,,0.892870229003522,0.25,60,2995.103530883789,107.14153088378907,,"Kelly:0.2500, MaxPct:0.15"
2026-01-14T22:13:17.134270,position_size,XLF,20000.0,49.76991271972656,48.0021,,,0.8839223763409707,0.25,60,2986.1947631835938,106.06876318359383,,"Kelly:0.2500, MaxPct:0.15"
2026-01-14T22:13:17.326271,position_size,XLF,20000.0,49.670928955078125,48.0338,,,0.8185741682313952,0.25,60,2980.2557373046875,98.22773730468754,,"Kelly:0.2500, MaxPct:0.15"
2026-01-14T22:13:17.515776,position_size,XLF,20000.0,48.71076583862305,47.0546,,,0.8280597470964963,0.25,61,2971.356716156006,101.02611615600583,,"Kelly:0.2500, MaxPct:0.15"
2026-01-14T22:13:17.706078,position_size,XLF,20000.0,49.304683685302734,47.552,,,0.876342884237195,0.25,60,2958.281021118164,105.16102111816409,,"Kelly:0.2500, MaxPct:0.15"
2026-01-14T22:13:17.903841,position_size,XLF,20000.0,49.24529266357422,47.5204,,,0.8624505236024577,0.25,60,2954.717559814453,103.493559814453,,"Kelly:0.2500, MaxPct:0.15"
2026-01-14T22:13:18.163963,position_size,XLF,20000.0,49.65113067626953,47.9172,,,0.866948368013296,0.25,60,2979.067840576172,104.03584057617181,,"Kelly:0.2500, MaxPct:0.15"
2026-01-14T22:13:18.361533,position_size,XLF,20000.0,47.2061882019043,45.3179,,,0.9789114208637609,0.25,63,2973.9898567199707,118.96215671997061,,"Kelly:0.2500, MaxPct:0.15"
2026-01-14T22:13:18.553546,position_size,XLF,20000.0,43.75159454345703,42.0015,,,1.1622929066431926,0.25,68,2975.108428955078,119.00642895507812,,"Kelly:0.2500, MaxPct:0.15"
2026-01-14T22:13:18.740871,position_size,XLF,20000.0,43.6427116394043,41.897,,,1.3745173051181254,0.25,68,2967.704391479492,118.70839147949229,,"Kelly:0.2500, MaxPct:0.15"
2026-01-14T22:13:18.970778,position_size,XLF,20000.0,43.47443389892578,41.7355,,,1.5168802994712816,0.25,69,2999.735939025879,119.98643902587878,,"Kelly:0.2500, MaxPct:0.15"
2026-01-14T22:13:19.157923,position_size,XLF,20000.0,46.7508544921875,44.8808,,,1.782926628182141,0.25,64,2992.0546875,119.68348749999996,,"Kelly:0.2500, MaxPct:0.15"
2026-01-14T22:13:19.344556,position_size,XLF,20000.0,45.44424819946289,43.6265,,,1.9033496944577968,0.25,66,2999.320381164551,119.97138116455078,,"Kelly:0.2500, MaxPct:0.15"
2026-01-14T22:13:22.520935,position_size,XLF,20000.0,48.66127395629883,46.7148,,,1.0103587870181694,0.25,61,2968.3377113342285,118.73491133422871,,"Kelly:0.2500, MaxPct:0.15"
2026-01-14T22:13:22.701453,position_size,XLF,20000.0,48.94833755493164,47.0125,,,0.9679368707874231,0.25,61,2985.84859085083,118.0860908508299,,"Kelly:0.2500, MaxPct:0.15"
2026-01-14T22:13:22.889343,position_size,XLF,20000.0,49.35417175292969,47.4126,,,0.9707642564970494,0.25,60,2961.2503051757812,116.49430517578139,,"Kelly:0.2500, MaxPct:0.15"
2026-01-14T22:13:23.100828,position_size,XLF,20000.0,49.35417175292969,47.6446,,,0.8548099168599472,0.25,60,2961.2503051757812,102.57430517578143,,"Kelly:0.2500, MaxPct:0.15"
2026-01-14T22:13:23.346563,position_size,XLF,20000.0,50.35392379760742,48.6641,,,0.8449113374635188,0.25,59,2970.881504058838,99.69960405883802,,"Kelly:0.2500, MaxPct:0.15"
2026-01-14T22:13:23.566251,position_size,XLF,20000.0,50.561798095703125,48.9738,,,0.7940048207567385,0.25,59,2983.1460876464844,93.69188764648455,,"Kelly:0.2500, MaxPct:0.15"
2026-01-14T22:13:25.511791,position_size,XLF,20000.0,50.07676696777344,48.8055,,,0.6356281756422381,0.25,59,2954.529251098633,75.00475109863268,,"Kelly:0.2500, MaxPct:0.15"
2026-01-14T22:13:26.350806,position_size,XLF,20000.0,50.561798095703125,49.3231,,,0.6193661672877536,0.25,59,2983.1460876464844,73.08318764648457,,"Kelly:0.2500, MaxPct:0.15"
2026-01-14T22:13:26.539031,position_size,XLF,20000.0,50.27473831176758,49.0289,,,0.6229015777753715,0.25,59,2966.209560394287,73.5044603942871,,"Kelly:0.2500, MaxPct:0.15"
2026-01-14T22:13:28.672452,position_size,XLF,20000.0,49.84910202026367,48.6443,,,0.6023987468373504,0.25,60,2990.9461212158203,72.28812121582024,,"Kelly:0.2500, MaxPct:0.15"
2026-01-14T22:13:28.860378,position_size,XLF,20000.0,50.47683334350586,49.2305,,,0.6231452631810522,0.25,59,2978.1331672668457,73.53366726684575,,"Kelly:0.2500, MaxPct:0.15"
2026-01-14T22:13:29.049092,position_size,XLF,20000.0,51.23170471191406,49.9524,,,0.6396374180955071,0.25,58,2971.4388732910156,74.19967329101578,,"Kelly:0.2500, MaxPct:0.15"
2026-01-14T22:13:29.237405,position_size,XLF,20000.0,51.06285095214844,49.8018,,,0.6305185257256021,0.25,58,2961.6453552246094,73.14095522460937,,"Kelly:0.2500, MaxPct:0.15"
2026-01-14T22:13:32.365551,position_size,XLF,20000.0,52.18522262573242,51.06,,,0.5626033819801286,0.25,57,2974.557689666748,64.13768966674792,,"Kelly:0.2500, MaxPct:0.15"
2026-01-14T22:13:33.130931,position_size,XLF,20000.0,52.711639404296875,51.5907,,,0.5604749083543241,0.25,56,2951.851806640625,62.7726066406251,,"Kelly:0.2500, MaxPct:0.15"
2026-01-14T22:13:33.353665,position_size,XLF,20000.0,53.07914352416992,52.0164,,,0.5313866970151783,0.25,56,2972.4320373535156,59.513637353515776,,"Kelly:0.2500, MaxPct:0.15"
2026-01-14T22:13:33.596270,position_size,XLF,20000.0,52.711639404296875,51.6404,,,0.5356438276722422,0.25,56,2951.851806640625,59.98940664062502,,"Kelly:0.2500, MaxPct:0.15"
2026-01-14T22:13:33.782136,position_size,XLF,20000.0,52.44346237182617,51.3353,,,0.5540897319841486,0.25,57,2989.277355194092,63.16525519409199,,"Kelly:0.2500, MaxPct:0.15"
2026-01-14T22:13:33.975602,position_size,XLF,20000.0,52.344139099121094,51.2629,,,0.5406098829798351,0.25,57,2983.6159286499023,61.630628649902235,,"Kelly:0.2500, MaxPct:0.15"
2026-01-14T22:13:34.169651,position_size,XLF,20000.0,52.01636505126953,50.8798,,,0.5682791444463332,0.25,57,2964.9328079223633,64.78420792236311,,"Kelly:0.2500, MaxPct:0.15"
2026-01-14T22:13:34.355599,position_size,XLF,20000.0,51.052921295166016,49.8227,,,0.6151036341905437,0.25,58,2961.069435119629,71.35283511962905,,"Kelly:0.2500, MaxPct:0.15"
2026-01-14T22:13:34.544106,position_size,XLF,20000.0,51.55947494506836,50.3704,,,0.5945290957618704,0.25,58,2990.449546813965,68.96634681396505,,"Kelly:0.2500, MaxPct:0.15"
2026-01-14T22:13:34.730749,position_size,XLF,20000.0,51.350894927978516,50.1618,,,0.594529096765238,0.25,58,2978.351905822754,68.96750582275394,,"Kelly:0.2500, MaxPct:0.15"
2026-01-14T22:13:34.919131,position_size,XLF,20000.0,51.599205017089844,50.4697,,,0.5647318024817949,0.25,58,2992.753890991211,65.51129099121076,,"Kelly:0.2500, MaxPct:0.15"
2026-01-14T22:13:37.589884,position_size,XLF,20000.0,52.90035629272461,51.7979,,,0.5512520383644944,0.25,56,2962.419952392578,61.73755239257821,,"Kelly:0.2500, MaxPct:0.15"
2026-01-14T22:13:37.777012,position_size,XLF,20000.0,53.307586669921875,52.1739,,,0.5668602978833951,0.25,56,2985.224853515625,63.48645351562482,,"Kelly:0.2500, MaxPct:0.15"
2026-01-14T22:13:38.963134,position_size,XLF,20000.0,53.6949577331543,52.6648,,,0.5150699632791564,0.25,55,2953.2226753234863,56.65867532348635,,"Kelly:0.2500, MaxPct:0.15"
2026-01-14T22:13:39.146906,position_size,XLF,20000.0,52.711639404296875,51.5907,,,0.5604755147776882,0.25,56,2951.851806640625,62.7726066406251,,"Kelly:0.2500, MaxPct:0.15"
2026-01-14T22:13:39.336776,position_size,XLF,20000.0,52.751373291015625,51.6219,,,0.5647321175043553,0.25,56,2954.076904296875,63.25050429687519,,"Kelly:0.2500, MaxPct:0.15"
2026-01-14T22:13:39.527532,position_size,XLF,20000.0,52.979820251464844,51.8206,,,0.5796310372179916,0.25,56,2966.8699340820312,64.91633408203131,,"Kelly:0.2500, MaxPct:0.15"
2026-01-14T22:13:39.747804,position_size,XLF,20000.0,52.80103302001953,51.656,,,0.5725365430848234,0.25,56,2956.8578491210938,64.12184912109382,,"Kelly:0.2500, MaxPct:0.15"
2026-01-14T22:13:39.934948,position_size,XLF,20000.0,53.665157318115234,52.4903,,,0.5874351893897268,0.25,55,2951.583652496338,64.61715249633801,,"Kelly:0.2500, MaxPct:0.15"
2026-01-14T22:13:44.133537,position_size,XLF,20000.0,52.476593017578125,51.1897,,,0.6434655838016968,0.25,57,2991.165802001953,73.35290200195301,,"Kelly:0.2500, MaxPct:0.15"
2026-01-14T22:13:44.358287,position_size,XLF,20000.0,53.05457305908203,51.6338,,,0.7103747645374477,0.25,56,2971.0560913085938,79.5632913085937,,"Kelly:0.2500, MaxPct:0.15"
2026-01-14T22:13:44.545018,position_size,XLF,20000.0,53.05457305908203,51.5968,,,0.7288816424973409,0.25,56,2971.0560913085938,81.63529130859365,,"Kelly:0.2500, MaxPct:0.15"
2026-01-14T22:13:45.092996,position_size,XLF,20000.0,52.60614013671875,50.9704,,,0.8178563746977565,0.25,57,2998.5499877929688,93.23718779296887,,"Kelly:0.2500, MaxPct:0.15"
2026-01-14T22:13:45.285329,position_size,XLF,20000.0,52.546348571777344,50.8992,,,0.8235508895380674,0.25,57,2995.1418685913086,93.88746859130856,,"Kelly:0.2500, MaxPct:0.15"
2026-01-14T22:13:45.488261,position_size,XLF,20000.0,52.24739456176758,50.5647,,,0.8413458886694427,0.25,57,2978.101490020752,95.91359002075184,,"Kelly:0.2500, MaxPct:0.15"
2026-01-14T22:13:47.521025,position_size,XLF,20000.0,52.41679763793945,51.1398,,,0.6384830590601069,0.25,57,2987.757465362549,72.78886536254876,,"Kelly:0.2500, MaxPct:0.15"
2026-01-14T22:13:47.726660,position_size,XLF,20000.0,52.22746276855469,50.9804,,,0.6235353838698501,0.25,57,2976.965377807617,71.08257780761701,,"Kelly:0.2500, MaxPct:0.15"
2026-01-14T22:13:47.946697,position_size,XLF,20000.0,52.59617233276367,51.3349,,,0.6306532542647025,0.25,57,2997.9818229675293,71.89252296752943,,"Kelly:0.2500, MaxPct:0.15"
2026-01-14T22:13:48.136675,position_size,XLF,20000.0,52.78551483154297,51.5199,,,0.6327885615748693,0.25,56,2955.9888305664062,70.87443056640626,,"Kelly:0.2500, MaxPct:0.15"
2026-01-14T22:13:48.324455,position_size,XLF,20000.0,53.02467346191406,51.7933,,,0.6157052889178419,0.25,56,2969.3817138671875,68.95691386718738,,"Kelly:0.2500, MaxPct:0.15"
2026-01-14T22:13:48.518203,position_size,XLF,20000.0,53.483070373535156,52.2488,,,0.6171287998185362,0.25,56,2995.0519409179688,69.1191409179686,,"Kelly:0.2500, MaxPct:0.15"
2026-01-14T22:13:48.779848,position_size,XLF,20000.0,52.795475006103516,51.5157,,,0.6399063467123943,0.25,56,2956.546600341797,71.66740034179674,,"Kelly:0.2500, MaxPct:0.15"
2026-01-14T22:13:49.199634,position_size,XLF,20000.0,51.27080535888672,49.87,,,0.70040911081109,0.25,58,2973.7067108154297,81.24671081542984,,"Kelly:0.2500, MaxPct:0.15"
2026-01-14T22:13:53.727027,position_size,XLF,20000.0,55.31999969482422,54.0639,,,0.6280735992620288,0.25,54,2987.279983520508,67.82938352050799,,"Kelly:0.2500, MaxPct:0.15"
2026-01-14T22:13:54.008331,position_size,XLF,20000.0,55.43000030517578,54.2406,,,0.5946814748324835,0.25,54,2993.220016479492,64.22761647949216,,"Kelly:0.2500, MaxPct:0.15"
2026-01-14T22:13:54.198061,position_size,XLF,20000.0,55.72999954223633,54.5347,,,0.5976481436947506,0.25,53,2953.6899757385254,63.350875738525346,,"Kelly:0.2500, MaxPct:0.15"
2026-01-14T22:13:54.387573,position_size,XLF,20000.0,55.619998931884766,54.4416,,,0.5891962050525587,0.25,53,2947.8599433898926,62.45514338989252,,"Kelly:0.2500, MaxPct:0.15"
2026-01-14T22:13:54.582886,position_size,XLF,20000.0,55.31999969482422,54.1428,,,0.5885890132563064,0.25,54,2987.279983520508,63.56878352050775,,"Kelly:0.2500, MaxPct:0.15"
2026-01-14T22:13:54.770561,position_size,XLF,20000.0,55.18000030517578,54.0653,,,0.5573346823326654,0.25,54,2979.720016479492,60.193816479492156,,"Kelly:0.2500, MaxPct:0.15"
