Date,equal_weight,regime_adaptive,enhanced,spy
2021-11-11,1.0143518408631318,1.0100462886041923,1.0105224790803826,1.0003233937418319
2021-11-12,1.0198319541880594,1.013866085179101,1.0148252776946085,1.007872692781881
2021-11-15,1.0198438582563578,1.0138743692809589,1.0153168197660765,1.0082178043932248
2021-11-16,1.010552354700477,1.0074083871977333,1.009325122657199,1.0122081661284337
2021-11-17,1.002449479585428,1.0017540210292284,1.0041406292764292,1.0097492982718932
2021-11-18,0.9976426230877454,0.9983915558415177,1.0012483154571628,1.013178906012952
2021-11-19,0.9909322599990209,0.9916761552668333,0.9949904846028733,1.0113669653048307
2021-11-22,0.9788222077795102,0.9795570120015441,0.9833046423493522,1.0085197595950561
2021-11-23,0.9781385939721047,0.9788728850035837,0.9830861382954774,1.0098571194632964
2021-11-24,0.9874205550800514,0.9881618141024043,0.9928831849512694,1.0125532777397772
2021-11-26,0.9632225905950684,0.9760537491243931,0.9811900699678052,0.9899700454015203
2021-11-29,0.9768977798000542,0.9829824278243319,0.9886224430559895,1.0021136864128188
2021-11-30,0.9586431710946781,0.9737982736808624,0.9798563659853934,0.9826150200366549
2021-12-01,0.9306617578486586,0.9595863892510126,0.9660226663311938,0.9717008478698156
2021-12-02,0.9366331203275282,0.962664864385337,0.9695818006541624,0.9865835940699741
2021-12-03,0.9065341152223302,0.9471970926191642,0.9544645955269149,0.9779990998606494
2021-12-06,0.9127220500054508,0.950429841247963,0.9581766548244758,0.9895819868777979
2021-12-07,0.9424954246322994,0.9659315505141316,0.9742609908360087,1.0100512534737245
2021-12-08,0.9493462729526676,0.9729527522807206,0.9818066717756687,1.0127258335454492
2021-12-09,0.9248186140422349,0.9603839699913641,0.9695910399152452,1.0058883359328437
2021-12-10,0.9256100979858813,0.9612058916962714,0.9708825512902634,1.0153573270400396
2021-12-13,0.9039394634289455,0.9499538852314277,0.9599795935609129,1.0063628469403467
2021-12-14,0.9025541898544461,0.9492259902409754,0.9597011495869588,0.9994391063410942
2021-12-15,0.9204910079910292,0.9680903356164218,0.9792306725148792,1.015055441670586
2021-12-16,0.8955484798531037,0.9418580093616913,0.9531627770736377,1.00610397831565
2021-12-17,0.89389597949338,0.940989033122943,0.9527372578763811,0.9953960211606071
2021-12-20,0.8776341251295974,0.9238704567274719,0.935858640887458,0.9848118069791176
2021-12-21,0.9025204616807221,0.9500678782467936,0.9628416482860862,1.0023011165149731
2021-12-22,0.9096937155868261,0.9576190401406817,0.970952832428378,1.0123226912281102
2021-12-23,0.9218000159440946,0.9703631357952324,0.9843367340951614,1.0186214320455889
2021-12-27,0.9349005265538013,0.9841538196050326,0.9987947407761999,1.0330371393026743
2021-12-28,0.92153825944839,0.9700875892020525,0.9849948683977039,1.0321930055192015
2021-12-29,0.9141395229506856,0.9622990656344087,0.9775557042197532,1.0335133262872458
2021-12-30,0.9231904298861234,0.971826800808797,0.9876999982813129,1.0306562043798164
2021-12-31,0.9149150946516398,0.9631154967200614,0.9793167426550634,1.02805871925324
2022-01-03,0.9407555832531173,0.9903173378093453,1.00744250642963,1.0340113009737073
2022-01-04,0.9335802258600582,0.9827639616106595,1.0002382471909848,1.0336647228824287
2022-01-05,0.9000956303878009,0.9651396306813438,0.9827768462722237,1.013816266125605
2022-01-06,0.8997328033098236,0.964750584473121,0.9828486795056285,1.0128638921564617
2022-01-07,0.8950091433973896,0.9596855766790195,0.9781566786322144,1.0088594941133044
2022-01-10,0.8937582392726322,0.9583442779278347,0.9772553527515092,1.0076040476242842
2022-01-11,0.9135052157352824,0.9795182387013407,0.999312500469203,1.0167816980510822
2022-01-12,0.9153924345359087,0.9815418344113505,1.0018528524215433,1.0195305797728413
2022-01-13,0.888904777061596,0.9673409611433857,0.987835193662995,1.0054827494822793
2022-01-14,0.8976089905502824,0.9720770940000325,0.9931420646609201,1.0058941320202044
2022-01-18,0.8685352101735421,0.9563341835358165,0.9775309291473835,0.9880801717597157
2022-01-19,0.8643512619155233,0.9540307347553755,0.9756419163105882,0.9778203289733479
2022-01-20,0.8612089024567452,0.9522965396223229,0.9743330287103924,0.9669977768862502
2022-01-21,0.8125389580504775,0.9361512514665165,0.9582781008097802,0.9480149622852777
2022-01-24,0.8088719746092911,0.9340388289767628,0.9565720720560287,0.9520408687008131
2022-01-25,0.799403393253421,0.9307586970451379,0.9536683190101236,0.9404175487368885
2022-01-26,0.7954912858978604,0.9293922175021341,0.952722332817198,0.9380581221864089
2022-01-27,0.7746351788252688,0.9220822052074877,0.9456824978692164,0.9334262103958754
2022-01-28,0.7941801341189867,0.9337148136730906,0.9580631628838304,0.9566080458770779
2022-01-31,0.8381469795679297,0.9595606470945565,0.9850391950037399,0.9738375789673247
2022-02-01,0.8610977439262674,0.9726983489749319,0.9989947994476682,0.9804178839323021
2022-02-02,0.8451378105473474,0.963684156941028,0.9902126247059932,0.9899415537913558
2022-02-03,0.8105127468973807,0.9439432195127658,0.970399785085072,0.966673056329239
2022-02-04,0.8339049533934327,0.9575647910401205,0.9848652331867911,0.9712185854683699
2022-02-07,0.8293340209601533,0.9549404128405904,0.9826350166693094,0.9681017569477095
2022-02-08,0.8338641404729665,0.95754852615106,0.98578669033983,0.9760671172949998
2022-02-09,0.8560920555997592,0.9830734364284089,1.0125337540048984,0.9903529363292809
2022-02-10,0.8386718826453218,0.9630693852548485,0.9924123890484345,0.9725605542735485
2022-02-11,0.8214122362414936,0.9531595281368173,0.9826731736145686,0.9533828375059915
2022-02-14,0.8190009231971918,0.9517604949217695,0.9816987603212066,0.9502660089853311
2022-02-15,0.8440512045888822,0.9808714123090316,1.01219285676071,0.9655907941372915
2022-02-16,0.8416979803181845,0.9781367317572713,1.0098528482672888,0.966673056329239
2022-02-17,0.8042208817571072,0.9563606745731851,0.9878515840034183,0.946023552366077
2022-02-18,0.7887732701668868,0.9508496929848845,0.9826295431067065,0.9398981355104266
2022-02-22,0.7669307672067271,0.9429504887321992,0.9749342458964213,0.9298112675239978
2022-02-23,0.7487464582831407,0.9362431415817368,0.9684636479244311,0.9133176978639314
2022-02-24,0.7739606312511866,0.9457015889309709,0.9787087778602117,0.9270623858022387
2022-02-25,0.7851998573385661,0.9525681875278573,0.9862810885462185,0.9475169875988161
2022-02-28,0.8007295366771524,0.9619881322477831,0.9965040777316816,0.9450928962664458
2022-03-01,0.792738506084772,0.959108029950246,0.9939951636799632,0.9306989068788722
2022-03-02,0.8027411799037728,0.9627386009546085,0.9982311261418269,0.9478201299510709
2022-03-03,0.7829695181532602,0.9508823872404212,0.9864131668968099,0.9431014165148676
2022-03-04,0.7722422201702891,0.9443684690876776,0.9801255694916263,0.9354390588550763
2022-03-07,0.7546659716803465,0.9379203154727049,0.9738999926406318,0.9078630209975477
2022-03-08,0.760362434539526,0.9400442332492269,0.9765691481907957,0.9009801323393385
2022-03-09,0.7838730111918494,0.9487641466741049,0.9860929021067688,0.9251359898268184
2022-03-10,0.7767885757301708,0.9444768078644376,0.9821064476718685,0.9209584074865887
2022-03-11,0.7492321054537708,0.9277242139825045,0.9651540703206938,0.9092484255417501
2022-03-14,0.7288872922825804,0.9151284004352245,0.9525096646792479,0.9026033161301263
2022-03-15,0.7469338836401616,0.9264572769688333,0.9647548804221231,0.9224519823840837
2022-03-16,0.7816302989764478,0.9479750760519186,0.9876215826930571,0.9429065841806612
2022-03-17,0.7983347673051053,0.9581048136369397,0.9986452652861276,0.9547034376035476
2022-03-18,0.8198145821705615,0.9838833652689754,1.0259901345145477,0.9651598585335682
2022-03-21,0.816417341246609,0.9798062374579061,1.0222270866139265,0.9648775960622912
2022-03-22,0.8352255647690965,1.0023785344827303,1.0462634292231918,0.9761680250809961
2022-03-23,0.8236917640772209,0.9885364842364183,1.032313584168149,0.9635966607553551
2022-03-24,0.8413107978213613,1.009681599961337,1.054886684143439,0.9781222143428014
2022-03-25,0.8370182784731199,1.0060754956890106,1.0516214557217303,0.9828990981497553
2022-03-28,0.8505363105556862,1.0174493364098032,1.064010972760956,0.9898904364907685
2022-03-29,0.8811961111447986,1.043122967698311,1.0913661809130217,1.0021361724384863
2022-03-30,0.8643618531146315,1.0291735860778795,1.0772913549427832,0.9959481159399026
2022-03-31,0.8452496767275621,1.0132441198162567,1.0611301215953362,0.9806192106776489
2022-04-01,0.8455181088387065,1.0134693681493505,1.0618713152413783,0.9833984694837736
2022-04-04,0.8658845200524437,1.0305577233033565,1.080281440483284,0.9918226983859284
2022-04-05,0.8404931194893087,1.0003374071412856,1.0491174341207554,0.9792946301345555
2022-04-06,0.8179705136773926,0.9735314707480799,1.0215039242004569,0.9695024547826615
2022-04-07,0.8132802190258783,0.9679491797314975,1.0161329865422348,0.9743876486076637
2022-04-08,0.8038121819275804,0.9566805191535458,1.0047872530797728,0.9717823422547679
2022-04-11,0.7870209651381813,0.9466882408847714,0.9947709826545363,0.9551724318532003
2022-04-12,0.7856599493046013,0.9458696745807074,0.9943845414501667,0.9516331872789142
2022-04-13,0.8020016961589518,0.9557067311806309,1.0051996697285317,0.9625328343111602
2022-04-14,0.7826397419738793,0.9487849191574987,0.998398066116798,0.9505475731328297
2022-04-18,0.7845676464825827,0.9494860719198744,0.9996113106822846,0.9509384249516664
2022-04-19,0.8038674019900452,0.9564930581732394,1.007464214918979,0.9662889084186763
2022-04-20,0.7682754804897031,0.9437881920132807,0.9945620560651385,0.9655724980542945
2022-04-21,0.7496105025660693,0.9369094930768189,0.9877868982494002,0.9511338159448958
2022-04-22,0.7319892252522799,0.9303022449370532,0.9812912285432254,0.9250354312027117
2022-04-25,0.7333576298695809,0.9308239861773092,0.9823088474633634,0.9303983483245982
2022-04-26,0.7016474811552211,0.9187494269882986,0.9700341977252309,0.9034533158333387
2022-04-27,0.6918019852541216,0.9148818678675884,0.9664126717527997,0.9059936082424545
2022-04-28,0.7224059398837334,0.9270236383911534,0.9796985251087106,0.9288785164530312
2022-04-29,0.6937551822257331,0.9159938579835931,0.9685085389856624,0.894551223969544
2022-05-02,0.7139172178141026,0.9239800905494425,0.9774138233731118,0.8999359986256981
2022-05-03,0.7149779869993282,0.9243919574648327,0.9783149436902425,0.9040612066825388
2022-05-04,0.7493310744315641,0.946599436795574,1.00228372650605,0.9315925518182422
2022-05-05,0.7111774870998283,0.9321400747676416,0.9874510616452725,0.8984812505302888
2022-05-06,0.6979562923173969,0.9269413702037765,0.9824140930423966,0.8931181239112688
2022-05-09,0.6455631110203567,0.9060666788533067,0.9607579739023842,0.8645230221637484
2022-05-10,0.6437459263999246,0.9053015373485688,0.9604041513158957,0.8665205074998219
2022-05-11,0.6119160339693052,0.8918727996885601,0.9466153875490724,0.8527547301834033
2022-05-12,0.6186955150362777,0.8948371450026132,0.9502124517341417,0.851864646695304
2022-05-13,0.6686611265745402,0.9165171559727527,0.9736865713582327,0.8722307010367655
2022-05-16,0.6621032215894164,0.9120227774398658,0.9693755081070717,0.8686918056243685
2022-05-17,0.6797970547693478,0.9242090788760531,0.982789754876408,0.8865612127928715
2022-05-18,0.6468591662933941,0.9107749979154588,0.9689721544155436,0.8508224682882433
2022-05-19,0.6546593960657531,0.9140698051740629,0.9729389102284581,0.8456112969234287
2022-05-20,0.6471162879984974,0.910910180170796,0.9700390992147904,0.8459805007051314
2022-05-23,0.65639077031338,0.9148267345118575,0.9746718079567936,0.8618089169661592
2022-05-24,0.6333801223823803,0.9052055956151291,0.9648854139956926,0.8552302181458725
2022-05-25,0.6486585455185698,0.9117562183579305,0.9723273857434583,0.8627858020999285
2022-05-26,0.6705872379397557,0.9271677332555651,0.9892257547369482,0.8800255307173417
2022-05-27,0.6956420540144267,0.9444883857469973,1.008176788543764,0.9016293639562267
2022-05-31,0.7000220682551654,0.9474618061691175,1.011830795772627,0.8965704970075071
2022-06-01,0.6824408331710893,0.935563932157115,0.9996064240477763,0.8893184743999731
2022-06-02,0.7045225782972333,0.9506999580914889,1.0162545648288182,0.9062543623413531
2022-06-03,0.680392987851354,0.9344194290266106,0.999335358191677,0.8913812530093383
2022-06-06,0.6825599358585531,0.9359074207870869,1.00140259760441,0.8940953582069274
2022-06-07,0.688999732762553,0.9403224570309252,1.0066034582358325,0.9026716820280435
2022-06-08,0.6838199659038012,0.9367878757619748,1.0032990680670473,0.8928577189742596
2022-06-09,0.6575158900893936,0.9187704585069137,0.9844801900126297,0.8716229498523215
2022-06-10,0.6330437905928608,0.9016725887717812,0.9666282943408551,0.8463496346544567
2022-06-13,0.5903700163716976,0.8834379391094143,0.9475403356348855,0.8142152883326502
2022-06-14,0.5948264863727103,0.885438556297391,0.9501373276059372,0.8117618674015821
2022-06-15,0.609435940291321,0.891962697748222,0.9575906327685685,0.8233345588915641
2022-06-16,0.5829738490650735,0.8803438236134243,0.9455728723281777,0.7960855460595155
2022-06-17,0.5892333391193195,0.8831795443324905,0.949068978483634,0.7978015370804684
2022-06-21,0.6085024693021516,0.8918440752498988,0.9588318626146854,0.8178850496211414
2022-06-22,0.6022764414586735,0.8891065451700713,0.9563452990193343,0.8164022289098358
2022-06-23,0.6108920277718202,0.8929221555713069,0.9609048677867945,0.8244051590764104
2022-06-24,0.6371889704521916,0.9044533861369134,0.9737716034215801,0.8506162532764473
2022-06-27,0.6378256504980284,0.9047245054359186,0.9745272023399085,0.8473671622321355
2022-06-28,0.6208380190861861,0.8974956680182296,0.9672046951092101,0.8300529224675545
2022-06-29,0.6119028836576068,0.8936206256913551,0.9634892495838666,0.8293770847147045
2022-06-30,0.5965637278676976,0.8869002523965174,0.9567022415747373,0.8226388189110264
2022-07-01,0.6019202402292391,0.8908819662885072,0.9614529020419855,0.8313396538618522
2022-07-05,0.6185656446562509,0.9032001187898719,0.9752046678484444,0.8329094857159611
2022-07-06,0.6181167441712007,0.9028723872265975,0.9753151921791997,0.8357225433929663
2022-07-07,0.6434926267251767,0.9214054425721621,0.995799700247427,0.8482392987991271
2022-07-08,0.6436711044313941,0.9215332220703697,0.9964119869933085,0.8475416733443873
2022-07-11,0.6202577935616491,0.9047729980548834,0.9787644004587883,0.8378594839876099
2022-07-12,0.6161654755252501,0.9017882561481952,0.9760016477240072,0.8304455200958375
2022-07-13,0.6155844685773804,0.901363090130996,0.9760062550160394,0.8260843484342355
2022-07-14,0.6126595858554625,0.8992217257341723,0.9741523260584057,0.8240781340509304
2022-07-15,0.6360214282432031,0.9163662189513158,0.9931893224778949,0.8398221229671354
2022-07-18,0.6424259448739239,0.9209799649891776,0.9986628069030965,0.8328879075112051
2022-07-19,0.6723988158657233,0.9424644753027124,1.022435046965964,0.8553917404358444
2022-07-20,0.6938780693817305,0.957517620041519,1.0392523641740483,0.8608432748452249
2022-07-21,0.704053217662178,0.96453822221572,1.0473671346540165,0.8696094030693421
2022-07-22,0.6869057352259852,0.9527923755882448,1.0351113695342031,0.8615411097970982
2022-07-25,0.6823803892934479,0.9496538699095856,1.0321946146093965,0.8625877574763412
2022-07-26,0.6597680228406863,0.933919301883742,1.015583971693282,0.8523825236094535
2022-07-27,0.691625747524713,0.9564670330305233,1.040586954647791,0.874515895769589
2022-07-28,0.6956284499454992,0.9592347530888174,1.044093609364786,0.8854843975263971
2022-07-29,0.7080046762311885,0.9677678330442554,1.0538787570400645,0.8983936108960852
2022-08-01,0.7058928928379282,0.9663245402900089,1.0528088887012532,0.8957332067970643
2022-08-02,0.7065971319092043,0.9668065705694675,1.0538353974097883,0.8898238513184873
2022-08-03,0.7397829763969751,0.9895099548968157,1.0790842939620502,0.9037579944979066
2022-08-04,0.7380206955839184,0.9883313697823431,1.0783128683440408,0.9031473103535924
2022-08-05,0.7342725199113882,0.9858216572371646,1.076088144210443,0.9016211237356409
2022-08-08,0.7295235164544178,0.982633692053107,1.073120696803185,0.9005741967268863
2022-08-09,0.7164794395469617,0.9738488145530003,1.0640378631538592,0.8969980806570945
2022-08-10,0.741844862220596,0.9910873321139325,1.0833795406291178,0.9158385768720051
2022-08-11,0.7408252232509637,0.9904062252426742,1.0831509026235808,0.9158385768720051
2022-08-12,0.7608569102107748,1.003796365618867,1.098310722968074,0.9313426217379113
2022-08-15,0.7611448182981533,1.003986283780787,1.0990415283421795,0.9351806790570253
2022-08-16,0.758345653598744,1.0014017216479543,1.0967356185790478,0.9370123124957006
2022-08-17,0.74298061499724,0.9912568912294533,1.08614725077169,0.9303615466614708
2022-08-18,0.7443901886258755,0.9921971913832368,1.0876947763099751,0.9330654563318933
2022-08-19,0.7171110482746863,0.9740170172935148,1.0682827359136944,0.9205271227209763
2022-08-22,0.6956565995267223,0.9594467507863642,1.0528110598178435,0.9013592523186964
2022-08-23,0.6997805987199677,0.9622906522378107,1.056433041536993,0.8991785966555176
2022-08-24,0.7082340562769293,0.9681029619824886,1.063317041925757,0.9020571571029476
2022-08-25,0.7233974968298833,0.978466606305334,1.0752063044660454,0.9147919291927618
2022-08-26,0.6900503198376629,0.9559139300488979,1.0509358779634346,0.883826995870462
2022-08-29,0.685425520064765,0.9527106053061167,1.0479145746470988,0.8779830733299321
2022-08-30,0.675842875258236,0.9487147718857917,1.044018446217128,0.8683445990416899
2022-08-31,0.6725515487927896,0.9473287115375156,1.042990300040491,0.8617374784436175
2022-09-01,0.666035641081579,0.9445752988953301,1.0404555088630418,0.8644412484492843
2022-09-02,0.6601458079949937,0.9420694010851902,1.03819070199692,0.8553262376654194
2022-09-06,0.652095717415589,0.9386230060983669,1.0348870406843331,0.852099073987753
2022-09-07,0.6658786441584374,0.9445747268902829,1.041941966078911,0.867407099369029
2022-09-08,0.6793450752127631,0.9503055235813538,1.0487596590238784,0.8730767202944408
2022-09-09,0.7002014463883075,0.9590580377835545,1.058918365929658,0.8866399837150891
2022-09-12,0.7103521261874097,0.9660096737024108,1.0670980762542523,0.8961694496615046
2022-09-13,0.6677193403366883,0.9486167433385416,1.0483931988675022,0.857201656005008
2022-09-14,0.676871777879079,0.9525175538904844,1.0532035354218625,0.8604726045835874
2022-09-15,0.678370349458788,0.9531502065355276,1.0544045881831918,0.8507035437487622
2022-09-16,0.6664826998986886,0.9481393526667801,1.0493635222372406,0.8442135320483473
2022-09-19,0.6717657717218837,0.9518972058708449,1.0540222639841101,0.8507602476395779
2022-09-20,0.661193745500006,0.9444068851038283,1.0462302534868784,0.8409948180884012
2022-09-21,0.6522516471586057,0.9405751885859608,1.0424836388087648,0.8263245718140458
2022-09-22,0.6391819322142198,0.9349210596992961,1.0367133230989758,0.8193836524498417
2022-09-23,0.6230111319804752,0.9278252294221421,1.029338586568382,0.8056550259584403
2022-09-26,0.616922696673945,0.9251050514372902,1.0268109551454387,0.7976850566742117
2022-09-27,0.6227791606078168,0.9277396656594584,1.0302241760380917,0.7956486747036747
2022-09-28,0.6435802415284658,0.9370357319439392,1.0410377327429543,0.8113041161647636
2022-09-29,0.6258240329135889,0.9292799615539988,1.0329168782997091,0.7943569153781718
2022-09-30,0.6216194702098692,0.9274069673916588,1.0313268657215038,0.7820733302816582
2022-10-03,0.6361158263573826,0.9338951916207628,1.0390332311247819,0.8027208789382404
2022-10-04,0.6623322729114557,0.9531396533710954,1.0609390145567914,0.827594613270037
2022-10-05,0.659207886156687,0.9508915544710169,1.058941866455977,0.8256680077974831
2022-10-06,0.6600551156814467,0.9515026085987894,1.0601266130202285,0.8171502733413848
2022-10-07,0.633274428864528,0.9399208969685154,1.0477275497071632,0.7943569153781719
2022-10-10,0.6266377818029032,0.9369658163708935,1.0449324463956402,0.7882916940322297
2022-10-11,0.6165759760863322,0.9324524108847442,1.0403965477903314,0.7832994471719806
2022-10-12,0.6199216794697441,0.9339703304795538,1.0425856142943357,0.780715788856219
2022-10-13,0.6355577715375694,0.9457489523277903,1.056230490274844,0.8013196224442659
2022-10-14,0.6131974450634543,0.9291121835841392,1.038153196141172,0.7830585254683919
2022-10-17,0.6360302729906073,0.9464102486556618,1.0579757283660383,0.8031807949787727
2022-10-18,0.6445599638645515,0.9527563199071198,1.0655736901621062,0.8126178726892903
2022-10-19,0.645253317637796,0.9532687603520937,1.0666542255268756,0.8068592853144955
2022-10-20,0.6395952256788985,0.9490892527384311,1.0624855217318316,0.8000935055539438
2022-10-21,0.6594809313381909,0.9638433571834112,1.0795083778394532,0.8195370043516048
2022-10-24,0.6626062575189653,0.9661272176676395,1.08258036223668,0.8295651433082601
2022-10-25,0.688213814536291,0.9847960406161657,1.1040149655483609,0.8428120660572396
2022-10-26,0.6874949785766112,0.9842817332948123,1.1039641178474848,0.8364624872686847
2022-10-27,0.6738424321824361,0.9745086058920722,1.0935283376494742,0.8319956592193928
2022-10-28,0.6896785296171895,0.9859596606912855,1.106898672752635,0.8517893673919807
2022-10-31,0.6831178044617365,0.9812700770154318,1.1021609536411512,0.8456368555737237
2022-11-01,0.6853905910243027,0.9829024583051028,1.1045192801986188,0.841936228374222
2022-11-02,0.660634268276479,0.9651512294393365,1.0850976117961288,0.8208070458075958
2022-11-03,0.6613556613894266,0.965678187760532,1.0862067722196045,0.8123552331161896
2022-11-04,0.6696848195290456,0.9717590961184798,1.093563894489042,0.8240475474694319
2022-11-07,0.6665289013017717,0.9694693680594533,1.0915079059922863,0.8319302262813456
2022-11-08,0.651409057769646,0.9584734269039991,1.0796475417676268,0.8364187023677716
2022-11-09,0.620270593629296,0.9355650945150421,1.0543571625605574,0.819186655311922
2022-11-10,0.6629999771816935,0.9677898365650092,1.0911756709556377,0.8642044468559893
2022-11-11,0.6898347752550051,0.987375391418285,1.1137778423700175,0.8725686199131915
2022-11-14,0.6778491772901984,0.9787977689886906,1.1046324948169286,0.8651458571418098
2022-11-15,0.6931768870746428,0.9898641895460599,1.117647635354361,0.8725246255151448
2022-11-16,0.6750095667112848,0.9768926232813566,1.103533758155702,0.8658684825878203
2022-11-17,0.669684366172985,0.9730392340999969,1.0997063205870337,0.8632189723397443
2022-11-18,0.6632807156878012,0.9683870401125851,1.0949721887758939,0.8671385240438115
2022-11-21,0.6488419746567712,0.9578467896882289,1.0835755583232805,0.863985452519046
2022-11-22,0.6593941762476861,0.9656355832718652,1.0929027119426642,0.8756120546047296
2022-11-23,0.6698537615040179,0.9732942403191984,1.1020911809725147,0.8811298599406915
2022-11-25,0.6669086589453962,0.971154630510171,1.1001932399128387,0.8809327231380158
2022-11-28,0.6536672581743491,0.9615135443578497,1.0897950313436642,0.8668755353088217
2022-11-29,0.6554149805907902,0.9627989527626393,1.0917708840730724,0.8653867090130207
2022-11-30,0.6867332159022614,0.9950033050237896,1.1288090678477714,0.8926469648579035
2022-12-01,0.6911609316730871,1.0014185937030902,1.1366245979653542,0.8919901215118293
2022-12-02,0.6898817094853278,0.9995651369673358,1.1350621475526732,0.8909610715918049
2022-12-05,0.6680792080323189,0.9837703854530759,1.11766682913648,0.874933353724388
2022-12-06,0.6517417234406654,0.9717416220064464,1.1045331085507932,0.8623212771224593
2022-12-07,0.6474058933866714,0.968509278289698,1.101385023253358,0.860854308360926
2022-12-08,0.6573169278747518,0.9759226560154876,1.1103399569260008,0.8675981607548323
2022-12-09,0.6570232729024748,0.9757046603056985,1.1106206692040357,0.8611171574311602
2022-12-12,0.6624828661576355,0.9797585125831845,1.1157639367476968,0.8735320273980353
2022-12-13,0.6692801395688228,0.9898111295294791,1.1277433264022467,0.8801446647539579
2022-12-14,0.6657993222002846,0.9872372060200663,1.1253477420410436,0.8745172225847687
2022-12-15,0.6438212737685722,0.9774605902723392,1.1147392967353442,0.8531251211155304
2022-12-16,0.635123956641901,0.9708583816479954,1.1077406741970455,0.8430529877608284
2022-12-19,0.6235800510576122,0.9655645343401168,1.102227937630909,0.8359041075753815
2022-12-20,0.6211416907857459,0.96443185176161,1.1014598086577896,0.8370479619245943
2022-12-21,0.6317490940119944,0.9693728101714045,1.1076272906884597,0.8495639491745988
2022-12-22,0.615652286338862,0.9619629977141523,1.0996881130038942,0.8374439115070141
2022-12-23,0.6163711579174882,0.9622999709736161,1.100596992036885,0.8422612282607443
2022-12-27,0.598639456132594,0.9539949671327969,1.0916225276780431,0.8389397210406002
2022-12-28,0.592130627816572,0.9508832162825283,1.0885816820498289,0.8285134676978115
2022-12-29,0.6097262310017095,0.9650113182275417,1.1052740625236281,0.8434270798089806
2022-12-30,0.6137749039143267,0.9682152276100018,1.1094699756361766,0.8412052928752469
2023-01-03,0.6056914704937564,0.9643898007576226,1.1056147690720193,0.8376638834972474
2023-01-04,0.6253578500261242,0.9737837199868548,1.1169108143865139,0.844130920345349
2023-01-05,0.6167224646426116,0.9697497108022292,1.1128157473197509,0.8344964963350222
2023-01-06,0.6305178480670306,0.9805958124550923,1.1257918738786565,0.8536332913291581
2023-01-09,0.6404718409909643,0.9883361514544883,1.135214410238985,0.8531492132858892
2023-01-10,0.6537392288940488,0.9985728537267538,1.1475129839400433,0.8591323117554777
2023-01-11,0.6619396756180012,1.0110988627606992,1.1624537194704119,0.8699984392463549
2023-01-12,0.6738911293837178,1.0293544557640513,1.1839956041950679,0.8731659660733357
2023-01-13,0.6808065138656584,1.0399175593863188,1.1967094229122142,0.8765533252257941
2023-01-17,0.6926219723952395,1.0579654225410724,1.2180482846477858,0.8749475995294692
2023-01-18,0.6792131107212224,1.0477245461524072,1.2068378637821653,0.8611339870342222
2023-01-19,0.6719559967295691,1.0421272922542841,1.200965264255251,0.8548649249773305
2023-01-20,0.6978941784049976,1.0823544606506883,1.2478956273790627,0.8707903384111946
2023-01-23,0.7197663338307779,1.1162756849876543,1.2875991839191265,0.8812387286177622
2023-01-24,0.717311485608933,1.112468494721063,1.2838208170623067,0.8802928490597592
2023-01-25,0.7193310643180503,1.115600631500659,1.2880467367379835,0.8806226673803533
2023-01-26,0.7323925727425881,1.1297804708523849,1.305031807516679,0.890301015956349
2023-01-27,0.7490939041722979,1.1478147698774321,1.3264850273726083,0.8923466856331403
2023-01-30,0.7376551704627805,1.1302875313999192,1.3068611369533454,0.8811506001569132
2023-01-31,0.7522406684529273,1.1526364651262004,1.3333237376615716,0.8941063917226283
2023-02-01,0.772826347472662,1.1841793014718194,1.3704461445581415,0.9036088325388151
2023-02-02,0.8023608326077751,1.229434132768659,1.4234719799147182,0.916762738560496
2023-02-03,0.7917812966091254,1.2132234179169374,1.4053806210784632,0.9070183285550525
2023-02-06,0.7888229967389115,1.2086905011946876,1.4007989841740693,0.9014752438983084
2023-02-07,0.8001295727064306,1.2208178171079302,1.4155208549348237,0.9132652537481651
2023-02-08,0.792692390548686,1.2094703494014927,1.403037685448892,0.9032788745534651
2023-02-09,0.7789595853170017,1.1885171764685076,1.379399215780488,0.8954482208630509
2023-02-10,0.7701044340801891,1.1750062067807863,1.364375170867818,0.8975379547702668
2023-02-13,0.77891245274504,1.1884452627615536,1.3806298243459245,0.9080741242757943
2023-02-14,0.8021343131339062,1.2238766002300943,1.4224482383128827,0.9076561774943511
2023-02-15,0.8202495223057679,1.251516336182911,1.455249824875125,0.9106036624987208
2023-02-16,0.799897995494843,1.2204644823536779,1.4198360370985965,0.8980658177144487
2023-02-17,0.7924382608184052,1.2090826045746965,1.4072709610201164,0.8958222430788253
2023-02-21,0.7679373030583309,1.1903911283500812,1.386185776053277,0.87785115996817
2023-02-22,0.7662497556551593,1.1890831820832406,1.385322788221747,0.8766413838542649
2023-02-23,0.7733169018485773,1.194566658340099,1.392370904103015,0.881304720214832
2023-02-24,0.7621324715236163,1.185928189733769,1.3829650545111516,0.8718901983623605
2023-02-27,0.7685160988090017,1.1908948614301986,1.3894154721224565,0.8748596805657535
2023-02-28,0.7717228210965882,1.1933794346878301,1.3929758468971414,0.8716263716388362
2023-03-01,0.7638713144412227,1.1873087145291896,1.3865531017929855,0.868282727554913
2023-03-02,0.7631007820749718,1.1867098834329166,1.386514043167106,0.8750356581579399
2023-03-03,0.7827493515366196,1.2019877812697222,1.405024497336485,0.889069382308176
2023-03-06,0.7778185117320335,1.1982018891544008,1.4012681612473767,0.8896851642160734
2023-03-07,0.7633489102542278,1.1870569346666173,1.3889016767849063,0.8760475293130129
2023-03-08,0.7629389286361581,1.1867381606982013,1.3891900808913666,0.8774772774171511
2023-03-09,0.7357854187228338,1.1656197558026462,1.3651304950389969,0.8612879674273851
2023-03-10,0.7180638339305991,1.1571974785412338,1.3559166993733835,0.8488600388058518
2023-03-13,0.7215198677093309,1.1588683523767576,1.3585201778917648,0.847650192859569
2023-03-14,0.740511904126147,1.174120371715123,1.3770467556271173,0.8616619896431594
2023-03-15,0.7321783019916804,1.1701563630416665,1.373053373216055,0.8562727457148228
2023-03-16,0.7460739278573515,1.1812602532969023,1.3867364360882137,0.8712962041563527
2023-03-17,0.7412366901785207,1.1774308495391788,1.3829012713219286,0.8611083585515501
2023-03-20,0.7435824721234743,1.1792939494537387,1.3857480204138624,0.8693885930905743
2023-03-21,0.7662352522021729,1.2152204101848887,1.428623856726699,0.880804022065634
2023-03-22,0.7470204144185776,1.1999834036742199,1.4113913942526908,0.8657896418332248
2023-03-23,0.7573409557446399,1.2082726539203779,1.421813100617832,0.8681300041445509
2023-03-24,0.7559509014494423,1.207163797612257,1.4211853277704076,0.873826789864947
2023-03-27,0.7556155671400203,1.2068960530817223,1.4215468689625186,0.8754605183447904
2023-03-28,0.7550433377114715,1.206439060486012,1.4216855256659113,0.873495505064418
2023-03-29,0.777177349426519,1.2418056877570052,1.464039072301518,0.8861916598492801
2023-03-30,0.7819301245481597,1.2493998658207877,1.4736894649479535,0.8913804848531819
2023-03-31,0.8004389123477202,1.2701017334008957,1.498809444530094,0.9039441676172592
2023-04-03,0.8054415411890338,1.2756583014605298,1.5060803047357678,0.9073887194871783
2023-04-04,0.7980123224521574,1.2674218238897923,1.497073254324335,0.9023544335354624
2023-04-05,0.7895471276152182,1.2539772035776051,1.4819054181628444,0.8999918645279795
2023-04-06,0.7925209634079544,1.2572833844407747,1.4865182137278177,0.9035026174921021
2023-04-10,0.8018659581929628,1.267661046419894,1.499495853994714,0.9044299914699744
2023-04-11,0.8081978719327547,1.2776710989919147,1.5120506297560965,0.9046727986477652
2023-04-12,0.798070090965099,1.2664634709566611,1.4995070674525783,0.9009854396000553
2023-04-13,0.8129992342007188,1.2830472902756005,1.5198565479969401,0.9129528236896558
2023-04-14,0.8148643786957608,1.2851077448772366,1.5230210374522748,0.9107228663677135
2023-04-17,0.812863336760195,1.2828986801671862,1.5211282544781395,0.9139907423216674
2023-04-18,0.8191696800577538,1.2898657549374124,1.5301134362390736,0.914587110828522
2023-04-19,0.814200667828206,1.2843888052812495,1.5243449869107084,0.9144322924468244
2023-04-20,0.7966480134270385,1.2566997677913085,1.4922088183164912,0.9094422103902888
2023-04-21,0.7956128412976825,1.255066799965293,1.4909804033814709,0.9101487743893936
2023-04-24,0.793613999395264,1.2519136581607777,1.4879445594537366,0.9110983550634227
2023-04-25,0.7792352644327624,1.2405725435254848,1.475173780480969,0.8966357204484209
2023-04-26,0.7735008153849056,1.2360078116879214,1.4704482885562438,0.8928378865789495
2023-04-27,0.7945562335452724,1.2696531043714447,1.511175484523882,0.910612391545952
2023-04-28,0.8040028272794757,1.284748193370811,1.5298616753319545,0.91838473520086
2023-05-01,0.7951769766095832,1.270645014478427,1.513796296300758,0.9174572913906099
2023-05-02,0.7756150252480576,1.2393861919745706,1.4772766248657119,0.9071459123093876
2023-05-03,0.7666800146542045,1.2322473870296649,1.4694710475113757,0.9009192385058519
2023-05-04,0.7620004148415412,1.2284867407813733,1.465686176030963,0.8945379558177522
2023-05-05,0.7849571896642946,1.2469920413898519,1.4884624743132788,0.9110983550634228
2023-05-08,0.789602404018989,1.2506817619294721,1.4935754725557577,0.911341022576458
2023-05-09,0.8015126823891635,1.260114337021228,1.5055511654638019,0.907344585424376
2023-05-10,0.8063172239612082,1.2676678940026365,1.5152928839943554,0.9115840392513823
2023-05-11,0.8024819419810881,1.2646530360248047,1.5124106746872452,0.9099941655048299
2023-05-12,0.78637723289302,1.2519631123162152,1.4979548689789797,0.908801847485388
2023-05-15,0.7897103152578625,1.2572695937306666,1.5050173053232843,0.911937251418557
2023-05-16,0.7814302045679273,1.2440871251696721,1.4899538775301677,0.9058430496358062
2023-05-17,0.8060997457444237,1.2833626207700655,1.5377008221551813,0.9168390653494878
2023-05-18,0.827952772278435,1.3181540439810318,1.5801194859823686,0.9256712550030528
2023-05-19,0.8240479658608918,1.3119373411175541,1.5734197346308245,0.9243241884342911
2023-05-22,0.833490867326311,1.3269710473509464,1.5921990582032917,0.9246996072976225
2023-05-23,0.8344690264435398,1.328528339553114,1.5948258038280483,0.9143218874574409
2023-05-24,0.8301863859384632,1.321710100530677,1.5874003206579883,0.9076978674239283
2023-05-25,0.8466568618115425,1.347932157035961,1.6196494409819928,0.9155584093720631
2023-05-26,0.8717000341107831,1.3878024974051535,1.6683281393217648,0.9274154583046578
2023-05-30,0.891301875770688,1.4190098895639784,1.7066381287794647,0.9277688799689658
2023-05-31,0.89536730594644,1.4254823157773036,1.7152351775050239,0.9226241890278662
2023-06-01,0.9034077981911938,1.4382832963680854,1.7314549478171013,0.9313899680900941
2023-06-02,0.9180978227538299,1.4616707599188536,1.760434083953716,0.9448589578006423
2023-06-05,0.9140422592380839,1.455214042062603,1.7534959245390953,0.9430483439077002
2023-06-06,0.9258058999412607,1.4683239726755684,1.770128055691097,0.9451018348108108
2023-06-07,0.9261743771299723,1.4689083758313526,1.7716754970932336,0.941833889024479
2023-06-08,0.9410854550753008,1.492557278054755,1.8010424972451118,0.947530674744875
2023-06-09,0.942733823091206,1.4951715822773775,1.8050547712459832,0.9492309534808111
2023-06-12,0.9600615743797277,1.5226533174997505,1.839091809174717,0.9578421934908529
2023-06-13,0.9757100885619193,1.5400262484330554,1.860950948368747,0.9641569957552376
2023-06-14,0.983409731382064,1.548533238910976,1.8721168701429909,0.9653052495442552
2023-06-15,0.9888968286480232,1.5545814470598556,1.8803204043927477,0.9772726336338559
2023-06-16,0.9804356251989924,1.5452705253697219,1.8699539109892542,0.9739440035111708
2023-06-20,0.9842170443244476,1.5494424676756884,1.8758928921431681,0.9688909326498129
2023-06-21,0.9741834254399606,1.5383853937247518,1.8633994970935228,0.9639266187407045
2023-06-22,0.9673529118664052,1.5308348920151629,1.8551411368222144,0.9674061566319273
2023-06-23,0.9598820417235471,1.5190122484399906,1.8416972754513237,0.960092541867128
2023-06-26,0.9474038528606114,1.4992655286377194,1.8186327423484372,0.9561699175384354
2023-06-27,0.9700679612292469,1.535131454569735,1.8630046920048766,0.9666525954425282
2023-06-28,0.9796421960144465,1.5502826703191666,1.8822790481372542,0.9671401651046897
2023-06-29,0.9838509176336486,1.556942967534815,1.8912619857241912,0.9709521051144873
2023-06-30,0.992599246467968,1.5666339218943688,1.9039344588370846,0.9824099921752809
2023-07-03,1.0138677578449073,1.6002023247617636,1.9456368654397986,0.9835402292108126
2023-07-05,1.0150473175479977,1.6020640411093596,1.948826962920114,0.982077659889084
2023-07-06,0.9963440877196973,1.572544459664717,1.9138459516649078,0.9743872296133963
2023-07-07,0.9996038846926248,1.5751169523068629,1.9178881275055022,0.9719271047740544
2023-07-10,1.0192667241588933,1.6061004971370547,1.956527477805531,0.9743872296133963
2023-07-11,1.0328569410930157,1.6275151608916345,1.9835461789720814,0.9805926045416871
2023-07-12,1.045723959556656,1.6477902510729392,2.0092011413771176,0.9884824062561418
2023-07-13,1.063430169807486,1.6756906547771202,2.044177720929433,0.9963278644106607
2023-07-14,1.0509914432474117,1.6619705056671203,2.0284139069578697,0.9957074037334472
2023-07-17,1.0689211328748653,1.6818175090558103,2.0536028340622003,0.9991646650961353
2023-07-18,1.0810346701574098,1.6951589342838003,2.0708714426494645,1.0065890340122077
2023-07-19,1.0905312399367122,1.7055829631198627,2.084591967012288,1.00882744105187
2023-07-20,1.0652635423867298,1.677920015910105,2.051774514025723,1.002134356796662
2023-07-21,1.0534474574855086,1.659308240911187,2.0299929166527533,1.002134356796662
2023-07-24,1.0594662933608847,1.6687886415687974,2.042557874770396,1.0066111708759866
2023-07-25,1.060448094479007,1.6698711611308903,2.0448554997486075,1.009359424106345
2023-07-26,1.0635106975124113,1.6732470045663868,2.049963159399783,1.009514521817554
2023-07-27,1.0520426161070395,1.6606168984158969,2.03546567408802,1.0028213677299682
2023-07-28,1.0775639098625696,1.6888161022520367,2.0709995149118727,1.0126393112292895
2023-07-31,1.1062721049105029,1.7203112211344127,2.1106082501698227,1.0145674530141562
2023-08-01,1.0967884058453552,1.7099878660637642,2.0989478269395487,1.0116642417373445
2023-08-02,1.0678914714509387,1.664935049205432,2.0446466340583425,0.997591132126
2023-08-03,1.0616789482916373,1.6600921190817055,2.039672847645022,0.9947322644091243
2023-08-04,1.0460455672328262,1.6478695669005141,2.025626876792141,0.9902333832983984
2023-08-07,1.0483530016166671,1.6496870550759148,2.0288255898424192,0.9988764668727407
2023-08-08,1.0413314527271291,1.644162504522909,2.022997469536822,0.9945327533056015
2023-08-09,1.0158964376642206,1.6240827796865518,1.999254464900284,0.9878840824427072
2023-08-10,1.0144372350878017,1.6229163882668296,1.9987706568483805,0.9882386912574388
2023-08-11,1.0114534712689844,1.620529646616984,1.9967829607472702,0.9876625043077835
2023-08-14,1.0205553577840205,1.6278210729439182,2.0067181538019674,0.9931143180466754
2023-08-15,1.0014910765733553,1.6126169791833243,1.9889306843665078,0.9815456070022309
2023-08-16,0.9881742402776822,1.601895487588569,1.9766543791770157,0.9743429558858382
2023-08-17,0.9697449179968501,1.586957915347926,1.9591634684013244,0.966918586969766
2023-08-18,0.9705507006372927,1.587617234677973,1.960910359656287,0.9673839499357706
2023-08-21,0.9880097219473611,1.60189688184853,1.979481317283887,0.9736780119839332
2023-08-22,0.981009344098537,1.5962218954598888,1.9734112853233348,0.9710407224019812
2023-08-23,1.0000705842329685,1.6117293771369143,1.993522925525783,0.9818559420894046
2023-08-24,0.9778972263056461,1.5938619121176094,1.9723722333857387,0.9682482652764427
2023-08-25,0.9867886781816351,1.6011079427368515,1.9822782762039226,0.9750741707143249
2023-08-28,0.9949840975109574,1.6077566565255104,1.991453768753555,0.9812576182759702
2023-08-29,1.0275441660767206,1.6603692230021885,2.057570831430318,0.9954414820385875
2023-08-30,1.0347806330237537,1.6720623525033775,2.073041043928529,0.9995414806070239
2023-08-31,1.027973101398035,1.6610623231429724,2.060390250596035,0.9980787716205396
2023-09-01,1.0269251023221035,1.6593689016153557,2.0592708600363143,0.9999402933169357
2023-09-05,1.0293479243695443,1.6632838468733695,2.0651098982425227,0.9956187166135756
2023-09-06,1.0220573394150814,1.651503270158802,2.0514666850713645,0.9889257021907454
2023-09-07,1.015448711328964,1.6408246414022858,2.0391787796860905,0.9858894602341259
2023-09-08,1.016300186926422,1.6422005081755404,2.04185971249123,0.9873742362520115
2023-09-11,1.0285322060707396,1.6619657589481112,2.067407508780542,0.9938680189008304
2023-09-12,1.029445815228106,1.6634420249586868,2.0702283942720703,0.988415995664805
2023-09-13,1.0242272668960248,1.655009572782524,2.060719651430984,0.9895683695641156
2023-09-14,1.0355813180312246,1.6678521759314282,2.0776917933958896,0.9981008386519407
2023-09-15,1.0219589236597202,1.645912672293893,2.0513504949064667,0.9860754936887232
2023-09-18,1.0192546743235271,1.6415573521842126,2.046899161955543,0.9866536359449585
2023-09-19,1.0161560337348028,1.6390620993448901,2.044762482299416,0.9846074774415222
2023-09-20,0.9987318377007421,1.6250094645216648,2.0282052380215396,0.9755558744567467
2023-09-21,0.9766736455792718,1.6070643216842504,2.0067733757524975,0.9594313689136271
2023-09-22,0.9700635259289181,1.6016260222583214,2.0009380688086846,0.957273897599895
2023-09-25,0.9771326737162133,1.6074617900965564,2.0091816184305307,0.9612995945182969
2023-09-26,0.96324351514968,1.5960373989709462,1.995858917605247,0.9471768340862999
2023-09-27,0.9719373827915416,1.6032400106054292,2.005816256319663,0.9475548367476119
2023-09-28,0.9871219523705823,1.6157637132245317,2.022439832192067,0.9530482705837033
2023-09-29,0.9882288419089476,1.6166696154518823,2.024536810088796,0.9507353523968731
2023-10-02,0.9864017812757562,1.6151751471232898,2.0236293696957897,0.9503572799031833
2023-10-03,0.9625673199253872,1.5956613798385244,2.0001444884850637,0.9376356363004053
2023-10-04,0.9742421612475226,1.6053381541419147,2.013226671425351,0.944463636709623
2023-10-05,0.9753502379964998,1.6062510882940215,2.01533024564213,0.9441077010797122
2023-10-06,0.9944667514892487,1.6219920597963147,2.0360398003119142,0.9553169848753533
2023-10-09,1.006036979283116,1.63142767822377,2.048853602448004,0.9614331140247496
2023-10-10,1.0116150578978902,1.6359504900243538,2.055509289951407,0.9664370927244778
2023-10-11,1.0105710656535607,1.6342621802168253,2.0543668071269723,0.9703960298896533
2023-10-12,1.004589935912445,1.6245896945667897,2.0431861751756912,0.9644799705028025
2023-10-13,0.994503851452607,1.6164342530845393,2.033902324845291,0.959675991733242
2023-10-16,1.0052542373363167,1.6339075810670534,2.0568569233300495,0.9697732647439707
2023-10-17,1.0085200307988627,1.6392156956697754,2.0645185392456207,0.9697286418545235
2023-10-18,0.9884661936582729,1.606620840242639,2.0244498869804595,0.956806858656822
2023-10-19,0.9879282158663485,1.606183634429411,2.024863002122877,0.9484000878491302
2023-10-20,0.9725453093299429,1.5936787923103584,2.0100627784783125,0.9367460416389508
2023-10-23,0.979355542849629,1.5992586478846362,2.018057668022875,0.9351225086862738
2023-10-24,0.9953749356108446,1.6123382452761468,2.035523408896099,0.9421728553865716
2023-10-25,0.976015664222455,1.596658880373802,2.016698029058061,0.9286504439069667
2023-10-26,0.960108117825473,1.5888519589838874,2.0077976434412705,0.9175303360578424
2023-10-27,0.9533726641216212,1.5855080734526679,2.0045281421821457,0.9133713989624992
2023-10-30,0.9614019381345003,1.589514002902023,2.0105473009176826,0.9242915068814559
2023-10-31,0.9709275746756797,1.5942387071286879,2.0174808966852953,0.9300961836256331
2023-11-01,0.9817223165478831,1.6031010547306077,2.0296567460723036,0.9400154539052173
2023-11-02,1.0257543598571426,1.6390520634227763,2.0761401598405707,0.9580303219167858
2023-11-03,1.0372902541270994,1.6482686614927242,2.0888031980002735,0.9667706819934757
2023-11-06,1.0313699425284975,1.6435649326977115,2.0838369667447694,0.9689947733956785
2023-11-07,1.0362575562342524,1.6513537097020692,2.094704475552793,0.9717525936618028
2023-11-08,1.0246217625304506,1.6328112045280392,2.072181209440508,0.9724642554244908
2023-11-09,1.0135319880938543,1.6151388217835578,2.050740152404655,0.9648801798602714
2023-11-10,1.0402790921686829,1.6577623271775885,2.1058357176554687,0.9799370181784145
2023-11-13,1.0458316070979694,1.6666106738762356,2.1180784458754447,0.9790029402922685
2023-11-14,1.0657983306210637,1.6888835981444013,2.1473934861242565,0.9979963694146746
2023-11-15,1.0719294606041547,1.6956844489229435,2.157063247589687,1.0001090781742037
2023-11-16,1.049021955016552,1.6703182922015543,2.1258223860073193,1.0013324716017897
2023-11-17,1.0597664571457825,1.682293939472672,2.1420761481397994,1.0025778622283992
2023-11-20,1.0695858482551674,1.6932051845199856,2.156989545848513,1.0102953874666933
2023-11-21,1.0607112292481136,1.6833709242251924,2.14548872973765,1.0080935027606475
2023-11-22,1.062976729685254,1.6858877018567284,2.149718072699368,1.011985470675463
2023-11-24,1.0635716922519853,1.6865482318875509,2.1515840065301433,1.0126082358211457
2023-11-27,1.0598839191708904,1.6824547372502052,2.1473863671315034,1.0107846331059231
2023-11-28,1.0733696718985617,1.6974397914680888,2.1675349747639205,1.0117854009129177
2023-11-29,1.0729874287401455,1.6970166526978503,2.1680268099070488,1.011073669317852
2023-11-30,1.0676809267268623,1.6911417883424655,2.161553759641874,1.0150547433468065
2023-12-01,1.0831852101003157,1.7083322790577695,2.1845553089385734,1.0210598390154182
2023-12-04,1.0770245836397714,1.7015309694935878,2.176898297614039,1.0156997850210236
2023-12-05,1.085198661545812,1.7105706078090146,2.18950001434918,1.0154996454261003
2023-12-06,1.0785182563436122,1.7000404577157038,2.177064228200625,1.0114073284192278
2023-12-07,1.089940387009841,1.7180448671280537,2.201157291848378,1.0191247838251443
2023-12-08,1.1072655544072547,1.7371613166988817,2.226697437239094,1.0235062068763234
2023-12-11,1.1026954651818703,1.7299914176763749,2.218567376021745,1.0274871412405224
2023-12-12,1.1057816388559745,1.733380692319075,2.2239702941644945,1.0321799468645427
2023-12-13,1.1360784874494885,1.7666252131008733,2.2676828699267246,1.0464138804420797
2023-12-14,1.1546563393982794,1.786847470114268,2.2947204973254265,1.0497721194929739
2023-12-15,1.1517306014771584,1.783678134739807,2.2917430704672803,1.0480436284763854
2023-12-18,1.162064281887513,1.794880730071553,2.307227932189218,1.053939017479392
2023-12-19,1.1814659237482792,1.815857661860346,2.3352913915675355,1.0603478141243652
2023-12-20,1.15545809384137,1.7758848482094942,2.2849962297891278,1.045654313668185
2023-12-21,1.1709226911939976,1.7996532083677488,2.316666606427014,1.0555691845079649
2023-12-22,1.1747510416971856,1.8037720048710046,2.323071846017916,1.0576905524823474
2023-12-26,1.181664749951914,1.8112029643423797,2.3337483782011423,1.0621566123754829
2023-12-27,1.1960627275048266,1.826650968302726,2.3547645539933373,1.0640770725987858
2023-12-28,1.1906210706767835,1.820833543146107,2.348386535986891,1.0644790975980787
2023-12-29,1.1746122517799773,1.803695784873594,2.3274017071085136,1.0613975344282334
2024-01-02,1.1682718478493763,1.7939596699755151,2.3159469823871226,1.0554575225357794
2024-01-03,1.1404194630495346,1.7511904676400007,2.2618360841502048,1.0468379026403953
2024-01-04,1.1449440782276132,1.7546643924660483,2.2674000672345582,1.0434659764434422
2024-01-05,1.1422675565936464,1.7526134638241635,2.265829544982567,1.0448950960561798
2024-01-08,1.1587361119010244,1.7778816346610522,2.299575935945528,1.0598119902891079
2024-01-09,1.1472715023822093,1.7602911595712392,2.2779188200894342,1.0582040997890696
2024-01-10,1.1510574098673567,1.7660999846516334,2.2865204997799498,1.0641887345709709
2024-01-11,1.141361696108518,1.7512235764257005,2.268349247344082,1.0637198799860736
2024-01-12,1.1263385091090017,1.728173075119843,2.239572239507413,1.064456821069544
2024-01-16,1.1164516161242082,1.713003335192876,2.2209799490180333,1.0605488615402001
2024-01-17,1.1092016682743382,1.7074414350319378,2.214826324025432,1.0546536122019492
2024-01-18,1.1139446088545055,1.7110919403918294,2.2206162961640183,1.0640324497093383
2024-01-19,1.128953543394172,1.7341466477090102,2.2515936085485326,1.0772967607204027
2024-01-22,1.1405830384558064,1.7520103144592376,2.2758597501563824,1.0795746230535512
2024-01-23,1.1400347574631953,1.7511681189137231,2.2758494816732835,1.0827231554737564
2024-01-24,1.1487058232733025,1.7604916467561689,2.289050243454706,1.0839067444459671
2024-01-25,1.1470676803735858,1.7587342291624732,2.287855214123525,1.0898020636165957
2024-01-26,1.1541268006841074,1.7663105751019674,2.2988003835543007,1.0884174970609275
2024-01-29,1.1885436645731504,1.8031814019722208,2.3478813287773397,1.0970371867886894
2024-01-30,1.1837598414576775,1.7981010075445827,2.3423843019293256,1.096188653565412
2024-01-31,1.1561365549294207,1.75614193983623,2.2888396894059873,1.0783018581348238
2024-02-01,1.1633633559519612,1.7671192662709168,2.304236737029138,1.0924147722015438
2024-02-02,1.1887523512148983,1.8056845025325357,2.3556211666999785,1.1039149776833157
2024-02-05,1.1769874497026476,1.7878139171975986,2.3334296660707547,1.0998953561817868
2024-02-06,1.2049236948324997,1.8175180278871457,2.373310211982885,1.1030887908209506
2024-02-07,1.2223370094012231,1.8359045110335552,2.398449380545742,1.1122889272734169
2024-02-08,1.2469778217469407,1.861811216578073,2.433436354241437,1.1127801282192267
2024-02-09,1.2594534434850075,1.8748500023980361,2.4516371703446955,1.1192115505546238
2024-02-12,1.2758364664392279,1.8919216913506742,2.475128315655314,1.1187202099440585
2024-02-13,1.2530634050571705,1.8581518078738197,2.4321271096699695,1.1033119751005651
2024-02-14,1.2946994640027754,1.919893390853802,2.514098564502381,1.11333850791253
2024-02-15,1.3125065988309428,1.946299364917423,2.5498743521504337,1.121020348805742
2024-02-16,1.3029664254403561,1.932152362968755,2.5325543904973586,1.1154375993583778
2024-02-20,1.2941721760669938,1.919111482271053,2.5166671310505606,1.109296749547222
2024-02-21,1.281905927503302,1.9009220180727802,2.4940124082340636,1.1103014977997538
2024-02-22,1.3231778758287052,1.9621236660387296,2.5754966829110097,1.1332797020671406
2024-02-23,1.3158883163642703,1.9513140708955168,2.562534362823968,1.1340612660400582
2024-02-26,1.348682520115847,1.999944179110986,2.627617388134509,1.1299079155349432
2024-02-27,1.3749072034043588,2.0388324288729707,2.6799617811766003,1.1320068673160355
2024-02-28,1.376782933238935,2.0416139248205294,2.6848941160336546,1.130510848285316
2024-02-29,1.3927417672029052,2.065279077008384,2.7172943036266095,1.1345748831791584
2024-03-01,1.4161332534088595,2.0999660148018204,2.7642259685682755,1.1452265554376528
2024-03-04,1.4248984280828705,2.112963780997139,2.782651478224939,1.1439984134083727
2024-03-05,1.3760912161671695,2.040588186360487,2.6886620649817967,1.1325652470093388
2024-03-06,1.4128321640199843,2.0950708712750554,2.761728313888637,1.1383042114859572
2024-03-07,1.434181827161692,2.126730015580248,2.804776595658678,1.1496034393842713
2024-03-08,1.4348169399227957,2.1276718162269557,2.8073542702046748,1.1427033021287327
2024-03-11,1.43189322315895,2.123336273772739,2.8029705787826398,1.1417208304047355
2024-03-12,1.4443547217377082,2.1362715723487242,2.8213809363129942,1.154002599859425
2024-03-13,1.4522734199915277,2.1479837159897888,2.8381927179166198,1.152193801608307
2024-03-14,1.4407230739690189,2.1309001869319193,2.816971279530993,1.1499160091075362
2024-03-15,1.4396572730592028,2.1293238150399203,2.8162287890545348,1.1420200621438306
2024-03-18,1.4432830738299012,2.1346865524595233,2.824662569396341,1.1488072804443827
2024-03-19,1.4318669239019142,2.117801506016439,2.8036649948573644,1.1551914960923522
2024-03-20,1.471008794006381,2.1756942543380826,2.881641756541768,1.1658759197360589
2024-03-21,1.4828919109126688,2.1932699678769687,2.9062924721118852,1.169728991016411
2024-03-22,1.4718435305477582,2.176928870680528,2.8860229042578114,1.1675113241929707
2024-03-25,1.5012661088658217,2.2204463090909914,2.945089634324342,1.1642856968276172
2024-03-26,1.4981556025528804,2.2158457174828903,2.9403900618874563,1.162135348416426
2024-03-27,1.5075703378326908,2.2297705733626496,2.960268297578016,1.1719018254532705
2024-03-28,1.4872538409638463,2.2087362056687594,2.9337524878529986,1.1716779428498776
2024-04-01,1.4818950123214951,2.2007777533075505,2.9245787034611803,1.169639396075627
2024-04-02,1.4707954621043526,2.184293695404326,2.904065956491016,1.1622025969962972
2024-04-03,1.4831858822897324,2.2026948377736484,2.929913563878632,1.163479342360562
2024-04-04,1.4674359206776248,2.190999621566303,2.9157523741501796,1.1492777411739703
2024-04-05,1.4721788585797322,2.1980812085727264,2.9265649069374073,1.16128416156279
2024-04-08,1.4827309149627204,2.213836275772661,2.948935089481337,1.161933532844434
2024-04-09,1.476299314103114,2.2042333794206646,2.9375478301513347,1.1632775966209479
2024-04-10,1.4760447864909452,2.2040433643426356,2.9386934322874088,1.1516297654923973
2024-04-11,1.4974062389908496,2.219991920939981,2.961357327537563,1.1603208937427016
2024-04-12,1.4680573515630913,2.198236203860122,2.9337464676696965,1.1443049775471417
2024-04-15,1.4282203019442106,2.168410650848193,2.895338572272194,1.1299688792008074
2024-04-16,1.4188686727986244,2.161311545684071,2.88723832869841,1.1279080558980221
2024-04-17,1.4018486454656833,2.1483485483722804,2.8712962824450803,1.121232918563922
2024-04-18,1.400153138913106,2.1470493571033917,2.8709271800548772,1.1189257266320756
2024-04-19,1.3697368029678918,2.123728559998545,2.841110882951137,1.1091593194276088
2024-04-22,1.3973641534061458,2.1451461757900163,2.8711161463355475,1.119373701335995
2024-04-23,1.4238511830867422,2.165476792647788,2.8996943397156603,1.1326569369214574
2024-04-24,1.423399537716434,2.165133348199545,2.9006152552508913,1.132119367276754
2024-04-25,1.423168057511607,2.164957295904445,2.901760644480327,1.127818460957238
2024-04-26,1.4432726178069315,2.180249064948369,2.923638476307771,1.1385033035952117
2024-04-29,1.4478946836110496,2.1837401776194003,2.9297121462721916,1.142535355259998
2024-04-30,1.3978069090370506,2.1459685472021954,2.880432718542172,1.1244360599036067
2024-05-01,1.3865244193671462,2.137307884628125,2.8701795528554634,1.1207848740276243
2024-05-02,1.4140903886011464,2.158554161494325,2.9000778188377874,1.1312680407583622
2024-05-03,1.444621968155436,2.2051594341382477,2.964074294069745,1.145290521895764
2024-05-06,1.474664512184327,2.2510182130099357,3.0271270278099003,1.15711761273826
2024-05-07,1.4546797759140353,2.2205122877944494,2.9875447214192508,1.1583944279349028
2024-05-08,1.4561858333998712,2.222811226164801,2.9920604233193284,1.1585065089013549
2024-05-09,1.4563532458064123,2.2229901101490337,2.993726004435481,1.1651817160678328
2024-05-10,1.4408280367872424,2.206401641420795,2.972811709190182,1.166682623365002
2024-05-13,1.4562069924617274,2.2299520944777633,3.00595821240351,1.1668392573885238
2024-05-14,1.4833259203075386,2.259021956924495,3.046575571290703,1.1721930264689115
2024-05-15,1.5116364878833568,2.2892027385206632,3.0887289059938103,1.18670810519968
2024-05-16,1.502115708747089,2.2791100372049664,3.0765820545483793,1.1842666256052246
2024-05-17,1.5307896435663113,2.30956424029363,3.1191573749066186,1.1859689993124962
2024-05-20,1.5432262201863411,2.3226987365503873,3.138381341905748,1.1873351999527895
2024-05-21,1.548145761833139,2.3278817933910303,3.1468790458459153,1.1902472101092103
2024-05-22,1.527490201103724,2.306140563683986,3.1189873129773478,1.18682025599851
2024-05-23,1.5099809567501525,2.2876362583667835,3.095446016107161,1.1781514042767403
2024-05-24,1.5441694925727398,2.3238934400703104,3.1459803500552055,1.1859465132868279
2024-05-28,1.5487140274003734,2.3286809393101504,3.1539595328207235,1.186775423611929
2024-05-29,1.540851291860868,2.3168583548576693,3.1394489400433963,1.1784648119885393
2024-05-30,1.539165408042621,2.314323422362718,3.1375089663643285,1.170647426449917
2024-05-31,1.537618895287654,2.3119980513057152,3.135850532100545,1.1813097830622223
2024-06-03,1.541602765343707,2.317988287140146,3.1454685780223244,1.1822729112175545
2024-06-04,1.5397566325724876,2.3152124007468458,3.143199592097669,1.183594698465534
2024-06-05,1.5759178496741528,2.369585212974971,3.2185144627477933,1.1976617326600052
2024-06-06,1.5851257644741532,2.3834304389535492,3.2388525149688867,1.1976392466343369
2024-06-07,1.5715156393863008,2.362965951441346,3.2125855572664443,1.1961832415561264
2024-06-10,1.580518555484497,2.3765029368015607,3.2325196554256217,1.1998793296510677
2024-06-11,1.5809123448533884,2.377095047275939,3.2348643392567737,1.2027689934465762
2024-06-12,1.5998249812744763,2.405532509045312,3.275103805427041,1.2126472022879835
2024-06-13,1.6029915756614206,2.4088654623876713,3.281201154870631,1.2150891008767062
2024-06-14,1.5979556026428816,2.403568062725288,3.275547855486797,1.2158284860934012
2024-06-17,1.6219094603331516,2.4287892322369586,3.3114786858714944,1.2255050190275727
2024-06-18,1.624261874980651,2.4312551303981915,3.316417654513981,1.228618565426474
2024-06-20,1.6123357442149842,2.4187590994689914,3.300951360600895,1.2252808570946683
2024-06-21,1.5960184500886951,2.4016241307431554,3.279138648695437,1.2236383995675932
2024-06-24,1.5874819663411437,2.3926323814616395,3.2684229546113763,1.2196606076603977
2024-06-25,1.6092036067902562,2.41554938524075,3.3012848081203523,1.2243575333947112
2024-06-26,1.6145997458422063,2.421219424892803,3.3106059824616683,1.2258854658221092
2024-06-27,1.6296468957459391,2.437014494978133,3.333779534851779,1.2278180070467806
2024-06-28,1.6234544189178852,2.4305322262851883,3.3264994550824403,1.2229864444879686
2024-07-01,1.6366520166573673,2.4443632463428493,3.347013052187313,1.2255036223800153
2024-07-02,1.6490939788970593,2.4573708206048734,3.3664178544471435,1.2337506865395598
2024-07-03,1.6695435652219706,2.478701655693678,3.3972425907034802,1.2392564108741533
2024-07-05,1.6778622881610887,2.4873469782395414,3.4107093745078965,1.2464029167587531
2024-07-08,1.676520498502738,2.485954582967905,3.4104242362941264,1.247840905083478
2024-07-09,1.6889350254880895,2.4988404171688723,3.4297260290645846,1.249054452145787
2024-07-10,1.7044218053553981,2.5148796925797963,3.453373571061116,1.261414084701781
2024-07-11,1.678236049836728,2.476242528597356,3.401962390950544,1.2505375521866038
2024-07-12,1.680465906929106,2.478545641366126,3.4067464827484133,1.258425258929723
2024-07-15,1.7268339786005125,2.5264179409623804,3.474168938685292,1.261886151576059
2024-07-16,1.7485351281068955,2.5486426144934207,3.506385259463053,1.2693695288514162
2024-07-17,1.7153681416822686,2.5002988359571274,3.4415443027852777,1.2515713507083222
2024-07-18,1.7038905976296879,2.483569313391685,3.4201557287428903,1.2419529183125235
2024-07-19,1.7071995729526108,2.488392433832759,3.4284263564615465,1.2337057144882233
2024-07-22,1.7246875551118261,2.5138826947122945,3.4651785948185903,1.2464249837901542
2024-07-23,1.7135008902094466,2.4975771539050418,3.444352845529435,1.2444703755340816
2024-07-24,1.6470226193600608,2.449128211901795,3.379178160207804,1.2162673127558215
2024-07-25,1.645295042476433,2.4478437555639805,3.3790150674367414,1.2099300244657685
2024-07-26,1.667305103379675,2.464216864565904,3.4032256391341686,1.223480857723159
2024-07-29,1.6590520584050974,2.4581180130212315,3.3964233569743807,1.224199991550277
2024-07-30,1.6362929682072345,2.4412576229894913,3.374744414511329,1.2179978987437452
2024-07-31,1.6759814300826332,2.4708641060523013,3.4172788299715706,1.2377956571942483
2024-08-01,1.6266861803386838,2.434526632078857,3.3686502941906036,1.2202674510239293
2024-08-02,1.5644160580614568,2.3879293618435025,3.305777851069045,1.1975479058841056
2024-08-05,1.507569458754307,2.3445439520265308,3.247290569748796,1.1626711722516803
2024-08-06,1.5379037001590423,2.3681315757382606,3.281506735288635,1.1733900930900458
2024-08-07,1.5102694882110976,2.3468553898893667,3.2535870653095684,1.165547428230641
2024-08-08,1.57485284577396,2.3970344479901455,3.324702644877886,1.1924919020628777
2024-08-09,1.5860945094931995,2.4055897410323013,3.3381520846888715,1.1977502801151199
2024-08-12,1.5858378828608415,2.4053951314455517,3.3394716280562853,1.198379469839565
2024-08-13,1.6184776678083954,2.454903079674561,3.4097950043435548,1.2180875635169064
2024-08-14,1.6253877347715535,2.465384252820178,3.4259767866391844,1.2219304392700923
2024-08-15,1.67174880930074,2.535704620473342,3.5253276354915593,1.2428747057001668
2024-08-16,1.6856566199920404,2.556799954673311,3.556334686131552,1.2456611572412102
2024-08-19,1.7154900953105985,2.602051299127199,3.6209697185483942,1.25757134861335
2024-08-20,1.6990227850633992,2.5770737220843554,3.5879356243390848,1.2555263772603373
2024-08-21,1.70860290206852,2.5916048207873486,3.6098751139793,1.2598411802230458
2024-08-22,1.6834818635757847,2.553501289310175,3.5585192702984014,1.249953194848739
2024-08-23,1.7297517977845107,2.6026287776723755,3.6286770990617505,1.2632343354628657
2024-08-26,1.7167789038700367,2.58896523417884,3.6113548449074555,1.2602230236651393
2024-08-27,1.7138954840596807,2.5859214225736245,3.608828716370952,1.2619534699883075
2024-08-28,1.685706775698865,2.556149683367815,3.568998725124155,1.2546276345573841
2024-08-29,1.695963356369688,2.567036599804574,3.5858989977725875,1.254739785356214
2024-08-30,1.7137676039040555,2.5859007506228875,3.6139579419448316,1.2667175744701147
2024-09-03,1.6537909596343776,2.495402103616438,3.4892013580959262,1.2406498461418076
2024-09-04,1.6537267816690717,2.4953052656039327,3.490727478592913,1.238110461553604
2024-09-05,1.6502052200093706,2.4926484266841045,3.4886730299563515,1.235099010091122
2024-09-06,1.5950775916986961,2.4510130608795264,3.4320620746948802,1.2143121458407256
2024-09-09,1.6429571387412927,2.487799169518111,3.4852066043975065,1.2279079511494526
2024-09-10,1.6512006071784748,2.494040383439152,3.495609665467132,1.233256412969124
2024-09-11,1.6782269519529207,2.514451227218878,3.5258817745881945,1.2459083638588058
2024-09-12,1.6980523113412729,2.5441551353739036,3.5692129830071853,1.2564029132671333
2024-09-13,1.7249331507704124,2.56429262619796,3.5991636345582894,1.2629647824843577
2024-09-16,1.7258258022863946,2.5656196455663194,3.602740086284849,1.2648300052967798
2024-09-17,1.731053922866937,2.5733917908506574,3.615369616996148,1.2653466252281276
2024-09-18,1.732037416489004,2.574853856462796,3.6191452840821925,1.261594112571882
2024-09-19,1.7837080295951573,2.651667599720068,3.7288360168468886,1.2831223173455533
2024-09-20,1.7800118296738208,2.6461728139082217,3.7228847587535703,1.2809044410249795
2024-09-23,1.7963375338092795,2.6631617145501645,3.7485591440664647,1.28410513823144
2024-09-24,1.8018938588838629,2.6689279886237194,3.758460547322184,1.2877794386244914
2024-09-25,1.7956021817195227,2.6624046169847344,3.7510638923635926,1.2849390764877464
2024-09-26,1.8093330907786884,2.676656139528363,3.77292909422936,1.290033627781548
2024-09-27,1.8275587073687947,2.6955297212662184,3.8013293257780116,1.288162678714142
2024-09-30,1.8308962866929135,2.6989756193160486,3.807999007318502,1.293324548420193
2024-10-01,1.8044639909968956,2.671700406888547,3.771329598391841,1.28173823961653
2024-10-02,1.815641633292059,2.6882500923447497,3.7964867411415484,1.2822793008801259
2024-10-03,1.8226890896023444,2.698684599204217,3.813030745818524,1.27993502795564
2024-10-04,1.8728761088557242,2.7729918064573256,3.919836760003175,1.2915663088106397
2024-10-07,1.8640615524065864,2.759940920338676,3.9032549196842603,1.2798899162395478
2024-10-08,1.905076459666978,2.8206678425509315,3.990996848675177,1.2919945209516273
2024-10-09,1.9194398989657937,2.8419344385098593,4.022987685716007,1.3009435401733385
2024-10-10,1.9160416744211797,2.836903006492461,4.017780995825829,1.298667004655369
2024-10-11,1.9447224131485676,2.8793678834366077,4.079835363001954,1.3064433985881923
2024-10-14,1.9649544179951879,2.909323513391309,4.1242228877313645,1.3171281713937881
2024-10-15,1.9360985329804645,2.8665993137843255,4.065621479161977,1.3068943760843592
2024-10-16,1.940366219746975,2.8729180768782125,4.076519222839506,1.3125746813635821
2024-10-17,1.9371376234232278,2.868137797440733,4.07167745807714,1.312687390821435
2024-10-18,1.974770491861001,2.9238572523144404,4.152717031503135,1.3177368303991446
2024-10-21,1.9818192481443215,2.934293683921924,4.169517246034681,1.3155727250095166
2024-10-22,1.9944895863775849,2.95305346410159,4.1981596487342925,1.3148738425719755
2024-10-23,1.9634761888872778,2.9071348383449886,4.134879317019533,1.3028596009568365
2024-10-24,2.018897443037986,2.9891918857582302,4.253559779816828,1.3056771977384016
2024-10-25,2.025150441568817,2.9984501135768222,4.268759555978222,1.305226080577479
2024-10-28,2.0467379910773467,3.0304127712377276,4.316296107310505,1.3092612746992687
2024-10-29,2.0454201761858135,3.0284616064599987,4.315572391424288,1.3113801287080487
2024-10-30,2.0371612334125593,3.016233365343598,4.300202123345076,1.3074129513222865
2024-10-31,1.982469467947561,2.9757448843388974,4.244525972183849,1.281783351332622
2024-11-01,1.9724921374014968,2.9682567512776235,4.235866294610537,1.2871932656448029
2024-11-04,1.9656265821433638,2.9630910194706845,4.230511589252319,1.2844206409145742
2024-11-05,2.0331122636422507,3.0139567888413255,4.305149006438084,1.299951780743087
2024-11-06,2.162360280743803,3.205558573727341,4.580883901571419,1.3322756521383832
2024-11-07,2.184149122847465,3.237859115981549,4.629224167488029,1.3425770451895729
2024-11-08,2.2244863279570977,3.2976564008423783,4.716921790602783,1.3483928252818282
2024-11-11,2.3033805933284732,3.4146120215274482,4.886459634869453,1.349677601369546
2024-11-12,2.3010551426252173,3.411164692002399,4.883853240591825,1.3454848654033225
2024-11-13,2.283919012958161,3.3857614935326965,4.849808464807315,1.3461386361247714
2024-11-14,2.268913664713036,3.3635170400309984,4.8202546550951,1.337482773225282
2024-11-15,2.281389745981032,3.382012019628657,4.849055160835816,1.3203513546259171
2024-11-18,2.3233797610369105,3.444259487810514,4.940613298617727,1.3257614086028535
2024-11-19,2.3689585764167664,3.511827119218808,5.039888267824237,1.3306076359610144
2024-11-20,2.392662381182845,3.5364246641756583,5.077588607843059,1.3310586134571813
2024-11-21,2.376028326721226,3.519214732407533,5.055296535447148,1.3382041416884913
2024-11-22,2.416084685800357,3.560744898184087,5.11736124854927,1.3423517659386224
2024-11-25,2.3984492825463843,3.54255157045301,5.093651358682161,1.346904976639317
2024-11-26,2.3782643681534514,3.512738098597467,5.0532096604441215,1.35393793507753
2024-11-27,2.3979851143895976,3.5418659859610866,5.097517543670694,1.3498354225434912
2024-11-29,2.42050324884082,3.575125664681146,5.14781286373584,1.3582206151464267
2024-12-02,2.4281284037190143,3.586388151899561,5.166481025208427,1.360655111503097
2024-12-03,2.44878191986398,3.6168937567448074,5.212887035349218,1.3612863961988775
2024-12-04,2.4744697828010906,3.65483517991838,5.270052846809597,1.3697391865435735
2024-12-05,2.4710505196061705,3.6497848683320138,5.265280149761453,1.3674851370512724
2024-12-06,2.5194627143855377,3.699838829666502,5.3399966489059745,1.370077454581888
2024-12-09,2.4675059707896847,3.646429782005286,5.2654539478484725,1.3630220101180068
2024-12-10,2.4531869575761927,3.631617540902693,5.246572392768203,1.3587841624356911
2024-12-11,2.5109164608666954,3.691440145654013,5.335496058121928,1.369288488376918
2024-12-12,2.495940026008911,3.669422442662128,5.306213047840537,1.3622331835777928
2024-12-13,2.5536198836930653,3.754220860120191,5.431363601086378,1.361962513281239
2024-12-16,2.601047608219914,3.823947037420012,5.534825282259055,1.3677781537087388
2024-12-17,2.5726620089779337,3.782215764303851,5.477058584745598,1.3621428204808523
2024-12-18,2.449817895195568,3.69191572837255,5.348902463369245,1.3215461866109621
2024-12-19,2.4400435391234576,3.6845506709558116,5.340778954962258,1.3211403208308874
2024-12-20,2.4905326273601474,3.7226708112229137,5.398577561800031,1.3370086113796686
2024-12-23,2.4999296524569163,3.729693813181566,5.411332995661267,1.3450150331651358
2024-12-24,2.5671873806452905,3.7798653715024755,5.486702661968099,1.3599648882804098
2024-12-26,2.568139563028313,3.7805663567994734,5.49033289997712,1.3600553910421058
2024-12-27,2.5186331022031827,3.7441270481781386,5.440028306141368,1.3457387759291923
2024-12-30,2.4725475083567043,3.709872293426243,5.392848359852885,1.3303817980510422
2024-12-31,2.44310706653503,3.6877857047861227,5.363310257952592,1.3255415762773766
2025-01-02,2.437595829461121,3.683626193814368,5.359814853989423,1.322284873503879
2025-01-03,2.51516464972246,3.742236102537651,5.447646771483129,1.3388178286250538
2025-01-06,2.560097497199553,3.7756632032320625,5.498901377585853,1.3465302560997647
2025-01-07,2.4913581870365817,3.7249744141758274,5.427696407484671,1.3313090323641585
2025-01-08,2.4759823763244526,3.7134797800846897,5.413532081815573,1.3332540037520875
2025-01-10,2.4403270249564373,3.6867418219265438,5.377131205766828,1.3128987035968152
2025-01-13,2.4395125774274367,3.6861266056591697,5.3787944484634345,1.3149343174111958
2025-01-14,2.454905054289193,3.6977556948083934,5.398324941324793,1.316743534656581
2025-01-15,2.5577726172884536,3.775228979615678,5.513998221580207,1.340695341935978
2025-01-16,2.5578629368304044,3.7752956346713105,5.516721289606074,1.3381168512161772
2025-01-17,2.6187077018994027,3.8201977622736276,5.584962372723429,1.3515514833968225
