datetime,UPRO_weighted_mom,TQQQ_weighted_mom,URTY_weighted_mom,UPRO_abs_mom,TQQQ_abs_mom,URTY_abs_mom,top_equity,all_equity_negative,spy_vol_20d,vol_position_size,is_friday,is_rebalance_day,corr_breakdown,alloc_UPRO,alloc_TQQQ,alloc_URTY,alloc_CASH
2024-06-28 04:00:00,0.24947099070415238,0.33020037855544554,-0.08004541616514162,1,1,0,TQQQ,False,7.0491204145991375,0.9,True,True,False,0.0,0.9,0.0,0.09999999999999998
2024-07-01 04:00:00,0.2633876992322677,0.3591195912333819,-0.09450758525519125,1,1,0,TQQQ,False,6.536771610190355,0.9,False,False,False,0.0,0.9,0.0,0.09999999999999998
2024-07-02 04:00:00,0.2969222885124829,0.42539553803686936,-0.050303371258604894,1,1,0,TQQQ,False,6.765563638633817,0.9,False,False,False,0.0,0.9,0.0,0.09999999999999998
2024-07-03 04:00:00,0.3226002626300215,0.48878743225271404,-0.04807223357711644,1,1,0,TQQQ,False,6.813007095613935,0.9,False,False,False,0.0,0.9,0.0,0.09999999999999998
2024-07-05 04:00:00,0.37889763858691333,0.583487566321277,-0.009235281922837535,1,1,0,TQQQ,False,5.943895284327814,0.9,True,True,False,0.0,0.9,0.0,0.09999999999999998
2024-07-08 04:00:00,0.3667911157779371,0.5716700725040418,0.0015891879528799023,1,1,1,TQQQ,False,5.909689698817493,0.9,False,False,False,0.0,0.9,0.0,0.09999999999999998
2024-07-09 04:00:00,0.3672791247770333,0.5727977219758036,-0.00960451932420359,1,1,0,TQQQ,False,5.8068040505182985,0.9,False,False,False,0.0,0.9,0.0,0.09999999999999998
2024-07-10 04:00:00,0.37924713093239754,0.5705165147705069,-0.0003737637940292235,1,1,0,TQQQ,False,6.44237539045603,0.9,False,False,False,0.0,0.9,0.0,0.09999999999999998
2024-07-11 04:00:00,0.3594605277783478,0.4747771157776126,0.15363334786130423,1,1,1,TQQQ,False,7.527652761081471,0.9,False,False,False,0.0,0.9,0.0,0.09999999999999998
2024-07-12 04:00:00,0.3614524233407568,0.45626647327243436,0.18834131117482858,1,1,1,TQQQ,False,7.340349951314909,0.9,True,True,False,0.0,0.9,0.0,0.09999999999999998
2024-07-15 04:00:00,0.3898337132204707,0.4820198032084748,0.284844394209507,1,1,1,TQQQ,False,7.349129398148657,0.9,False,False,False,0.0,0.9,0.0,0.09999999999999998
2024-07-16 04:00:00,0.43276093280223343,0.5086206533090775,0.45229807684861095,1,1,1,TQQQ,False,7.482017530724259,0.9,False,False,False,0.0,0.9,0.0,0.09999999999999998
2024-07-17 04:00:00,0.3819761939866215,0.372656624591867,0.4483434258437835,1,1,1,URTY,False,9.063489617124716,0.9,False,False,False,0.0,0.0,0.9,0.09999999999999998
2024-07-18 04:00:00,0.36511825474958076,0.3771979822593027,0.38788229390670137,1,1,1,URTY,False,9.533671661724204,0.9,False,False,False,0.0,0.0,0.9,0.09999999999999998
2024-07-19 04:00:00,0.32368738294165617,0.32500092009122916,0.3569252163635165,1,1,1,URTY,False,9.801576147900889,0.9,True,True,False,0.0,0.0,0.9,0.09999999999999998
2024-07-22 04:00:00,0.3586698443034415,0.3928549997343356,0.40610623765001463,1,1,1,URTY,False,10.2551519491967,0.9,False,False,False,0.0,0.0,0.9,0.09999999999999998
2024-07-23 04:00:00,0.3365193567363097,0.3596144386677249,0.3946819743143812,1,1,1,URTY,False,10.181038874303674,0.9,False,False,False,0.0,0.0,0.9,0.09999999999999998
2024-07-24 04:00:00,0.22555231967843642,0.19157322344712582,0.2802714898318741,1,1,1,URTY,False,13.128793353993103,0.9,False,False,False,0.0,0.0,0.9,0.09999999999999998
2024-07-25 04:00:00,0.2031094670293142,0.13337707836495,0.3516092734944372,1,1,1,URTY,False,13.227655811779346,0.9,False,False,False,0.0,0.0,0.9,0.09999999999999998
2024-07-26 04:00:00,0.2396494095393014,0.1727084046346613,0.41745005402786267,1,1,1,URTY,False,13.865432744399303,0.9,True,True,False,0.0,0.0,0.9,0.09999999999999998
2024-07-29 04:00:00,0.22913755125406288,0.16479613359710293,0.34663906236523484,1,1,1,URTY,False,13.794026910444087,0.9,False,False,False,0.0,0.0,0.9,0.09999999999999998
2024-07-30 04:00:00,0.19527829632070282,0.0995497533651867,0.31833990340565277,1,1,1,URTY,False,13.89040009320818,0.9,False,False,True,0.0,0.0,0.0,1.0
2024-07-31 04:00:00,0.27841478199062314,0.23441636534079835,0.397404330837425,1,1,1,URTY,False,14.901721269706622,0.9,False,False,False,0.0,0.0,0.9,0.09999999999999998
2024-08-01 04:00:00,0.2523011353849048,0.18042984840184256,0.29423462570766423,1,1,1,URTY,False,15.64394322589904,0.75,False,False,False,0.0,0.0,0.75,0.25
2024-08-02 04:00:00,0.1471415649426872,0.05916327794995324,0.1145471319631704,1,1,1,UPRO,False,16.663213314126853,0.75,True,True,False,0.75,0.0,0.0,0.25
2024-08-05 04:00:00,0.014865166202334135,-0.08321783599127792,0.0049558248985514435,1,0,1,UPRO,False,19.190723363594163,0.75,False,False,False,0.75,0.0,0.0,0.25
2024-08-06 04:00:00,0.03481829882295389,-0.06899601261073361,0.035758632148791096,1,0,1,URTY,False,19.660805418483214,0.75,False,False,False,0.0,0.0,0.75,0.25
2024-08-07 04:00:00,0.008362481696772096,-0.09736120048001871,-0.012383703499181765,1,0,0,UPRO,False,19.08574808758388,0.75,False,False,False,0.75,0.0,0.0,0.25
2024-08-08 04:00:00,0.061467387506778354,-0.031145749251862795,0.06383109478175425,1,0,1,URTY,False,21.242190652799298,0.75,False,False,False,0.0,0.0,0.75,0.25
2024-08-09 04:00:00,0.07205732252412274,-0.01115930591097003,0.005766190486716491,1,0,1,UPRO,False,21.150820206354773,0.75,True,True,False,0.75,0.0,0.0,0.25
2024-08-12 04:00:00,0.06077392391832176,-0.022610620790571682,-0.03838247825309782,1,0,0,UPRO,False,21.093874559695518,0.75,False,False,False,0.75,0.0,0.0,0.25
2024-08-13 04:00:00,0.11211398727583247,0.05114620947707894,-0.025008686007976743,1,1,0,UPRO,False,21.963227044389583,0.75,False,False,False,0.75,0.0,0.0,0.25
2024-08-14 04:00:00,0.13481704099004388,0.06591880511458548,-0.015307679422870299,1,1,0,UPRO,False,21.55554899250025,0.75,False,False,False,0.75,0.0,0.0,0.25
2024-08-15 04:00:00,0.1702570779283295,0.12612383486035525,0.020227839163989382,1,1,1,UPRO,False,22.338211700584733,0.75,False,False,False,0.75,0.0,0.0,0.25
2024-08-16 04:00:00,0.17470581536577956,0.13149159400752372,0.01398340767387354,1,1,1,UPRO,False,22.203168385203885,0.75,True,True,False,0.75,0.0,0.0,0.25
2024-08-19 04:00:00,0.2187213233507464,0.19649635987516345,0.07179039936886725,1,1,1,UPRO,False,22.161199726058467,0.75,False,False,False,0.75,0.0,0.0,0.25
2024-08-20 04:00:00,0.2140565482559685,0.1829693899273743,0.042161680379608754,1,1,1,UPRO,False,22.161935075677942,0.75,False,False,False,0.75,0.0,0.0,0.25
2024-08-21 04:00:00,0.22263150857579878,0.20552875493811254,0.0853093822498867,1,1,1,UPRO,False,20.405320171851614,0.75,False,False,False,0.75,0.0,0.0,0.25
2024-08-22 04:00:00,0.18062209578861477,0.12887649983680957,0.06875330240849907,1,1,1,UPRO,False,20.547212216765026,0.75,False,False,False,0.75,0.0,0.0,0.25
2024-08-23 04:00:00,0.23119376876641118,0.18366025161913282,0.18449433831375509,1,1,1,UPRO,False,20.513006907877994,0.75,True,True,False,0.75,0.0,0.0,0.25
2024-08-26 04:00:00,0.2116647696568934,0.13119036355598085,0.15136610570273337,1,1,1,UPRO,False,20.561047836512046,0.75,False,False,False,0.75,0.0,0.0,0.25
2024-08-27 04:00:00,0.21235118868928085,0.13164478902210613,0.11311740252041856,1,1,1,UPRO,False,20.413524416566364,0.75,False,False,False,0.75,0.0,0.0,0.25
2024-08-28 04:00:00,0.20645084183970053,0.11859451997544102,0.12097763007185364,1,1,1,UPRO,False,19.84325813613327,0.75,False,False,False,0.75,0.0,0.0,0.25
2024-08-29 04:00:00,0.2006925649851266,0.09832969053038401,0.11864019141109086,1,1,1,UPRO,False,19.051957601187507,0.75,False,False,False,0.75,0.0,0.0,0.25
2024-08-30 04:00:00,0.21686510226078465,0.13522764729399506,0.1318171629452095,1,1,1,UPRO,False,17.688979168731592,0.75,True,True,False,0.75,0.0,0.0,0.25
2024-09-03 04:00:00,0.1545008910103396,0.04507734640193877,0.05866086103929163,1,1,1,UPRO,False,15.79815415492167,0.75,False,False,False,0.75,0.0,0.0,0.25
2024-09-04 04:00:00,0.18178295381476794,0.07848009653998217,0.10514202127423374,1,1,1,UPRO,False,15.744145494615527,0.75,False,False,False,0.75,0.0,0.0,0.25
2024-09-05 04:00:00,0.1441600380851462,0.043827103988945154,0.05289236328739842,1,1,1,UPRO,False,15.476863424022772,0.75,False,False,False,0.75,0.0,0.0,0.25
2024-09-06 04:00:00,0.07756275679600888,-0.050186011729058816,-0.0002420150524710344,1,0,0,UPRO,False,15.062218817452585,0.75,True,True,False,0.75,0.0,0.0,0.25
2024-09-09 04:00:00,0.10873845536869556,-0.01339116368165256,0.009089142944803986,1,0,1,UPRO,False,15.456456738351829,0.75,False,False,False,0.75,0.0,0.0,0.25
2024-09-10 04:00:00,0.11768599036531333,0.011068588802834612,0.012850203533753081,1,1,1,UPRO,False,15.491111741403838,0.75,False,False,False,0.75,0.0,0.0,0.25
2024-09-11 04:00:00,0.1331733699108677,0.04852738320221213,0.037063782027931855,1,1,1,UPRO,False,14.840417809744391,0.9,False,False,False,0.9,0.0,0.0,0.09999999999999998
2024-09-12 04:00:00,0.1427292044145968,0.059477384382253945,0.042357839324905694,1,1,1,UPRO,False,15.050154244322814,0.75,False,False,False,0.75,0.0,0.0,0.25
2024-09-13 04:00:00,0.15891213879228155,0.07093992920681737,0.1608449142518286,1,1,1,URTY,False,13.955410491790035,0.9,True,True,False,0.0,0.0,0.9,0.09999999999999998
2024-09-16 04:00:00,0.1680223678268291,0.05354216069485964,0.17806617184808593,1,1,1,URTY,False,13.947848026245685,0.9,False,False,False,0.0,0.0,0.9,0.09999999999999998
2024-09-17 04:00:00,0.14870436010051377,0.029605417297497445,0.2012414626642928,1,1,1,URTY,False,13.55830878243468,0.9,False,False,False,0.0,0.0,0.9,0.09999999999999998
2024-09-18 04:00:00,0.1211803248833387,0.005083363536220301,0.18555177429590408,1,1,1,URTY,False,13.592414063082693,0.9,False,False,False,0.0,0.0,0.9,0.09999999999999998
2024-09-19 04:00:00,0.16905220313189137,0.07427138568270225,0.24530773569740158,1,1,1,URTY,False,14.81821941020133,0.9,False,False,False,0.0,0.0,0.9,0.09999999999999998
2024-09-20 04:00:00,0.15127746879064016,0.061735320025954256,0.1813279265188573,1,1,1,URTY,False,14.615073495672556,0.9,True,True,False,0.0,0.0,0.9,0.09999999999999998
2024-09-23 04:00:00,0.17223148194803917,0.08971188056108712,0.18683359893392285,1,1,1,URTY,False,14.191951553716573,0.9,False,False,False,0.0,0.0,0.9,0.09999999999999998
2024-09-24 04:00:00,0.17468572593579,0.09050853621325868,0.17547108407408338,1,1,1,URTY,False,14.162663753804521,0.9,False,False,False,0.0,0.0,0.9,0.09999999999999998
2024-09-25 04:00:00,0.1695814082706482,0.10204015320114114,0.12672651676495686,1,1,1,UPRO,False,14.205946648668553,0.9,False,False,False,0.9,0.0,0.0,0.09999999999999998
2024-09-26 04:00:00,0.16771028767242596,0.1167323427315099,0.10687479682700136,1,1,1,UPRO,False,14.026729170191354,0.9,False,False,False,0.9,0.0,0.0,0.09999999999999998
2024-09-27 04:00:00,0.17198757803440806,0.1145218474476074,0.12345569259027553,1,1,1,UPRO,False,14.054630699678317,0.9,True,True,False,0.9,0.0,0.0,0.09999999999999998
2024-09-30 04:00:00,0.1858864166836748,0.11440644907850843,0.15290735803615135,1,1,1,UPRO,False,13.752632388782049,0.9,False,False,False,0.9,0.0,0.0,0.09999999999999998
2024-10-01 04:00:00,0.14911030743538042,0.061518123287410374,0.12255516125792848,1,1,1,UPRO,False,11.826713705194473,0.9,False,False,False,0.9,0.0,0.0,0.09999999999999998
2024-10-02 04:00:00,0.15658743715822934,0.07421545522640352,0.12892146185706654,1,1,1,UPRO,False,11.760702372099807,0.9,False,False,False,0.9,0.0,0.0,0.09999999999999998
2024-10-03 04:00:00,0.16355119291459405,0.0859610098598198,0.1273914938177872,1,1,1,UPRO,False,11.734982103095467,0.9,False,False,False,0.9,0.0,0.0,0.09999999999999998
2024-10-04 04:00:00,0.17903096269251306,0.10350092985510649,0.16312686849571711,1,1,1,UPRO,False,9.759485312100011,0.9,True,True,False,0.9,0.0,0.0,0.09999999999999998
2024-10-07 04:00:00,0.15665621572538554,0.08650178076819404,0.14769701110193467,1,1,1,UPRO,False,10.129022717328965,0.9,False,False,False,0.9,0.0,0.0,0.09999999999999998
2024-10-08 04:00:00,0.1675696700020692,0.1089515250897299,0.12932558848195347,1,1,1,UPRO,False,10.447224570787034,0.9,False,False,False,0.9,0.0,0.0,0.09999999999999998
2024-10-09 04:00:00,0.2165644722119546,0.16768972418552514,0.129502188737188,1,1,1,UPRO,False,10.169384060157643,0.9,False,False,False,0.9,0.0,0.0,0.09999999999999998
2024-10-10 04:00:00,0.18315406241736892,0.11763698345299423,0.0852881504253297,1,1,1,UPRO,False,9.960065111821525,0.9,False,False,False,0.9,0.0,0.0,0.09999999999999998
2024-10-11 04:00:00,0.2186925679521468,0.1388634767832413,0.14725792633588786,1,1,1,UPRO,False,10.001418932932182,0.9,True,True,False,0.9,0.0,0.0,0.09999999999999998
2024-10-14 04:00:00,0.2600296415941554,0.1925851916131249,0.14252298794286966,1,1,1,UPRO,False,10.273299095507856,0.9,False,False,False,0.9,0.0,0.0,0.09999999999999998
2024-10-15 04:00:00,0.2515144591503974,0.18331913026529173,0.16132984281506263,1,1,1,UPRO,False,10.825486789084403,0.9,False,False,False,0.9,0.0,0.0,0.09999999999999998
2024-10-16 04:00:00,0.28896432999990107,0.21036084472154198,0.25750334084852394,1,1,1,UPRO,False,10.737524376669796,0.9,False,False,False,0.9,0.0,0.0,0.09999999999999998
2024-10-17 04:00:00,0.30438286200253123,0.2371456343815769,0.255218048743457,1,1,1,UPRO,False,9.1158201461771,0.9,False,False,False,0.9,0.0,0.0,0.09999999999999998
2024-10-18 04:00:00,0.3110010822606692,0.2664576761959484,0.21233796947925612,1,1,1,UPRO,False,8.90177604639445,0.9,True,True,False,0.9,0.0,0.0,0.09999999999999998
2024-10-21 04:00:00,0.2927254052517146,0.26061590970349285,0.13096374083611628,1,1,1,UPRO,False,8.95722706260635,0.9,False,False,False,0.9,0.0,0.0,0.09999999999999998
2024-10-22 04:00:00,0.30125085197220547,0.2880469698700597,0.1202848480593561,1,1,1,UPRO,False,8.956045105331798,0.9,False,False,False,0.9,0.0,0.0,0.09999999999999998
2024-10-23 04:00:00,0.27222094272070957,0.23559771189247294,0.08133944550399758,1,1,1,UPRO,False,9.605394306847668,0.9,False,False,False,0.9,0.0,0.0,0.09999999999999998
2024-10-24 04:00:00,0.27271130574987834,0.2593228458347113,0.0895281897537849,1,1,1,UPRO,False,9.54552773735542,0.9,False,False,False,0.9,0.0,0.0,0.09999999999999998
2024-10-25 04:00:00,0.25179363374232283,0.24836577017435438,0.07191293492426412,1,1,1,UPRO,False,9.521769789144043,0.9,True,True,False,0.9,0.0,0.0,0.09999999999999998
2024-10-28 04:00:00,0.2655675290877644,0.26576965130798813,0.10339074698247953,1,1,1,TQQQ,False,9.484740533431909,0.9,False,False,False,0.0,0.9,0.0,0.09999999999999998
2024-10-29 04:00:00,0.27537756329914714,0.2942956305061816,0.11770531232744466,1,1,1,TQQQ,False,8.783818884303098,0.9,False,False,False,0.0,0.9,0.0,0.09999999999999998
2024-10-30 04:00:00,0.29573585800000174,0.32292106466406606,0.1585598293320692,1,1,1,TQQQ,False,8.906522408302548,0.9,False,False,False,0.0,0.9,0.0,0.09999999999999998
2024-10-31 04:00:00,0.2304076514944343,0.23546348605060327,0.12147347998220202,1,1,1,TQQQ,False,11.506711977816355,0.9,False,False,False,0.0,0.9,0.0,0.09999999999999998
2024-11-01 04:00:00,0.27328122347977785,0.28023547269797344,0.1779250657601093,1,1,1,TQQQ,False,11.125767258743828,0.9,True,True,False,0.0,0.9,0.0,0.09999999999999998
2024-11-04 05:00:00,0.22939485128714135,0.23026385572157704,0.15345231004635296,1,1,1,TQQQ,False,10.654130808222451,0.9,False,False,False,0.0,0.9,0.0,0.09999999999999998
2024-11-05 05:00:00,0.28873508206872744,0.30221467803661795,0.23925007984764857,1,1,1,TQQQ,False,10.993399072337667,0.9,False,False,False,0.0,0.9,0.0,0.09999999999999998
2024-11-06 05:00:00,0.340764646101956,0.3482720163054066,0.4218862161614241,1,1,1,URTY,False,13.88501542921361,0.9,False,False,False,0.0,0.0,0.9,0.09999999999999998
2024-11-07 05:00:00,0.34999634947967945,0.3937605190787731,0.3915281982931294,1,1,1,TQQQ,False,14.022652052442316,0.9,False,False,False,0.0,0.9,0.0,0.09999999999999998
2024-11-08 05:00:00,0.36556500436968575,0.39151683987946645,0.4563061890445553,1,1,1,URTY,False,13.967699771656141,0.9,True,True,False,0.0,0.0,0.9,0.09999999999999998
2024-11-11 05:00:00,0.33907498073325,0.34424901984268147,0.4725450907355809,1,1,1,URTY,False,13.751407678919891,0.9,False,False,False,0.0,0.0,0.9,0.09999999999999998
2024-11-12 05:00:00,0.3085411772572346,0.3199165570537729,0.3832530175351955,1,1,1,URTY,False,13.441552455359524,0.9,False,False,False,0.0,0.0,0.9,0.09999999999999998
2024-11-13 05:00:00,0.2693522815124835,0.2611162336220912,0.2810518907761982,1,1,1,URTY,False,13.40254025937027,0.9,False,False,False,0.0,0.0,0.9,0.09999999999999998
2024-11-14 05:00:00,0.24224693408999642,0.2361641200935815,0.22598780130393084,1,1,1,UPRO,False,13.677398197905127,0.9,False,False,False,0.9,0.0,0.0,0.09999999999999998
2024-11-15 05:00:00,0.17922276277111876,0.13124901394041816,0.15478095672745126,1,1,1,UPRO,False,14.467890636782698,0.9,True,True,False,0.9,0.0,0.0,0.09999999999999998
2024-11-18 05:00:00,0.1917962164908327,0.14313122623654598,0.1764788850313515,1,1,1,UPRO,False,14.517559220891144,0.9,False,False,False,0.9,0.0,0.0,0.09999999999999998
2024-11-19 05:00:00,0.19722649674168297,0.15636696077440831,0.19603057935453855,1,1,1,UPRO,False,14.556981826937312,0.9,False,False,False,0.9,0.0,0.0,0.09999999999999998
2024-11-20 05:00:00,0.2145172903010287,0.1760436907578708,0.22926404915672807,1,1,1,URTY,False,14.094546640496466,0.9,False,False,False,0.0,0.0,0.9,0.09999999999999998
2024-11-21 05:00:00,0.23737995035146747,0.19103282755477813,0.2752696487270384,1,1,1,URTY,False,14.172063648978646,0.9,False,False,False,0.0,0.0,0.9,0.09999999999999998
2024-11-22 05:00:00,0.2399181510554809,0.1908541502010184,0.32450596398343423,1,1,1,URTY,False,14.172774638301068,0.9,True,True,False,0.0,0.0,0.9,0.09999999999999998
2024-11-25 05:00:00,0.24963953234158598,0.18273628990277932,0.4026735697459498,1,1,1,URTY,False,14.177819895447122,0.9,False,False,False,0.0,0.0,0.9,0.09999999999999998
2024-11-26 05:00:00,0.28784474130306004,0.22947428571214004,0.3979207885131995,1,1,1,URTY,False,14.240836683476427,0.9,False,False,False,0.0,0.0,0.9,0.09999999999999998
2024-11-27 05:00:00,0.2865552861883488,0.21358947738640838,0.37770624718973106,1,1,1,URTY,False,14.241045187504724,0.9,False,False,False,0.0,0.0,0.9,0.09999999999999998
2024-11-29 05:00:00,0.2829593023194205,0.23638390510235402,0.37038855435665086,1,1,1,URTY,False,11.888434137887085,0.9,True,True,False,0.0,0.0,0.9,0.09999999999999998
2024-12-02 05:00:00,0.3343333053122836,0.3355121042044539,0.443843963937047,1,1,1,URTY,False,11.884630686264945,0.9,False,False,False,0.0,0.0,0.9,0.09999999999999998
2024-12-03 05:00:00,0.3344627199775884,0.34230948425505237,0.4355453204371043,1,1,1,URTY,False,11.77557116851062,0.9,False,False,False,0.0,0.0,0.9,0.09999999999999998
2024-12-04 05:00:00,0.3444887035302389,0.3599503482734921,0.4279786443695433,1,1,1,URTY,False,11.3462840046126,0.9,False,False,False,0.0,0.0,0.9,0.09999999999999998
2024-12-05 05:00:00,0.3577240640511903,0.3896669996886279,0.41069278147465466,1,1,1,URTY,False,7.810985754459969,0.9,False,False,False,0.0,0.0,0.9,0.09999999999999998
2024-12-06 05:00:00,0.3330528866939661,0.38663638964382935,0.4075251358445991,1,1,1,URTY,False,7.441176378865157,0.9,True,True,False,0.0,0.0,0.9,0.09999999999999998
2024-12-09 05:00:00,0.2955307416240598,0.3218287015679103,0.3836464043202532,1,1,1,URTY,False,7.640742887653025,0.9,False,False,False,0.0,0.0,0.9,0.09999999999999998
2024-12-10 05:00:00,0.2611784211839798,0.2618919112261098,0.3677034823353293,1,1,1,URTY,False,7.747682471799762,0.9,False,False,False,0.0,0.0,0.9,0.09999999999999998
2024-12-11 05:00:00,0.2635136815648331,0.29322380255902786,0.32929975166842124,1,1,1,URTY,False,8.055736890589456,0.9,False,False,False,0.0,0.0,0.9,0.09999999999999998
2024-12-12 05:00:00,0.23496571926122425,0.2539608357118119,0.26636580756839867,1,1,1,URTY,False,8.33693059508242,0.9,False,False,False,0.0,0.0,0.9,0.09999999999999998
2024-12-13 05:00:00,0.2307842217275136,0.2830066858367634,0.26944101741427245,1,1,1,TQQQ,False,7.922372692432199,0.9,True,True,False,0.0,0.9,0.0,0.09999999999999998
2024-12-16 05:00:00,0.23743274188301955,0.32357984283344804,0.2733941841424022,1,1,1,TQQQ,False,6.109362271786522,0.9,False,False,False,0.0,0.9,0.0,0.09999999999999998
2024-12-17 05:00:00,0.23099949919100904,0.3309685363150534,0.2244729161907648,1,1,1,TQQQ,False,6.3848381085468935,0.9,False,False,False,0.0,0.9,0.0,0.09999999999999998
2024-12-18 05:00:00,0.1005034585125206,0.15686611249227828,0.04422187079578213,1,1,1,TQQQ,False,12.707095120160622,0.9,False,False,False,0.0,0.9,0.0,0.09999999999999998
2024-12-19 05:00:00,0.11015084656372093,0.14344427331547344,0.035352207021782406,1,1,1,TQQQ,False,12.704784177602365,0.9,False,False,False,0.0,0.9,0.0,0.09999999999999998
2024-12-20 05:00:00,0.14020795839153571,0.1910229155214612,0.061638314767218844,1,1,1,TQQQ,False,12.948414036916239,0.9,True,True,False,0.0,0.9,0.0,0.09999999999999998
2024-12-23 05:00:00,0.14784264026862384,0.19392726175332897,0.049654099366852035,1,1,1,TQQQ,False,13.085359113197661,0.9,False,False,False,0.0,0.9,0.0,0.09999999999999998
2024-12-24 05:00:00,0.185341879842379,0.2368797147752491,0.09239423727606565,1,1,1,TQQQ,False,13.629564000894836,0.9,False,False,False,0.0,0.9,0.0,0.09999999999999998
2024-12-26 05:00:00,0.17563347943826307,0.21828328205415337,0.09631561652704625,1,1,1,TQQQ,False,13.507473510450899,0.9,False,False,False,0.0,0.9,0.0,0.09999999999999998
2024-12-27 05:00:00,0.14337333751101997,0.18185938344370572,0.03777894441309248,1,1,1,TQQQ,False,13.990757989047248,0.9,True,True,False,0.0,0.9,0.0,0.09999999999999998
2024-12-30 05:00:00,0.09784221813761314,0.12787347044638003,0.022486760252526827,1,1,1,TQQQ,False,14.300834848477026,0.9,False,False,False,0.0,0.9,0.0,0.09999999999999998
2024-12-31 05:00:00,0.08457415714281684,0.09980383117191201,0.03610055056586116,1,1,1,TQQQ,False,14.281849569185903,0.9,False,False,False,0.0,0.9,0.0,0.09999999999999998
2025-01-02 05:00:00,0.06890626794930843,0.07462126473419271,0.040892618079378516,1,1,1,TQQQ,False,14.267960747268681,0.9,False,False,False,0.0,0.9,0.0,0.09999999999999998
2025-01-03 05:00:00,0.10307485348613385,0.11329277259321792,0.10682249564066527,1,1,1,TQQQ,False,14.885333000589295,0.9,True,True,False,0.0,0.9,0.0,0.09999999999999998
2025-01-06 05:00:00,0.10494988628868467,0.12379973212181697,0.07842745633972453,1,1,1,TQQQ,False,15.09105891497187,0.75,False,False,False,0.0,0.75,0.0,0.25
2025-01-07 05:00:00,0.07895005490731033,0.07943120526034278,0.07442046331246442,1,1,1,TQQQ,False,15.489269929314206,0.75,False,False,False,0.0,0.75,0.0,0.25
2025-01-08 05:00:00,0.0572075162884034,0.04206121103058474,0.04327752100530374,1,1,1,UPRO,False,15.463593356060173,0.75,False,False,False,0.75,0.0,0.0,0.25
2025-01-10 05:00:00,0.014488952333111475,0.014182043977682808,-0.0692019840153918,1,1,0,UPRO,False,16.242616280873634,0.75,True,True,False,0.75,0.0,0.0,0.25
2025-01-13 05:00:00,0.014827390862190513,0.0006678017541623671,-0.06903209156724736,1,1,0,UPRO,False,15.904578225098277,0.75,False,False,False,0.75,0.0,0.0,0.25
2025-01-14 05:00:00,0.004237858737946132,-0.01651713241716364,-0.08423137250152127,1,0,0,UPRO,False,15.909544323888259,0.75,False,False,False,0.75,0.0,0.0,0.25
2025-01-15 05:00:00,0.043921073575756926,0.04351523142635197,-0.06974559690305512,1,1,0,UPRO,False,17.424405017501595,0.75,False,False,False,0.75,0.0,0.0,0.25
2025-01-16 05:00:00,0.06721401857224235,0.07509602011961442,-0.04949891628428085,1,1,0,TQQQ,False,17.31919003766832,0.75,False,False,False,0.0,0.75,0.0,0.25
2025-01-17 05:00:00,0.10262034374848877,0.12842751131444083,-0.035205068134514655,1,1,0,TQQQ,False,17.727785758842636,0.75,True,True,False,0.0,0.75,0.0,0.25
2025-01-21 05:00:00,0.1454054245781792,0.1631303467621227,0.0387932082947262,1,1,1,TQQQ,False,14.236025136359162,0.9,False,False,False,0.0,0.9,0.0,0.09999999999999998
2025-01-22 05:00:00,0.16374095169517633,0.19927031150294092,0.030393239913309694,1,1,1,TQQQ,False,14.294434648716637,0.9,False,False,False,0.0,0.9,0.0,0.09999999999999998
2025-01-23 05:00:00,0.18763752765381228,0.2124569610070381,0.0546208483514592,1,1,1,TQQQ,False,14.13618741581438,0.9,False,False,False,0.0,0.9,0.0,0.09999999999999998
2025-01-24 05:00:00,0.20957499558989456,0.24513574860477372,0.07214862524307133,1,1,1,TQQQ,False,14.122021595561401,0.9,True,True,False,0.0,0.9,0.0,0.09999999999999998
2025-01-27 05:00:00,0.17494136707135327,0.17012841855137656,0.03941819136881444,1,1,1,UPRO,False,14.594792011697946,0.9,False,False,False,0.9,0.0,0.0,0.09999999999999998
2025-01-28 05:00:00,0.17783107351033964,0.1866081777465543,0.015448169837396941,1,1,1,TQQQ,False,14.919450914023985,0.9,False,False,False,0.0,0.9,0.0,0.09999999999999998
2025-01-29 05:00:00,0.16149015554606394,0.16886638021133735,0.020275911075266384,1,1,1,TQQQ,False,14.485392501504748,0.9,False,False,False,0.0,0.9,0.0,0.09999999999999998
2025-01-30 05:00:00,0.19083491681463183,0.214554573851876,0.035782509971057676,1,1,1,TQQQ,False,13.84929025018323,0.9,False,False,False,0.0,0.9,0.0,0.09999999999999998
2025-01-31 05:00:00,0.15242866515243503,0.15929700528633622,0.010169462698479006,1,1,1,TQQQ,False,13.943865144112044,0.9,True,True,False,0.0,0.9,0.0,0.09999999999999998
2025-02-03 05:00:00,0.15727957237049583,0.18585271338369572,0.015632055056492615,1,1,1,TQQQ,False,14.17958127330935,0.9,False,False,False,0.0,0.9,0.0,0.09999999999999998
2025-02-04 05:00:00,0.2407365052412554,0.31108564705497804,0.12988405562250638,1,1,1,TQQQ,False,13.70538632209953,0.9,False,False,False,0.0,0.9,0.0,0.09999999999999998
2025-02-05 05:00:00,0.29597236088446344,0.3677127707456501,0.2026751678696845,1,1,1,TQQQ,False,13.637678736980327,0.9,False,False,True,0.0,0.0,0.0,1.0
2025-02-06 05:00:00,0.292114772723371,0.36755728546039357,0.16691961218456733,1,1,1,TQQQ,False,12.890212411151108,0.9,False,False,True,0.0,0.0,0.0,1.0
2025-02-07 05:00:00,0.25974561914812344,0.3304103718828403,0.1276840443347068,1,1,1,TQQQ,False,13.435033869288493,0.9,True,True,False,0.0,0.9,0.0,0.09999999999999998
2025-02-10 05:00:00,0.21303175271042393,0.28497144484075393,0.050364883968986626,1,1,1,TQQQ,False,12.113114645258312,0.9,False,False,False,0.0,0.9,0.0,0.09999999999999998
2025-02-11 05:00:00,0.20900606462210036,0.2567575022842569,0.05350072431452642,1,1,1,TQQQ,False,12.120981924106058,0.9,False,False,False,0.0,0.9,0.0,0.09999999999999998
2025-02-12 05:00:00,0.19013776417716602,0.2557488747380836,0.029243237876152857,1,1,1,TQQQ,False,12.263690916277042,0.9,False,False,False,0.0,0.9,0.0,0.09999999999999998
2025-02-13 05:00:00,0.19840302574626462,0.26752996993373507,0.0184055837557005,1,1,1,TQQQ,False,11.161855585777285,0.9,False,False,False,0.0,0.9,0.0,0.09999999999999998
2025-02-14 05:00:00,0.1851254937463482,0.26989050120715713,0.030883028943914283,1,1,1,TQQQ,False,11.106782712663085,0.9,True,True,False,0.0,0.9,0.0,0.09999999999999998
2025-02-18 05:00:00,0.1691799758276322,0.24284607572542494,0.021034428509308516,1,1,1,TQQQ,False,10.66203947545202,0.9,False,False,False,0.0,0.9,0.0,0.09999999999999998
2025-02-19 05:00:00,0.17581252275760112,0.2403076541544354,0.018984003337145693,1,1,1,TQQQ,False,10.252312843659606,0.9,False,False,False,0.0,0.9,0.0,0.09999999999999998
2025-02-20 05:00:00,0.15813645135752935,0.23525831607442735,-0.020087576815425032,1,1,0,TQQQ,False,10.23428037270798,0.9,False,False,False,0.0,0.9,0.0,0.09999999999999998
2025-02-21 05:00:00,0.09265932584195355,0.14464508526232478,-0.08926635060955262,1,1,0,TQQQ,False,11.75888746769311,0.9,True,True,False,0.0,0.9,0.0,0.09999999999999998
2025-02-24 05:00:00,0.06535536526637097,0.08744510809447152,-0.1332160745648166,1,1,0,TQQQ,False,11.812299486910037,0.9,False,False,False,0.0,0.9,0.0,0.09999999999999998
2025-02-25 05:00:00,0.06184329259458361,0.07290249754744364,-0.1327209183429275,1,1,0,TQQQ,False,10.854547665649468,0.9,False,False,False,0.0,0.9,0.0,0.09999999999999998
2025-02-26 05:00:00,0.05066123706923311,0.07842255484629752,-0.17219647280464292,1,1,0,TQQQ,False,10.332239749843511,0.9,False,False,False,0.0,0.9,0.0,0.09999999999999998
2025-02-27 05:00:00,-0.0046247976747412,-0.008136232350167825,-0.2261304538066729,0,0,0,UPRO,True,11.598977034180736,0.9,False,False,False,0.0,0.0,0.0,1.0
2025-02-28 05:00:00,0.03871897715399739,0.03392786689054393,-0.2043215373665916,1,1,0,UPRO,False,12.88735952094536,0.9,True,True,False,0.9,0.0,0.0,0.09999999999999998
2025-03-03 05:00:00,-0.016686419875624494,-0.026840182002250825,-0.26184520361960506,0,0,0,UPRO,True,14.114685316224973,0.9,False,False,False,0.0,0.0,0.0,1.0
2025-03-04 05:00:00,-0.045729832519937924,-0.024341625041432315,-0.29059826064490535,0,0,0,TQQQ,True,14.47818567567462,0.9,False,False,False,0.0,0.0,0.0,1.0
2025-03-05 05:00:00,-0.030165339098011824,-0.0074399911199876136,-0.2722539362693933,0,0,0,TQQQ,True,14.856841373497861,0.9,False,False,False,0.0,0.0,0.0,1.0
2025-03-06 05:00:00,-0.060326226161446214,-0.0652867276448604,-0.2806450229173889,0,0,0,UPRO,True,15.757334643385157,0.75,False,False,False,0.0,0.0,0.0,1.0
2025-03-07 05:00:00,-0.04437043875438562,-0.04632952628422948,-0.27132168191240547,0,0,0,UPRO,True,15.884336363978068,0.75,True,True,False,0.0,0.0,0.0,1.0
2025-03-10 04:00:00,-0.12510228000175383,-0.1710654430179675,-0.3226386134504999,0,0,0,UPRO,True,17.93260725451001,0.75,False,False,False,0.0,0.0,0.0,1.0
2025-03-11 04:00:00,-0.11982867337107449,-0.13401793097767642,-0.2905802051949272,0,0,0,UPRO,True,17.592927428034972,0.75,False,False,False,0.0,0.0,0.0,1.0
2025-03-12 04:00:00,-0.12465606419849765,-0.13442327732409493,-0.29402984284807365,0,0,0,UPRO,True,17.833588015873758,0.75,False,False,False,0.0,0.0,0.0,1.0
2025-03-13 04:00:00,-0.16055060757596087,-0.18480811256498542,-0.31912773649372234,0,0,0,UPRO,True,18.13923870205061,0.75,False,False,False,0.0,0.0,0.0,1.0
2025-03-14 04:00:00,-0.11646457871100915,-0.14919227096053417,-0.26551447162379954,0,0,0,UPRO,True,19.54541734299837,0.75,True,True,False,0.0,0.0,0.0,1.0
2025-03-17 04:00:00,-0.11865449887150663,-0.16621009504939788,-0.25935559490912263,0,0,0,UPRO,True,19.939590687275704,0.75,False,False,False,0.0,0.0,0.0,1.0
2025-03-18 04:00:00,-0.14840332136814652,-0.21013671551493873,-0.2963521503471975,0,0,0,UPRO,True,19.944819668020422,0.75,False,False,False,0.0,0.0,0.0,1.0
2025-03-19 04:00:00,-0.1235275877153273,-0.1807031441749004,-0.2638887223981534,0,0,0,UPRO,True,20.539475269518228,0.75,False,False,False,0.0,0.0,0.0,1.0
2025-03-20 04:00:00,-0.13676127312828257,-0.20148253107951553,-0.28856607601965023,0,0,0,UPRO,True,20.541425815232714,0.75,False,False,False,0.0,0.0,0.0,1.0
2025-03-21 04:00:00,-0.13431470831628922,-0.18294587114325805,-0.28625792766595404,0,0,0,UPRO,True,19.924948733395638,0.75,True,True,False,0.0,0.0,0.0,1.0
2025-03-24 04:00:00,-0.0661519003995425,-0.11710283434027145,-0.19309037522390607,0,0,0,UPRO,True,21.245834092368945,0.75,False,False,False,0.0,0.0,0.0,1.0
2025-03-25 04:00:00,-0.05090135871181907,-0.08920254881650233,-0.18845583804478816,0,0,0,UPRO,True,21.265109939909085,0.75,False,False,False,0.0,0.0,0.0,1.0
2025-03-26 04:00:00,-0.0941979529112588,-0.14288710832683735,-0.2166002740114314,0,0,0,UPRO,True,21.56463840981673,0.75,False,False,False,0.0,0.0,0.0,1.0
2025-03-27 04:00:00,-0.11101880464725483,-0.17134250643532062,-0.22781683668465896,0,0,0,UPRO,True,20.94182542456772,0.75,False,False,False,0.0,0.0,0.0,1.0
2025-03-28 04:00:00,-0.16455270183411144,-0.23511666067954543,-0.26119689205524177,0,0,0,UPRO,True,20.918487913412996,0.75,True,True,False,0.0,0.0,0.0,1.0
2025-03-31 04:00:00,-0.1597992895715566,-0.24940434594220226,-0.2896500550754807,0,0,0,UPRO,True,20.492170680808464,0.75,False,False,False,0.0,0.0,0.0,1.0
2025-04-01 04:00:00,-0.13150781985580673,-0.2030923471745843,-0.2686697707028454,0,0,0,UPRO,True,20.222673732737817,0.75,False,False,False,0.0,0.0,0.0,1.0
2025-04-02 04:00:00,-0.1010056873163291,-0.1748173445884907,-0.22295806786805994,0,0,0,UPRO,True,19.931683809504356,0.75,False,False,False,0.0,0.0,0.0,1.0
2025-04-03 04:00:00,-0.2269543085224985,-0.2934508072118449,-0.3679763662817177,0,0,0,UPRO,True,25.65387829054001,0.5,False,False,False,0.0,0.0,0.0,1.0
2025-04-04 04:00:00,-0.35413863578875027,-0.4146033127552686,-0.4460871263496793,0,0,0,UPRO,True,32.065766507980186,0.5,True,True,False,0.0,0.0,0.0,1.0
2025-04-07 04:00:00,-0.36723188298951404,-0.4225810391550121,-0.4668367663204802,0,0,0,UPRO,True,31.178990302759686,0.5,False,False,False,0.0,0.0,0.0,1.0
2025-04-08 04:00:00,-0.39671580772131576,-0.4530721146314891,-0.5073474706939117,0,0,0,UPRO,True,31.38850656093076,0.5,False,False,False,0.0,0.0,0.0,1.0
2025-04-09 04:00:00,-0.1828176677082012,-0.23011690338011292,-0.3705020024744137,0,0,0,UPRO,True,50.2241804548356,0.5,False,False,False,0.0,0.0,0.0,1.0
2025-04-10 04:00:00,-0.3018372724783465,-0.34560870596284066,-0.4482412728502855,0,0,0,UPRO,True,52.37998944074579,0.5,False,False,False,0.0,0.0,0.0,1.0
2025-04-11 04:00:00,-0.25041235518117544,-0.29455360347688503,-0.40366163769376723,0,0,0,UPRO,True,52.22801252150989,0.5,True,True,False,0.0,0.0,0.0,1.0
2025-04-14 04:00:00,-0.2386640295548871,-0.2883709046991954,-0.3908438261161293,0,0,0,UPRO,True,52.28248589824981,0.5,False,False,False,0.0,0.0,0.0,1.0
2025-04-15 04:00:00,-0.25522704558457715,-0.2896357872567521,-0.41487120576394937,0,0,0,UPRO,True,52.18128652646558,0.5,False,False,False,0.0,0.0,0.0,1.0
2025-04-16 04:00:00,-0.3205135788849761,-0.36823512783902435,-0.44386734081578544,0,0,0,UPRO,True,52.451068881853466,0.5,False,False,False,0.0,0.0,0.0,1.0
2025-04-17 04:00:00,-0.3146440897232835,-0.3590882254829861,-0.43855386886893033,0,0,0,UPRO,True,52.47773967495378,0.5,False,False,False,0.0,0.0,0.0,1.0
2025-04-21 04:00:00,-0.3727253660212268,-0.4158158593395119,-0.4815843312624416,0,0,0,UPRO,True,52.99014718711007,0.5,False,False,False,0.0,0.0,0.0,1.0
2025-04-22 04:00:00,-0.32939102790935965,-0.3756401156515803,-0.4485133138414691,0,0,0,UPRO,True,53.51295012183049,0.5,False,False,False,0.0,0.0,0.0,1.0
2025-04-23 04:00:00,-0.31391086072170704,-0.3561498737996764,-0.42911382298552225,0,0,0,UPRO,True,53.91189966264688,0.5,False,False,False,0.0,0.0,0.0,1.0
2025-04-24 04:00:00,-0.27462934094619945,-0.30772049439185306,-0.3840834490846253,0,0,0,UPRO,True,54.46052200724738,0.5,False,False,False,0.0,0.0,0.0,1.0
2025-04-25 04:00:00,-0.24991766842929913,-0.271759556081525,-0.37403999614448713,0,0,0,UPRO,True,54.54353904842938,0.5,True,True,False,0.0,0.0,0.0,1.0
2025-04-28 04:00:00,-0.2269009049123047,-0.23057442166315614,-0.3501297286217938,0,0,0,UPRO,True,54.06891249623382,0.5,False,False,False,0.0,0.0,0.0,1.0
2025-04-29 04:00:00,-0.21043703948235937,-0.21980777092369835,-0.3302851721765793,0,0,0,UPRO,True,54.06241108976817,0.5,False,False,False,0.0,0.0,0.0,1.0
2025-04-30 04:00:00,-0.2089631808353725,-0.2241815723582324,-0.33587894197715895,0,0,0,UPRO,True,54.05296016344649,0.5,False,False,False,0.0,0.0,0.0,1.0
2025-05-01 04:00:00,-0.20138596421771468,-0.2022691483907933,-0.34263888176048574,0,0,0,UPRO,True,54.065477904081284,0.5,False,False,False,0.0,0.0,0.0,1.0
2025-05-02 04:00:00,-0.16613225780106092,-0.17923195493880179,-0.29749387743346917,0,0,0,UPRO,True,51.01865067046759,0.5,True,True,False,0.0,0.0,0.0,1.0
2025-05-05 04:00:00,-0.13883601924165562,-0.14166041953559746,-0.26089733318393027,0,0,0,UPRO,True,45.70858315932739,0.5,False,False,False,0.0,0.0,0.0,1.0
2025-05-06 04:00:00,-0.1006118265404792,-0.09762185939653997,-0.2489013135414633,0,0,0,TQQQ,True,45.91334655455291,0.5,False,False,False,0.0,0.0,0.0,1.0
2025-05-07 04:00:00,-0.0958188007843886,-0.10037339254696348,-0.2465737678060541,0,0,0,UPRO,True,45.23426500744676,0.5,False,False,False,0.0,0.0,0.0,1.0
2025-05-08 04:00:00,-0.06447112871273457,-0.057264489253041825,-0.1819135199191425,0,0,0,TQQQ,True,26.370523450993765,0.5,False,False,False,0.0,0.0,0.0,1.0
2025-05-09 04:00:00,-0.13940927769056036,-0.1420788902047373,-0.25138634411532224,0,0,0,UPRO,True,20.267736152690198,0.75,True,True,False,0.0,0.0,0.0,1.0
2025-05-12 04:00:00,-0.05119787674194863,-0.04060975935930805,-0.18094614484929955,0,0,0,TQQQ,True,22.289042770905038,0.75,False,False,False,0.0,0.0,0.0,1.0
2025-05-13 04:00:00,-0.05525019829448863,-0.02687952931828494,-0.17678249360717746,0,0,0,TQQQ,True,22.220132735294655,0.75,False,False,False,0.0,0.0,0.0,1.0
2025-05-14 04:00:00,-0.06025477051181287,-0.017051026241379746,-0.20530911122253404,0,0,0,TQQQ,True,22.093023469665468,0.75,False,False,False,0.0,0.0,0.0,1.0
2025-05-15 04:00:00,-0.05587206790853565,-0.028202394318210672,-0.21078862538930096,0,0,0,TQQQ,True,19.701843783583527,0.75,False,False,False,0.0,0.0,0.0,1.0
2025-05-16 04:00:00,-0.015496387594084171,0.011188596619328625,-0.1692365721050254,0,1,0,TQQQ,False,19.630878616191296,0.75,True,True,False,0.0,0.75,0.0,0.25
2025-05-19 04:00:00,-0.016994797258800404,0.013485684209649879,-0.18372519742508558,0,1,0,TQQQ,False,16.29957519033175,0.75,False,False,False,0.0,0.75,0.0,0.25
2025-05-20 04:00:00,-0.0005565829825240759,0.03624104041205939,-0.1509992196482203,0,1,0,TQQQ,False,15.142007536349544,0.75,False,False,False,0.0,0.75,0.0,0.25
2025-05-21 04:00:00,-0.05425525511226681,0.0006222493504624144,-0.22289569441624063,0,1,0,TQQQ,False,16.702670386615104,0.75,False,False,False,0.0,0.75,0.0,0.25
2025-05-22 04:00:00,-0.052052008161377124,-0.0002980845195520304,-0.2093459238426466,0,0,0,TQQQ,True,15.524137792588924,0.75,False,False,False,0.0,0.0,0.0,1.0
2025-05-23 04:00:00,-0.08555051363161509,-0.045233118980789626,-0.22919440894074222,0,0,0,TQQQ,True,15.847546929118153,0.75,True,True,False,0.0,0.0,0.0,1.0
2025-05-27 04:00:00,-0.028803490528738478,0.028117135465605528,-0.1680030192564338,0,1,0,TQQQ,False,17.081444436796613,0.75,False,False,False,0.0,0.75,0.0,0.25
2025-05-28 04:00:00,-0.05213770974137626,0.007951574900792173,-0.20944493604466946,0,1,0,TQQQ,False,17.363613526932483,0.75,False,False,False,0.0,0.75,0.0,0.25
2025-05-29 04:00:00,-0.030637149813509366,0.040535146384155715,-0.20384341395469274,0,1,0,TQQQ,False,17.33909332431031,0.75,False,False,False,0.0,0.75,0.0,0.25
2025-05-30 04:00:00,-0.0545394026425603,0.015780525163676312,-0.23182730039381666,0,1,0,TQQQ,False,17.337526730955517,0.75,True,True,False,0.0,0.75,0.0,0.25
2025-06-02 04:00:00,-0.0287858292799597,0.05137344995235514,-0.1949928486397344,0,1,0,TQQQ,False,16.785106753201582,0.75,False,False,False,0.0,0.75,0.0,0.25
2025-06-03 04:00:00,-0.004762026937829275,0.07824238338706384,-0.15910239529877532,0,1,0,TQQQ,False,16.548899002329676,0.75,False,False,False,0.0,0.75,0.0,0.25
2025-06-04 04:00:00,-0.020754560218286235,0.06509096903382293,-0.17459863266819373,0,1,0,TQQQ,False,16.06321053457758,0.75,False,False,False,0.0,0.75,0.0,0.25
2025-06-05 04:00:00,-0.009019536763441631,0.07315170793865851,-0.1477201753767238,0,1,0,TQQQ,False,16.31185524352688,0.75,False,False,False,0.0,0.75,0.0,0.25
2025-06-06 04:00:00,0.010982106255485121,0.08813594750972661,-0.10749512625100244,1,1,0,TQQQ,False,16.46461557944837,0.75,True,True,False,0.0,0.75,0.0,0.25
2025-06-09 04:00:00,0.038451265576747315,0.13120794351657122,-0.07172353959099498,1,1,0,TQQQ,False,16.408020495658498,0.75,False,False,False,0.0,0.75,0.0,0.25
2025-06-10 04:00:00,0.07057778954287977,0.16105489185065333,-0.04607979450450185,1,1,0,TQQQ,False,12.087936068676312,0.9,False,False,True,0.0,0.0,0.0,1.0
2025-06-11 04:00:00,0.030412842358625045,0.09453664540097352,-0.0855926915691157,1,1,0,TQQQ,False,12.04746659570413,0.9,False,False,False,0.0,0.9,0.0,0.09999999999999998
2025-06-12 04:00:00,0.06340470093887732,0.1298295356658717,-0.0744360478937829,1,1,0,TQQQ,False,12.086249581258086,0.9,False,False,False,0.0,0.9,0.0,0.09999999999999998
2025-06-13 04:00:00,0.00281730942901914,0.052275636143478986,-0.14586353871179925,1,1,0,TQQQ,False,12.793819995450256,0.9,True,True,False,0.0,0.9,0.0,0.09999999999999998
2025-06-16 04:00:00,0.009853498360581098,0.06669034216237586,-0.1453399545492122,1,1,0,TQQQ,False,13.031068325085252,0.9,False,False,False,0.0,0.9,0.0,0.09999999999999998
2025-06-17 04:00:00,4.385969221965295e-05,0.06539164006284222,-0.15429193188104404,1,1,0,TQQQ,False,13.439217812259896,0.9,False,False,False,0.0,0.9,0.0,0.09999999999999998
2025-06-18 04:00:00,-0.015017395287525884,0.03687694875044279,-0.15114651688172906,0,1,0,TQQQ,False,13.372637005236404,0.9,False,False,False,0.0,0.9,0.0,0.09999999999999998
2025-06-20 04:00:00,-0.029251626824909935,0.017004164352154884,-0.15379889510197717,0,1,0,TQQQ,False,11.945906992343978,0.9,True,True,False,0.0,0.9,0.0,0.09999999999999998
2025-06-23 04:00:00,0.018465360919456896,0.0537924004643537,-0.08420019446112335,1,1,0,TQQQ,False,12.349853947328922,0.9,False,False,False,0.0,0.9,0.0,0.09999999999999998
2025-06-24 04:00:00,0.06441470172343436,0.11445215407909629,-0.03527989026384435,1,1,0,TQQQ,False,12.386723282525649,0.9,False,False,False,0.0,0.9,0.0,0.09999999999999998
2025-06-25 04:00:00,0.06813410169719862,0.12687166134218303,-0.056008828913528055,1,1,0,TQQQ,False,10.301534512946215,0.9,False,False,False,0.0,0.9,0.0,0.09999999999999998
2025-06-26 04:00:00,0.0855663385012035,0.1604130545390685,-0.023179589388581105,1,1,0,TQQQ,False,10.182629860296448,0.9,False,False,False,0.0,0.9,0.0,0.09999999999999998
2025-06-27 04:00:00,0.10226676108391666,0.17479846843666066,-0.006506665106999772,1,1,0,TQQQ,False,10.214472630571379,0.9,True,True,False,0.0,0.9,0.0,0.09999999999999998
2025-06-30 04:00:00,0.1330666550270903,0.22706178547190237,0.01527736371630763,1,1,1,TQQQ,False,10.183676893594724,0.9,False,False,False,0.0,0.9,0.0,0.09999999999999998
2025-07-01 04:00:00,0.12259233596154169,0.19799314129383827,0.04723669684177647,1,1,1,TQQQ,False,10.15078237559254,0.9,False,False,False,0.0,0.9,0.0,0.09999999999999998
2025-07-02 04:00:00,0.14274409034248212,0.21993740577485923,0.10375940154501273,1,1,1,TQQQ,False,10.103848419681142,0.9,False,False,False,0.0,0.9,0.0,0.09999999999999998
2025-07-03 04:00:00,0.17118972814800354,0.2553051983189529,0.10792925967477068,1,1,1,TQQQ,False,10.27136412974601,0.9,False,False,False,0.0,0.9,0.0,0.09999999999999998
2025-07-07 04:00:00,0.23549038331338257,0.3450404815913838,0.17130942051416131,1,1,1,TQQQ,False,10.555197861626468,0.9,False,False,False,0.0,0.9,0.0,0.09999999999999998
2025-07-08 04:00:00,0.3631080680543622,0.5104783747369372,0.28669765308755585,1,1,1,TQQQ,False,10.16319504616742,0.9,False,False,False,0.0,0.9,0.0,0.09999999999999998
2025-07-09 04:00:00,0.36855660925408384,0.5084252956128713,0.32123133946960425,1,1,1,TQQQ,False,10.266537442475979,0.9,False,False,False,0.0,0.9,0.0,0.09999999999999998
2025-07-10 04:00:00,0.4079103763721994,0.5345982521332019,0.40014162059647507,1,1,1,TQQQ,False,10.181451094936044,0.9,False,False,True,0.0,0.0,0.0,1.0
2025-07-11 04:00:00,0.22396790971935815,0.3093100355650369,0.19004900378799064,1,1,1,TQQQ,False,10.224902957828998,0.9,True,True,False,0.0,0.9,0.0,0.09999999999999998
2025-07-14 04:00:00,0.31796018292976913,0.4216705412245622,0.31250268098665906,1,1,1,TQQQ,False,10.193923334880399,0.9,False,False,False,0.0,0.9,0.0,0.09999999999999998
2025-07-15 04:00:00,0.28579059677409285,0.40633203333695056,0.23400723493355094,1,1,1,TQQQ,False,9.287835155618364,0.9,False,False,False,0.0,0.9,0.0,0.09999999999999998
2025-07-16 04:00:00,0.286530968001643,0.4097677359772723,0.2591216745089683,1,1,1,TQQQ,False,8.882230095102154,0.9,False,False,False,0.0,0.9,0.0,0.09999999999999998
2025-07-17 04:00:00,0.30707488684172624,0.4333057438082403,0.2868115302201102,1,1,1,TQQQ,False,8.115180354903355,0.9,False,False,False,0.0,0.9,0.0,0.09999999999999998
2025-07-18 04:00:00,0.3310990064604567,0.4761790017428511,0.2656144207475341,1,1,1,TQQQ,False,8.143017288113446,0.9,True,True,False,0.0,0.9,0.0,0.09999999999999998
2025-07-21 04:00:00,0.338434173705698,0.5095356421260541,0.22855799520065792,1,1,1,TQQQ,False,7.6166061217596015,0.9,False,False,False,0.0,0.9,0.0,0.09999999999999998
2025-07-22 04:00:00,0.38144188416662733,0.5299691606556179,0.2987908210611616,1,1,1,TQQQ,False,7.195062233172836,0.9,False,False,False,0.0,0.9,0.0,0.09999999999999998
2025-07-23 04:00:00,0.34457926916912524,0.4737582669198305,0.27608874084217583,1,1,1,TQQQ,False,6.835315632139465,0.9,False,False,True,0.0,0.0,0.0,1.0
2025-07-24 04:00:00,0.30083746811179024,0.40520091451389467,0.19318991378622918,1,1,1,TQQQ,False,6.843185557179848,0.9,False,False,True,0.0,0.0,0.0,1.0
2025-07-25 04:00:00,0.27068839531857586,0.35185662974589726,0.17395075871323296,1,1,1,TQQQ,False,6.565210659496621,0.9,True,True,True,0.0,0.0,0.0,1.0
2025-07-28 04:00:00,0.25487138420224625,0.34276734874968307,0.16126565182572888,1,1,1,TQQQ,False,6.516673266459051,0.9,False,False,True,0.0,0.0,0.0,1.0
2025-07-29 04:00:00,0.25938208134697904,0.3763628964909046,0.14129557353145866,1,1,1,TQQQ,False,6.593567899926871,0.9,False,False,True,0.0,0.0,0.0,1.0
2025-07-30 04:00:00,0.2294740340040989,0.34415291907519474,0.11194538052673883,1,1,1,TQQQ,False,6.63422080558079,0.9,False,False,True,0.0,0.0,0.0,1.0
2025-07-31 04:00:00,0.22082927452870593,0.3311401578519153,0.08573986553256545,1,1,1,TQQQ,False,6.757890412823597,0.9,False,False,True,0.0,0.0,0.0,1.0
2025-08-01 04:00:00,0.1401331184102963,0.21946983209862203,-0.006857807294254871,1,1,0,TQQQ,False,8.671261874365063,0.9,True,True,False,0.0,0.9,0.0,0.09999999999999998
2025-08-04 04:00:00,0.16972025994596365,0.25590908005966007,0.028847741125710737,1,1,1,TQQQ,False,9.834815417788818,0.9,False,False,False,0.0,0.9,0.0,0.09999999999999998
2025-08-05 04:00:00,0.17445758843560133,0.256462764975039,0.07801213519622476,1,1,1,TQQQ,False,10.049124963978086,0.9,False,False,False,0.0,0.9,0.0,0.09999999999999998
2025-08-06 04:00:00,0.20763954999063491,0.305007101091057,0.07390646838088565,1,1,1,TQQQ,False,10.183339148598135,0.9,False,False,False,0.0,0.9,0.0,0.09999999999999998
2025-08-07 04:00:00,0.18868218346902074,0.30010787487732354,0.04161006584515451,1,1,1,TQQQ,False,10.165736622978708,0.9,False,False,False,0.0,0.9,0.0,0.09999999999999998
2025-08-08 04:00:00,0.1984804557404395,0.3105749256064272,0.019492268088538982,1,1,1,TQQQ,False,10.359826450152191,0.9,True,True,False,0.0,0.9,0.0,0.09999999999999998
2025-08-11 04:00:00,0.2076156837163144,0.31924115631285765,0.04125819079709729,1,1,1,TQQQ,False,10.411129816953393,0.9,False,False,False,0.0,0.9,0.0,0.09999999999999998
2025-08-12 04:00:00,0.1835073462530836,0.2778654432437401,0.07158921548104008,1,1,1,TQQQ,False,10.768267409532678,0.9,False,False,False,0.0,0.9,0.0,0.09999999999999998
2025-08-13 04:00:00,0.18710211771625912,0.25679278860199484,0.1487273612354536,1,1,1,TQQQ,False,10.769971060142968,0.9,False,False,False,0.0,0.9,0.0,0.09999999999999998
2025-08-14 04:00:00,0.18752011817969352,0.2424463091234109,0.12218955025053148,1,1,1,TQQQ,False,10.650189173765666,0.9,False,False,False,0.0,0.9,0.0,0.09999999999999998
2025-08-15 04:00:00,0.15418803603439457,0.19995736421947627,0.07549991529651812,1,1,1,TQQQ,False,10.707085058317944,0.9,True,True,False,0.0,0.9,0.0,0.09999999999999998
2025-08-18 04:00:00,0.1444291007796931,0.1866784600982195,0.08029783869409478,1,1,1,TQQQ,False,10.71698130690599,0.9,False,False,False,0.0,0.9,0.0,0.09999999999999998
2025-08-19 04:00:00,0.11931864102610211,0.13090160299181847,0.05837048352196402,1,1,1,TQQQ,False,10.966729764389223,0.9,False,False,False,0.0,0.9,0.0,0.09999999999999998
2025-08-20 04:00:00,0.112380028991597,0.11865683907179121,0.044931220140357955,1,1,1,TQQQ,False,10.649125777353632,0.9,False,False,False,0.0,0.9,0.0,0.09999999999999998
2025-08-21 04:00:00,0.12495311597669431,0.12734990761811585,0.09945312153295073,1,1,1,TQQQ,False,10.75996060046224,0.9,False,False,False,0.0,0.9,0.0,0.09999999999999998
2025-08-22 04:00:00,0.19919625195423776,0.20343575969925082,0.2771180225667544,1,1,1,URTY,False,11.980796803995744,0.9,True,True,False,0.0,0.0,0.9,0.09999999999999998
2025-08-25 04:00:00,0.1980290490155842,0.22346786743055055,0.2495175603489837,1,1,1,URTY,False,12.112824385728013,0.9,False,False,False,0.0,0.0,0.9,0.09999999999999998
2025-08-26 04:00:00,0.1880659493345692,0.2179013842545395,0.24400971483744976,1,1,1,URTY,False,12.123590618495378,0.9,False,False,False,0.0,0.0,0.9,0.09999999999999998
2025-08-27 04:00:00,0.20629842896106604,0.22801066055054617,0.29181245537521816,1,1,1,URTY,False,12.108873863498754,0.9,False,False,True,0.0,0.0,0.0,1.0
2025-08-28 04:00:00,0.23749616698826526,0.29238320029729636,0.3173756327291413,1,1,1,URTY,False,12.00738217262473,0.9,False,False,False,0.0,0.0,0.9,0.09999999999999998
2025-08-29 04:00:00,0.19763363883468338,0.2294732839431133,0.30088923575017384,1,1,1,URTY,False,10.432133669449792,0.9,True,True,False,0.0,0.0,0.9,0.09999999999999998
2025-09-02 04:00:00,0.19858395420087466,0.2336131051981715,0.33143572652926234,1,1,1,URTY,False,9.657104885816283,0.9,False,False,False,0.0,0.0,0.9,0.09999999999999998
2025-09-03 04:00:00,0.21790765032942488,0.24455447742149475,0.3028480661935791,1,1,1,URTY,False,9.538105962599028,0.9,False,False,False,0.0,0.0,0.9,0.09999999999999998
2025-09-04 04:00:00,0.23595870271316546,0.2575984172181217,0.3371578408803708,1,1,1,URTY,False,9.603217179327395,0.9,False,False,False,0.0,0.0,0.9,0.09999999999999998
2025-09-05 04:00:00,0.2558785495366067,0.3152205085710502,0.3830206704381508,1,1,1,URTY,False,9.691190887921081,0.9,True,True,False,0.0,0.0,0.9,0.09999999999999998
2025-09-08 04:00:00,0.2413846304638777,0.3044454569977527,0.36157738556215063,1,1,1,URTY,False,9.388931832959328,0.9,False,False,False,0.0,0.0,0.9,0.09999999999999998
2025-09-09 04:00:00,0.28937914740261905,0.38453154878060414,0.36953946648892494,1,1,1,TQQQ,False,9.336498416800854,0.9,False,False,True,0.0,0.0,0.0,1.0
2025-09-10 04:00:00,0.3080715739021996,0.3824616796287715,0.354162034642752,1,1,1,TQQQ,False,8.671066414540139,0.9,False,False,True,0.0,0.0,0.0,1.0
2025-09-11 04:00:00,0.32878712784825853,0.38195322463283615,0.4117630046971942,1,1,1,URTY,False,9.03673558423868,0.9,False,False,False,0.0,0.0,0.9,0.09999999999999998
2025-09-12 04:00:00,0.34403047677629656,0.4342648106435487,0.3903893188374581,1,1,1,TQQQ,False,9.04366112851947,0.9,True,True,False,0.0,0.9,0.0,0.09999999999999998
2025-09-15 04:00:00,0.3466412882853412,0.4438044799845116,0.4061365249590352,1,1,1,TQQQ,False,9.080360309141849,0.9,False,False,False,0.0,0.9,0.0,0.09999999999999998
2025-09-16 04:00:00,0.31434729815255047,0.40781850910350137,0.35413850891135806,1,1,1,TQQQ,False,9.116257274358938,0.9,False,False,False,0.0,0.9,0.0,0.09999999999999998
2025-09-17 04:00:00,0.34254970435588805,0.45096995594128286,0.3997017526615342,1,1,1,TQQQ,False,8.823332341977183,0.9,False,False,False,0.0,0.9,0.0,0.09999999999999998
2025-09-18 04:00:00,0.34610281521525815,0.47242792636366443,0.47221173199498756,1,1,1,TQQQ,False,8.747810664247574,0.9,False,False,False,0.0,0.9,0.0,0.09999999999999998
2025-09-19 04:00:00,0.37058902689296347,0.5208170139421308,0.45653727016456935,1,1,1,TQQQ,False,8.466902679865902,0.9,True,True,False,0.0,0.9,0.0,0.09999999999999998
2025-09-22 04:00:00,0.38155877447011716,0.5231571815817037,0.46961710717721117,1,1,1,TQQQ,False,6.984427672604456,0.9,False,False,False,0.0,0.9,0.0,0.09999999999999998
2025-09-23 04:00:00,0.30139580737997734,0.41764503687861165,0.3687755273770097,1,1,1,TQQQ,False,7.112881941447649,0.9,False,False,False,0.0,0.9,0.0,0.09999999999999998
2025-09-24 04:00:00,0.28696469627587073,0.3897816186148765,0.36772495811517336,1,1,1,TQQQ,False,7.237161546927365,0.9,False,False,False,0.0,0.9,0.0,0.09999999999999998
2025-09-25 04:00:00,0.2753259063252389,0.3914534092019797,0.3145797525711922,1,1,1,TQQQ,False,7.513080432453637,0.9,False,False,False,0.0,0.9,0.0,0.09999999999999998
2025-09-26 04:00:00,0.293068278813426,0.41402030907550613,0.35177423320499396,1,1,1,TQQQ,False,7.654416650666618,0.9,True,True,False,0.0,0.9,0.0,0.09999999999999998
2025-09-29 04:00:00,0.33255233258951233,0.4789588239762946,0.39194323942735576,1,1,1,TQQQ,False,7.217505653494148,0.9,False,False,False,0.0,0.9,0.0,0.09999999999999998
2025-09-30 04:00:00,0.3395035054933167,0.5125107367241463,0.39353134825289293,1,1,1,TQQQ,False,6.45056721408091,0.9,False,False,False,0.0,0.9,0.0,0.09999999999999998
2025-10-01 04:00:00,0.34622043382956086,0.5113722704819743,0.3846965742097894,1,1,1,TQQQ,False,6.347534928606356,0.9,False,False,False,0.0,0.9,0.0,0.09999999999999998
2025-10-02 04:00:00,0.32407983427964615,0.49301685270735396,0.3674972083045089,1,1,1,TQQQ,False,5.871682936227172,0.9,False,False,False,0.0,0.9,0.0,0.09999999999999998
2025-10-03 04:00:00,0.4360927914872629,0.619897184392606,0.5680032598134742,1,1,1,TQQQ,False,5.669027876259868,0.9,True,True,False,0.0,0.9,0.0,0.09999999999999998
2025-10-06 04:00:00,0.6093415594273804,0.8590812951795636,0.6970803383794751,1,1,1,TQQQ,False,5.703724102935589,0.9,False,False,False,0.0,0.9,0.0,0.09999999999999998
2025-10-07 04:00:00,0.585715814987529,0.8078358127445506,0.6498114368032447,1,1,1,TQQQ,False,6.014439303681041,0.9,False,False,False,0.0,0.9,0.0,0.09999999999999998
2025-10-08 04:00:00,0.6524150964262486,0.9336885588332267,0.7798894896720904,1,1,1,TQQQ,False,6.208993970293562,0.9,False,False,False,0.0,0.9,0.0,0.09999999999999998
2025-10-09 04:00:00,0.4187724849891101,0.6205392372319294,0.5612903002559678,1,1,1,TQQQ,False,5.863968265483354,0.9,False,False,True,0.0,0.0,0.0,1.0
2025-10-10 04:00:00,0.39455014321062143,0.5557042497494503,0.5076141618102737,1,1,1,TQQQ,False,11.566913398458192,0.9,True,True,False,0.0,0.9,0.0,0.09999999999999998
2025-10-13 04:00:00,0.4253611465911823,0.6013757602919524,0.633461518693221,1,1,1,URTY,False,12.705025444015813,0.9,False,False,False,0.0,0.0,0.9,0.09999999999999998
2025-10-14 04:00:00,0.3912851181782188,0.545248073800544,0.6528637666856305,1,1,1,URTY,False,12.702602776302104,0.9,False,False,False,0.0,0.0,0.9,0.09999999999999998
2025-10-15 04:00:00,0.40819725803785506,0.5638225729897902,0.6798171649976061,1,1,1,URTY,False,12.77696832361808,0.9,False,False,False,0.0,0.0,0.9,0.09999999999999998
2025-10-16 04:00:00,0.4325821579115213,0.6346108889541783,0.6083234228003291,1,1,1,TQQQ,False,12.92690812886366,0.9,False,False,False,0.0,0.9,0.0,0.09999999999999998
2025-10-17 04:00:00,0.4481654249131135,0.6542262729942732,0.5470644452502751,1,1,1,TQQQ,False,13.067297211660023,0.9,True,True,False,0.0,0.9,0.0,0.09999999999999998
2025-10-20 04:00:00,0.5536969469150874,0.8006601538264967,0.6858932262029815,1,1,1,TQQQ,False,13.483038640133405,0.9,False,False,False,0.0,0.9,0.0,0.09999999999999998
2025-10-21 04:00:00,0.47602093294458525,0.7105412952002892,0.568519339576684,1,1,1,TQQQ,False,13.309279892649933,0.9,False,False,False,0.0,0.9,0.0,0.09999999999999998
2025-10-22 04:00:00,0.4207016561155055,0.6001521566207242,0.485925224564011,1,1,1,TQQQ,False,13.405017516754105,0.9,False,False,False,0.0,0.9,0.0,0.09999999999999998
2025-10-23 04:00:00,0.396374431636262,0.5665195064616672,0.4959821544258555,1,1,1,TQQQ,False,13.390004014355043,0.9,False,False,False,0.0,0.9,0.0,0.09999999999999998
2025-10-24 04:00:00,0.41823437342031206,0.5861109623664487,0.558337016816265,1,1,1,TQQQ,False,13.530234090813611,0.9,True,True,False,0.0,0.9,0.0,0.09999999999999998
2025-10-27 04:00:00,0.46770420743635777,0.6713355166100511,0.569396828713652,1,1,1,TQQQ,False,14.039684906749184,0.9,False,False,False,0.0,0.9,0.0,0.09999999999999998
2025-10-28 04:00:00,0.4653975647612146,0.6864407604240794,0.5381474945073251,1,1,1,TQQQ,False,14.022862446892276,0.9,False,False,False,0.0,0.9,0.0,0.09999999999999998
2025-10-29 04:00:00,0.46987665534247736,0.7165299282178591,0.5286207766732818,1,1,1,TQQQ,False,14.01080119308798,0.9,False,False,False,0.0,0.9,0.0,0.09999999999999998
2025-10-30 04:00:00,0.4297061435297826,0.6349517369030921,0.5117102744076759,1,1,1,TQQQ,False,14.690687931284094,0.9,False,False,False,0.0,0.9,0.0,0.09999999999999998
2025-10-31 04:00:00,0.3899881113329433,0.5890845272057368,0.44949537900825626,1,1,1,TQQQ,False,14.712166628028717,0.9,True,True,False,0.0,0.9,0.0,0.09999999999999998
2025-11-03 05:00:00,0.4175523958156184,0.6413838504028161,0.43935776175913765,1,1,1,TQQQ,False,14.684679945843786,0.9,False,False,False,0.0,0.9,0.0,0.09999999999999998
2025-11-04 05:00:00,0.37118409553370857,0.5403278070929595,0.38731142183780765,1,1,1,TQQQ,False,15.296150461657,0.75,False,False,False,0.0,0.75,0.0,0.25
2025-11-05 05:00:00,0.38029221580447375,0.5588539215207385,0.4518785555188869,1,1,1,TQQQ,False,15.203243806823416,0.75,False,False,False,0.0,0.75,0.0,0.25
2025-11-06 05:00:00,0.3079646828284833,0.4282382052570372,0.3290023505136264,1,1,1,TQQQ,False,15.673733446294957,0.75,False,False,False,0.0,0.75,0.0,0.25
2025-11-07 05:00:00,0.3188167868958775,0.421109500240733,0.3575286979798842,1,1,1,TQQQ,False,11.992807979641073,0.9,True,True,False,0.0,0.9,0.0,0.09999999999999998
2025-11-10 05:00:00,0.3219324190568107,0.43421435587061796,0.3098298175486774,1,1,1,TQQQ,False,12.03326463576066,0.9,False,False,False,0.0,0.9,0.0,0.09999999999999998
2025-11-11 05:00:00,0.30395135446830934,0.3771676251178653,0.26330010095332423,1,1,1,TQQQ,False,11.996413535990639,0.9,False,False,False,0.0,0.9,0.0,0.09999999999999998
2025-11-12 05:00:00,0.3044400205253246,0.3675373994902652,0.28070229177042233,1,1,1,TQQQ,False,11.952429395784813,0.9,False,False,False,0.0,0.9,0.0,0.09999999999999998
2025-11-13 05:00:00,0.23148628649610262,0.2834474839650797,0.1632789448730733,1,1,1,TQQQ,False,13.273007934259587,0.9,False,False,False,0.0,0.9,0.0,0.09999999999999998
2025-11-14 05:00:00,0.22471596607293046,0.28118531745946673,0.16644903355631366,1,1,1,TQQQ,False,13.154996919077922,0.9,True,True,False,0.0,0.9,0.0,0.09999999999999998
2025-11-17 05:00:00,0.1925202295909134,0.26175165494271935,0.11667652363073186,1,1,1,TQQQ,False,13.067658056564097,0.9,False,False,False,0.0,0.9,0.0,0.09999999999999998
2025-11-18 05:00:00,0.16549555114365244,0.2226881200804942,0.12098310542900204,1,1,1,TQQQ,False,13.371095775359915,0.9,False,False,False,0.0,0.9,0.0,0.09999999999999998
2025-11-19 05:00:00,0.2134391200655454,0.2770294550068574,0.16787113546085464,1,1,1,TQQQ,False,13.363315562711762,0.9,False,False,False,0.0,0.9,0.0,0.09999999999999998
2025-11-20 05:00:00,0.14138369172348142,0.16887808164012003,0.06794476603946298,1,1,1,TQQQ,False,14.133752125191142,0.9,False,False,False,0.0,0.9,0.0,0.09999999999999998
2025-11-21 05:00:00,0.189568499705203,0.21112737296911088,0.17051950147906733,1,1,1,TQQQ,False,14.307840435413766,0.9,True,True,False,0.0,0.9,0.0,0.09999999999999998
2025-11-24 05:00:00,0.19659460684691102,0.249972310660186,0.17358968405177733,1,1,1,TQQQ,False,14.695442490010699,0.9,False,False,False,0.0,0.9,0.0,0.09999999999999998
2025-11-25 05:00:00,0.23084291728239575,0.26958833055475784,0.25940561698303866,1,1,1,TQQQ,False,15.118246291621789,0.75,False,False,False,0.0,0.75,0.0,0.25
2025-11-26 05:00:00,0.24291346228389585,0.28649022476050817,0.28858019107331323,1,1,1,URTY,False,15.362621863053027,0.75,False,False,False,0.0,0.0,0.75,0.25
2025-11-28 05:00:00,0.2734225481589232,0.3357512681254718,0.3327954493852836,1,1,1,TQQQ,False,14.97964684849277,0.9,True,True,False,0.0,0.9,0.0,0.09999999999999998
2025-12-01 05:00:00,0.2630898777557541,0.3287508198072868,0.28855793155664833,1,1,1,TQQQ,False,15.03165811618072,0.75,False,False,False,0.0,0.75,0.0,0.25
2025-12-02 05:00:00,0.2505526260028249,0.33038769177942745,0.2500558288604909,1,1,1,TQQQ,False,15.03123640376844,0.75,False,False,False,0.0,0.75,0.0,0.25
2025-12-03 05:00:00,0.2513269254567075,0.31863051633837286,0.30870976677793316,1,1,1,TQQQ,False,14.411893346512938,0.9,False,False,False,0.0,0.9,0.0,0.09999999999999998
2025-12-04 05:00:00,0.27419743858280554,0.339636335780951,0.34704678389051463,1,1,1,URTY,False,14.374330732841315,0.9,False,False,True,0.0,0.0,0.0,1.0
2025-12-05 05:00:00,0.25783170982281617,0.3263256724546912,0.28799558159388045,1,1,1,TQQQ,False,13.746554194443924,0.9,True,True,True,0.0,0.0,0.0,1.0
2025-12-08 05:00:00,0.24854350941874473,0.3235704863519398,0.29690349185942655,1,1,1,TQQQ,False,13.826399916545547,0.9,False,False,True,0.0,0.0,0.0,1.0
2025-12-09 05:00:00,0.23109935060736256,0.31776306552494255,0.29413676148674067,1,1,1,TQQQ,False,12.704998446798713,0.9,False,False,False,0.0,0.9,0.0,0.09999999999999998
2025-12-10 05:00:00,0.2397742652389553,0.3184218773174359,0.3226317551863163,1,1,1,URTY,False,12.894199808866988,0.9,False,False,False,0.0,0.0,0.9,0.09999999999999998
2025-12-11 05:00:00,0.2405493753910674,0.29659780639568156,0.39160221310204624,1,1,1,URTY,False,12.91299186071214,0.9,False,False,False,0.0,0.0,0.9,0.09999999999999998
2025-12-12 05:00:00,0.21281115711127352,0.2344120245329909,0.3604833453243547,1,1,1,URTY,False,12.026137786052574,0.9,True,True,False,0.0,0.0,0.9,0.09999999999999998
2025-12-15 05:00:00,0.20332586250667503,0.20520843372923137,0.33845791002801057,1,1,1,URTY,False,12.049130468880348,0.9,False,False,False,0.0,0.0,0.9,0.09999999999999998
2025-12-16 05:00:00,0.20987146389656422,0.23195014392097776,0.32116949106533893,1,1,1,URTY,False,11.540705944366593,0.9,False,False,False,0.0,0.0,0.9,0.09999999999999998
2025-12-17 05:00:00,0.1701323409364123,0.15790782547683807,0.2535456714482957,1,1,1,URTY,False,11.8551709052234,0.9,False,False,False,0.0,0.0,0.9,0.09999999999999998
2025-12-18 05:00:00,0.2084672426835605,0.214943792219778,0.2871673346422789,1,1,1,URTY,False,12.049086101012584,0.9,False,False,False,0.0,0.0,0.9,0.09999999999999998
2025-12-19 05:00:00,0.20520053649549252,0.2361089531624136,0.2893373913480715,1,1,1,URTY,False,10.500550437142627,0.9,True,True,False,0.0,0.0,0.9,0.09999999999999998
2025-12-22 05:00:00,0.226717581925779,0.24770725660018758,0.32639221587123823,1,1,1,URTY,False,10.210913312074567,0.9,False,False,False,0.0,0.0,0.9,0.09999999999999998
2025-12-23 05:00:00,0.24004717751861704,0.2601703731606831,0.31649113876104645,1,1,1,URTY,False,9.1018672819944,0.9,False,False,False,0.0,0.0,0.9,0.09999999999999998
2025-12-24 05:00:00,0.23656043158289417,0.2442584209375828,0.2970956669431164,1,1,1,URTY,False,8.646460117969914,0.9,False,False,False,0.0,0.0,0.9,0.09999999999999998
2025-12-26 05:00:00,0.21422377422617295,0.228717787562348,0.25136405857724714,1,1,1,URTY,False,8.380575792224697,0.9,True,True,False,0.0,0.0,0.9,0.09999999999999998
2025-12-29 05:00:00,0.18551616515068717,0.18872591747487436,0.21890394195329665,1,1,1,URTY,False,8.325643096542832,0.9,False,False,False,0.0,0.0,0.9,0.09999999999999998
2025-12-30 05:00:00,0.1734877238399531,0.1862366172735941,0.16946409083729475,1,1,1,TQQQ,False,8.1471004686746,0.9,False,False,False,0.0,0.9,0.0,0.09999999999999998
2025-12-31 05:00:00,0.1388151779215238,0.14171600430936226,0.1262510600055768,1,1,1,TQQQ,False,8.594997399330158,0.9,False,False,False,0.0,0.9,0.0,0.09999999999999998
2026-01-02 05:00:00,0.13045243907634374,0.11039387134635378,0.1410342982104263,1,1,1,URTY,False,8.528190949064902,0.9,True,True,False,0.0,0.0,0.9,0.09999999999999998
2026-01-05 05:00:00,0.1628478133887164,0.152935781072411,0.20062875104036706,1,1,1,URTY,False,8.852707495851607,0.9,False,False,False,0.0,0.0,0.9,0.09999999999999998
2026-01-06 05:00:00,0.17939907651139347,0.17348022148054518,0.22557399644649526,1,1,1,URTY,False,9.066299182211997,0.9,False,False,False,0.0,0.0,0.9,0.09999999999999998
2026-01-07 05:00:00,0.1621428154424033,0.1696704187250942,0.21556680231572692,1,1,1,URTY,False,9.077732016399032,0.9,False,False,False,0.0,0.0,0.9,0.09999999999999998
2026-01-08 05:00:00,0.15162507276087567,0.13914855763463269,0.23235450410193204,1,1,1,URTY,False,9.067152820971353,0.9,False,False,False,0.0,0.0,0.9,0.09999999999999998
2026-01-09 05:00:00,0.18449264998810772,0.17773198524917727,0.29322908700729355,1,1,1,URTY,False,9.065472106305247,0.9,True,True,False,0.0,0.0,0.9,0.09999999999999998
2026-01-12 05:00:00,0.22154388898607147,0.22125187712019523,0.33750411044217266,1,1,1,URTY,False,9.049057471757079,0.9,False,False,False,0.0,0.0,0.9,0.09999999999999998
2026-01-13 05:00:00,0.19889525788766377,0.18819276938335688,0.3260127510667665,1,1,1,URTY,False,8.095297563823447,0.9,False,False,False,0.0,0.0,0.9,0.09999999999999998
2026-01-14 05:00:00,0.18423386388961382,0.16893711386063537,0.32503607493483366,1,1,1,URTY,False,8.316158593326575,0.9,False,False,False,0.0,0.0,0.9,0.09999999999999998
2026-01-15 05:00:00,0.17930695402497354,0.16293557432566955,0.3269174916506887,1,1,1,URTY,False,8.241287058620047,0.9,False,False,False,0.0,0.0,0.9,0.09999999999999998
2026-01-16 05:00:00,0.1884958308269012,0.16511103028498195,0.3815766403491932,1,1,1,URTY,False,6.971534998058767,0.9,True,True,False,0.0,0.0,0.9,0.09999999999999998
2026-01-20 05:00:00,0.11275855259937653,0.08699145517853105,0.3571162629448429,1,1,1,URTY,False,10.095393000753898,0.9,False,False,False,0.0,0.0,0.9,0.09999999999999998
2026-01-21 05:00:00,0.10706800655905113,0.08433543003020626,0.33626303635071497,1,1,1,URTY,False,9.935524563229778,0.9,False,False,False,0.0,0.0,0.9,0.09999999999999998
